{"@type": "ItemList", "@context": {"@vocab": "http://schema.org/", "detailedDescription": "goog:detailedDescription", "resultScore": "goog:resultScore", "kg": "http://g.co/kg", "EntitySearchResult": "goog:EntitySearchResult", "goog": "http://schema.googleapis.com/"}, "itemListElement": [{"@type": "EntitySearchResult", "result": {"description": "American journalist", "@type": ["Person", "Thing"], "name": "Connie Chung", "detailedDescription": {"license": "https://en.wikipedia.org/wiki/Wikipedia:Text_of_Creative_Commons_Attribution-ShareAlike_3.0_Unported_License", "url": "https://en.wikipedia.org/wiki/Connie_Chung", "articleBody": "Constance Yu-Hwa Chung is an American journalist. She has been an anchor and reporter for the U.S. television news networks NBC, CBS, ABC, CNN, and MSNBC. Some of her more famous interview subjects include Claus von B\u00fclow and U.S. "}, "image": {"url": "https://commons.wikimedia.org/wiki/File:ConnieChungByPhilKonstantin.jpg", "contentUrl": "http://t0.gstatic.com/images?q=tbn:ANd9GcSLyIYMd4y-4X091YGAFKI16VhAc87q7OI03jGToYZzu97TQF99"}, "@id": "kg:/m/011zfz"}, "resultScore": 18.43379}]}