{"@type": "ItemList", "@context": {"@vocab": "http://schema.org/", "detailedDescription": "goog:detailedDescription", "resultScore": "goog:resultScore", "kg": "http://g.co/kg", "EntitySearchResult": "goog:EntitySearchResult", "goog": "http://schema.googleapis.com/"}, "itemListElement": [{"@type": "EntitySearchResult", "result": {"description": "American author", "@type": ["Thing", "Person"], "name": "Norman Spinrad", "detailedDescription": {"license": "https://en.wikipedia.org/wiki/Wikipedia:Text_of_Creative_Commons_Attribution-ShareAlike_3.0_Unported_License", "url": "https://en.wikipedia.org/wiki/Norman_Spinrad", "articleBody": "Norman Richard Spinrad is an American science fiction author, essayist, and critic. His fiction has won the Prix Apollo and been nominated for numerous awards, including the Hugo Award and multiple Nebula Awards."}, "image": {"url": "https://en.wikipedia.org/wiki/Norman_Spinrad", "contentUrl": "http://t3.gstatic.com/images?q=tbn:ANd9GcS4WCVUTOtmlNC8H_AgofuQIXu_XwcvSxORQNgO0uWNotf_Dpin"}, "@id": "kg:/m/0120mb"}, "resultScore": 14.242092}]}