{"@type": "ItemList", "@context": {"@vocab": "http://schema.org/", "detailedDescription": "goog:detailedDescription", "resultScore": "goog:resultScore", "kg": "http://g.co/kg", "EntitySearchResult": "goog:EntitySearchResult", "goog": "http://schema.googleapis.com/"}, "itemListElement": [{"@type": "EntitySearchResult", "result": {"description": "Actress", "@id": "kg:/m/012czd", "name": "Joan Greenwood", "detailedDescription": {"license": "https://en.wikipedia.org/wiki/Wikipedia:Text_of_Creative_Commons_Attribution-ShareAlike_3.0_Unported_License", "url": "https://en.wikipedia.org/wiki/Joan_Greenwood", "articleBody": "Joan Greenwood was an English actress. Her husky voice, coupled with her slow, precise elocution, was her trademark. She is perhaps best remembered for her role as Sibella in Kind Hearts and Coronets. "}, "@type": ["Thing", "Person"]}, "resultScore": 15.305373}]}