{"@type": "ItemList", "@context": {"@vocab": "http://schema.org/", "detailedDescription": "goog:detailedDescription", "resultScore": "goog:resultScore", "kg": "http://g.co/kg", "EntitySearchResult": "goog:EntitySearchResult", "goog": "http://schema.googleapis.com/"}, "itemListElement": [{"@type": "EntitySearchResult", "result": {"url": "http://mikeshinoda.com/", "description": "Musician", "@type": ["Thing", "Person"], "name": "Mike Shinoda", "detailedDescription": {"license": "https://en.wikipedia.org/wiki/Wikipedia:Text_of_Creative_Commons_Attribution-ShareAlike_3.0_Unported_License", "url": "https://en.wikipedia.org/wiki/Mike_Shinoda", "articleBody": "Michael Kenji Shinoda is an American musician, singer, songwriter, rapper, record producer, and graphic designer. He co-founded Linkin Park in 1996 and is the band's rhythm guitarist, primary songwriter, keyboardist, producer, and lead vocalist. "}, "image": {"url": "https://simple.wikipedia.org/wiki/Mike_Shinoda", "contentUrl": "http://t1.gstatic.com/images?q=tbn:ANd9GcTu8KxG2kinegU6A1UPFnVbhV7T9PwenuLzwpovrrevMRI4--QO"}, "@id": "kg:/m/012hqb"}, "resultScore": 22.057673}]}