{"@type": "ItemList", "@context": {"@vocab": "http://schema.org/", "detailedDescription": "goog:detailedDescription", "resultScore": "goog:resultScore", "kg": "http://g.co/kg", "EntitySearchResult": "goog:EntitySearchResult", "goog": "http://schema.googleapis.com/"}, "itemListElement": [{"@type": "EntitySearchResult", "result": {"description": "American film actor", "@type": ["Thing", "Person"], "name": "Monty Woolley", "detailedDescription": {"license": "https://en.wikipedia.org/wiki/Wikipedia:Text_of_Creative_Commons_Attribution-ShareAlike_3.0_Unported_License", "url": "https://en.wikipedia.org/wiki/Monty_Woolley", "articleBody": "Edgar Montilion \"Monty\" Woolley was an American stage, film, radio, and television actor. At the age of 50, he achieved a measure of stardom for his best-known role in the stage play and 1942 film The Man Who Came to Dinner. "}, "image": {"url": "https://en.wikipedia.org/wiki/Monty_Woolley", "contentUrl": "http://t0.gstatic.com/images?q=tbn:ANd9GcRLTMiTNkP8I5Oq4O6_nxQOHnr5hqOX1zQdKngWSZCInIBe0m8m"}, "@id": "kg:/m/012j9c"}, "resultScore": 15.71836}]}