{"@type": "ItemList", "@context": {"@vocab": "http://schema.org/", "detailedDescription": "goog:detailedDescription", "resultScore": "goog:resultScore", "kg": "http://g.co/kg", "EntitySearchResult": "goog:EntitySearchResult", "goog": "http://schema.googleapis.com/"}, "itemListElement": [{"@type": "EntitySearchResult", "result": {"description": "British travel writer", "@id": "kg:/m/012kk4", "name": "Peter Fleming", "detailedDescription": {"license": "https://en.wikipedia.org/wiki/Wikipedia:Text_of_Creative_Commons_Attribution-ShareAlike_3.0_Unported_License", "url": "https://en.wikipedia.org/wiki/Peter_Fleming_(writer)", "articleBody": "Lieutenant Colonel Robert Peter Fleming OBE DL was a British adventurer, soldier and travel writer. He was the elder brother of Ian Fleming, creator of James Bond."}, "@type": ["Person", "Thing"]}, "resultScore": 14.303859}]}