{"@type": "ItemList", "@context": {"@vocab": "http://schema.org/", "detailedDescription": "goog:detailedDescription", "resultScore": "goog:resultScore", "kg": "http://g.co/kg", "EntitySearchResult": "goog:EntitySearchResult", "goog": "http://schema.googleapis.com/"}, "itemListElement": [{"@type": "EntitySearchResult", "result": {"description": "Malaysian actress", "@type": ["Person", "Thing"], "name": "Michelle Yeoh", "detailedDescription": {"license": "https://en.wikipedia.org/wiki/Wikipedia:Text_of_Creative_Commons_Attribution-ShareAlike_3.0_Unported_License", "url": "https://en.wikipedia.org/wiki/Michelle_Yeoh", "articleBody": "Tan Sri Dato' Seri Michelle Yeoh Choo-Kheng, better known by her stage name Michelle Yeoh, is a Malaysian actress who rose to fame with frequent roles in 1990s Hong Kong action films, and is best known internationally for her roles in the 1997 James Bond film Tomorrow Never Dies, and the Chinese-language martial arts film Crouching Tiger, Hidden Dragon.\n"}, "image": {"url": "https://commons.wikimedia.org/wiki/File:Michelle_Yeoh_Cannes_2.jpg", "contentUrl": "http://t3.gstatic.com/images?q=tbn:ANd9GcTChkHv3crp2DJQ3fWtrLND5dcRrNLa5pC6PpWNc1IyYj3r8Ilt"}, "@id": "kg:/m/012ykt"}, "resultScore": 21.158247}]}