{"@type": "ItemList", "@context": {"@vocab": "http://schema.org/", "detailedDescription": "goog:detailedDescription", "resultScore": "goog:resultScore", "kg": "http://g.co/kg", "EntitySearchResult": "goog:EntitySearchResult", "goog": "http://schema.googleapis.com/"}, "itemListElement": [{"@type": "EntitySearchResult", "result": {"url": "http://www.jonanderson.com/", "description": "Singer-songwriter", "@type": ["Thing", "Person"], "name": "Jon Anderson", "detailedDescription": {"license": "https://en.wikipedia.org/wiki/Wikipedia:Text_of_Creative_Commons_Attribution-ShareAlike_3.0_Unported_License", "url": "https://en.wikipedia.org/wiki/Jon_Anderson", "articleBody": "John Roy Anderson, known professionally as Jon Anderson, is an English singer, songwriter, and multi-instrumentalist best known as the lead singer of the progressive rock band Yes, which he co-founded in 1968 with bassist Chris Squire. "}, "image": {"url": "https://commons.wikimedia.org/wiki/File:Jon_Anderson_with_ukulele_2.jpg", "contentUrl": "http://t0.gstatic.com/images?q=tbn:ANd9GcRepG9Nr0HhsPzAV_OYiW96M2KEh7Yz9IsFJsFPooxYqEcsSyTb"}, "@id": "kg:/m/0130sy"}, "resultScore": 20.010759}]}