{"@type": "ItemList", "@context": {"@vocab": "http://schema.org/", "detailedDescription": "goog:detailedDescription", "resultScore": "goog:resultScore", "kg": "http://g.co/kg", "EntitySearchResult": "goog:EntitySearchResult", "goog": "http://schema.googleapis.com/"}, "itemListElement": [{"@type": "EntitySearchResult", "result": {"description": "Japanese author", "@id": "kg:/m/01333r", "name": "Ai Yazawa", "detailedDescription": {"license": "https://en.wikipedia.org/wiki/Wikipedia:Text_of_Creative_Commons_Attribution-ShareAlike_3.0_Unported_License", "url": "https://en.wikipedia.org/wiki/Ai_Yazawa", "articleBody": "Ai Yazawa is a Japanese manga author. Her pen name comes from Japanese singer Eikichi Yazawa, of whom she is a fan."}, "@type": ["Person", "Thing"]}, "resultScore": 17.358074}]}