{"@type": "ItemList", "@context": {"@vocab": "http://schema.org/", "detailedDescription": "goog:detailedDescription", "resultScore": "goog:resultScore", "kg": "http://g.co/kg", "EntitySearchResult": "goog:EntitySearchResult", "goog": "http://schema.googleapis.com/"}, "itemListElement": [{"@type": "EntitySearchResult", "result": {"description": "Actress", "@type": ["Thing", "Person"], "name": "Jessica Hynes", "detailedDescription": {"license": "https://en.wikipedia.org/wiki/Wikipedia:Text_of_Creative_Commons_Attribution-ShareAlike_3.0_Unported_License", "url": "https://en.wikipedia.org/wiki/Jessica_Hynes", "articleBody": "Tallulah Jessica Elina Hynes is an English actress and writer. Known professionally as Jessica Stevenson until 2007, she was one of the creators, writers and stars of the British sitcom Spaced and has worked as a writer and actress for over two decades.\n"}, "image": {"url": "https://commons.wikimedia.org/wiki/File:Jessica_Hynes.jpg", "contentUrl": "http://t0.gstatic.com/images?q=tbn:ANd9GcRHuBM6QNEaK2t_3vw0z_01T6cRXjhtMRcGp0we3jzplG8rvimS"}, "@id": "kg:/m/013bym"}, "resultScore": 18.160618}]}