{"@type": "ItemList", "@context": {"@vocab": "http://schema.org/", "detailedDescription": "goog:detailedDescription", "resultScore": "goog:resultScore", "kg": "http://g.co/kg", "EntitySearchResult": "goog:EntitySearchResult", "goog": "http://schema.googleapis.com/"}, "itemListElement": [{"@type": "EntitySearchResult", "result": {"url": "http://www.ornettecoleman.com/", "description": "American saxophonist", "@type": ["Thing", "Person"], "name": "Ornette Coleman", "detailedDescription": {"license": "https://en.wikipedia.org/wiki/Wikipedia:Text_of_Creative_Commons_Attribution-ShareAlike_3.0_Unported_License", "url": "https://en.wikipedia.org/wiki/Ornette_Coleman", "articleBody": "Randolph Denard Ornette Coleman was an American jazz saxophonist, violinist, trumpeter, and composer. In the 1960s, he was one of the founders of free jazz, a term he invented for his album Free Jazz: A Collective Improvisation. "}, "image": {"url": "https://commons.wikimedia.org/wiki/File:Ornette-coleman_06N7082.jpg", "contentUrl": "http://t3.gstatic.com/images?q=tbn:ANd9GcR_hVcITG7QGaJ4lxP7dpQGtrRI4D_kPMJRzaJiNP3j242LhcgN"}, "@id": "kg:/m/013zm7"}, "resultScore": 19.630091}]}