{"@type": "ItemList", "@context": {"@vocab": "http://schema.org/", "detailedDescription": "goog:detailedDescription", "resultScore": "goog:resultScore", "kg": "http://g.co/kg", "EntitySearchResult": "goog:EntitySearchResult", "goog": "http://schema.googleapis.com/"}, "itemListElement": [{"@type": "EntitySearchResult", "result": {"url": "http://singyoursongthemovie.com", "description": "American singer", "@type": ["Thing", "Person"], "name": "Harry Belafonte", "detailedDescription": {"license": "https://en.wikipedia.org/wiki/Wikipedia:Text_of_Creative_Commons_Attribution-ShareAlike_3.0_Unported_License", "url": "https://en.wikipedia.org/wiki/Harry_Belafonte", "articleBody": "Harry Belafonte is an American singer, songwriter, activist and actor. One of the most successful Jamaican-American pop stars in history, he was dubbed the \"King of Calypso\" for popularizing the Caribbean musical style with an international audience in the 1950s. "}, "image": {"url": "https://commons.wikimedia.org/wiki/File:Harry_Belafonte_2011_Shankbone.JPG", "contentUrl": "http://t3.gstatic.com/images?q=tbn:ANd9GcQbIhl6ioebEg1c-moWqZQGeBKHh075DxiIqx-hIWX_2EVdUafO"}, "@id": "kg:/m/014488"}, "resultScore": 24.387566}]}