{"@type": "ItemList", "@context": {"@vocab": "http://schema.org/", "detailedDescription": "goog:detailedDescription", "resultScore": "goog:resultScore", "kg": "http://g.co/kg", "EntitySearchResult": "goog:EntitySearchResult", "goog": "http://schema.googleapis.com/"}, "itemListElement": [{"@type": "EntitySearchResult", "result": {"description": "American professional boxer", "@type": ["Person", "Thing"], "name": "Rocky Marciano", "detailedDescription": {"license": "https://en.wikipedia.org/wiki/Wikipedia:Text_of_Creative_Commons_Attribution-ShareAlike_3.0_Unported_License", "url": "https://en.wikipedia.org/wiki/Rocky_Marciano", "articleBody": "Rocco Francis Marchegiano, best known as Rocky Marciano, was an American professional boxer who competed from 1947 to 1955. He held the world heavyweight title from 1952 to 1956, and retired undefeated as champion. "}, "image": {"url": "https://commons.wikimedia.org/wiki/File:Rocco_Francis_Marchegiano.jpg", "contentUrl": "http://t2.gstatic.com/images?q=tbn:ANd9GcSrvQgn1yeG266-rCBMEAL61ZnM-R_v3Y3jkEpZzZJZRGyT37kG"}, "@id": "kg:/m/0148sl"}, "resultScore": 20.939314}]}