{"@type": "ItemList", "@context": {"@vocab": "http://schema.org/", "detailedDescription": "goog:detailedDescription", "resultScore": "goog:resultScore", "kg": "http://g.co/kg", "EntitySearchResult": "goog:EntitySearchResult", "goog": "http://schema.googleapis.com/"}, "itemListElement": [{"@type": "EntitySearchResult", "result": {"description": "American actress", "@type": ["Person", "Thing"], "name": "Mary Steenburgen", "detailedDescription": {"license": "https://en.wikipedia.org/wiki/Wikipedia:Text_of_Creative_Commons_Attribution-ShareAlike_3.0_Unported_License", "url": "https://en.wikipedia.org/wiki/Mary_Steenburgen", "articleBody": "Mary Nell Steenburgen is an American actress and singer. She won the Academy Award for Best Supporting Actress and Golden Globe Award for Best Supporting Actress for playing the role of Lynda Dummar in Jonathan Demme's 1980 film Melvin and Howard.\n"}, "image": {"url": "https://commons.wikimedia.org/wiki/File:MarySteenburgenDec09.jpg", "contentUrl": "http://t1.gstatic.com/images?q=tbn:ANd9GcSAjfOauA1y1669TgM3KIKbf-KD-r0P_GWlFlDn4zf08hCvIPUq"}, "@id": "kg:/m/014g22"}, "resultScore": 22.173027}]}