{"@type": "ItemList", "@context": {"@vocab": "http://schema.org/", "detailedDescription": "goog:detailedDescription", "resultScore": "goog:resultScore", "kg": "http://g.co/kg", "EntitySearchResult": "goog:EntitySearchResult", "goog": "http://schema.googleapis.com/"}, "itemListElement": [{"@type": "EntitySearchResult", "result": {"url": "http://kimdealmusic.com/", "description": "American singer", "@type": ["Person", "Thing"], "name": "Kim Deal", "detailedDescription": {"license": "https://en.wikipedia.org/wiki/Wikipedia:Text_of_Creative_Commons_Attribution-ShareAlike_3.0_Unported_License", "url": "https://en.wikipedia.org/wiki/Kim_Deal", "articleBody": "Kimberley Ann Deal is an American singer-songwriter and musician. She first rose to prominence in the music world as bassist and co-vocalist in the influential alternative rock band Pixies, before going on to form her own band The Breeders in 1989.\n"}, "image": {"url": "https://commons.wikimedia.org/wiki/File:KimDeal2010.jpg", "contentUrl": "http://t2.gstatic.com/images?q=tbn:ANd9GcQnT1-XW7G_TawxSAY4koVRBB6lFt8t7G28kBzSYFclrzHJ7zxR"}, "@id": "kg:/m/014hlm"}, "resultScore": 17.822935}]}