{"@type": "ItemList", "@context": {"@vocab": "http://schema.org/", "detailedDescription": "goog:detailedDescription", "resultScore": "goog:resultScore", "kg": "http://g.co/kg", "EntitySearchResult": "goog:EntitySearchResult", "goog": "http://schema.googleapis.com/"}, "itemListElement": [{"@type": "EntitySearchResult", "result": {"description": "Actress", "@type": ["Person", "Thing"], "name": "Prunella Scales", "detailedDescription": {"license": "https://en.wikipedia.org/wiki/Wikipedia:Text_of_Creative_Commons_Attribution-ShareAlike_3.0_Unported_License", "url": "https://en.wikipedia.org/wiki/Prunella_Scales", "articleBody": "Prunella Margaret Scales CBE, is an English actress best known for her role as Basil Fawlty's wife Sybil in the BBC comedy Fawlty Towers and her BAFTA award-nominated role as Queen Elizabeth II in A Question of Attribution by Alan Bennett."}, "image": {"url": "https://en.wikipedia.org/wiki/Prunella_Scales", "contentUrl": "http://t0.gstatic.com/images?q=tbn:ANd9GcQClmxGTPXO81llUzgvUvQJZkPcMVyqt65XZa9ysTsjvTHEy6Ic"}, "@id": "kg:/m/014r6r"}, "resultScore": 18.458061}]}