{"@type": "ItemList", "@context": {"@vocab": "http://schema.org/", "detailedDescription": "goog:detailedDescription", "resultScore": "goog:resultScore", "kg": "http://g.co/kg", "EntitySearchResult": "goog:EntitySearchResult", "goog": "http://schema.googleapis.com/"}, "itemListElement": [{"@type": "EntitySearchResult", "result": {"description": "Author", "@type": ["Thing", "Person"], "name": "Bernard Francis Law", "detailedDescription": {"license": "https://en.wikipedia.org/wiki/Wikipedia:Text_of_Creative_Commons_Attribution-ShareAlike_3.0_Unported_License", "url": "https://en.wikipedia.org/wiki/Bernard_Francis_Law", "articleBody": "Bernard Francis Law was an American cardinal of the Roman Catholic Church. He was Archbishop emeritus of Boston, former archpriest of the Basilica di Santa Maria Maggiore, and Cardinal Priest of Santa Susanna, which was the American Catholic church in Rome.\n"}, "image": {"url": "https://en.wikipedia.org/wiki/Bernard_Francis_Law", "contentUrl": "http://t1.gstatic.com/images?q=tbn:ANd9GcQLYZuJpDGNskAhUjppqRoZFrVxXhvqd-l2nVpVRwoOqepZ4G6h"}, "@id": "kg:/m/014sjl"}, "resultScore": 16.564709}]}