{"@type": "ItemList", "@context": {"@vocab": "http://schema.org/", "detailedDescription": "goog:detailedDescription", "resultScore": "goog:resultScore", "kg": "http://g.co/kg", "EntitySearchResult": "goog:EntitySearchResult", "goog": "http://schema.googleapis.com/"}, "itemListElement": [{"@type": "EntitySearchResult", "result": {"description": "American actress", "@type": ["Thing", "Person"], "name": "Haylie Duff", "detailedDescription": {"license": "https://en.wikipedia.org/wiki/Wikipedia:Text_of_Creative_Commons_Attribution-ShareAlike_3.0_Unported_License", "url": "https://en.wikipedia.org/wiki/Haylie_Duff", "articleBody": "Haylie Katherine Duff is an American actress, singer, songwriter, television host, writer, and fashion designer. She is best known for her role as Sandy Jameson in the television series 7th Heaven, Amy Sanders in Lizzie McGuire, Summer Wheatley in Napoleon Dynamite, and Annie Nelson in the made-for-television films Love Takes Wing along with its sequel Love Finds a Home. "}, "image": {"url": "https://commons.wikimedia.org/wiki/File:Haylie_Duff_by_David_Shankbone_2.jpg", "contentUrl": "http://t3.gstatic.com/images?q=tbn:ANd9GcSrIE-5EmOdqRICnk19M5oxY0UB_z9eBwszwIGSBvU1NI_hmkYn"}, "@id": "kg:/m/014v6x"}, "resultScore": 19.916826}]}