{"@type": "ItemList", "@context": {"@vocab": "http://schema.org/", "detailedDescription": "goog:detailedDescription", "resultScore": "goog:resultScore", "kg": "http://g.co/kg", "EntitySearchResult": "goog:EntitySearchResult", "goog": "http://schema.googleapis.com/"}, "itemListElement": [{"@type": "EntitySearchResult", "result": {"url": "http://www.ednita.com/", "description": "Puerto Rican musician", "@type": ["Person", "Thing"], "name": "Ednita Nazario", "detailedDescription": {"license": "https://en.wikipedia.org/wiki/Wikipedia:Text_of_Creative_Commons_Attribution-ShareAlike_3.0_Unported_License", "url": "https://en.wikipedia.org/wiki/Ednita_Nazario", "articleBody": "Edna Mar\u00eda Nazario Figueroa is a Puerto Rican musician, singer, songwriter and actress who has achieved stardom both at home and abroad. She has been in the music business from a young age, and has released over 28 albums throughout her career."}, "image": {"url": "https://commons.wikimedia.org/wiki/File:DSC00629X_-_Bust_of_Ednita_Nazario_in_Barrio_San_Anton_in_Ponce,_PR.jpg", "contentUrl": "http://t2.gstatic.com/images?q=tbn:ANd9GcSpOLc2S-HhsqnmVj5f0GlfRrnjXh9Ml2m1H-fTzs3Y1c1vRDy7"}, "@id": "kg:/m/014x0w"}, "resultScore": 17.392122}]}