{"@type": "ItemList", "@context": {"@vocab": "http://schema.org/", "detailedDescription": "goog:detailedDescription", "resultScore": "goog:resultScore", "kg": "http://g.co/kg", "EntitySearchResult": "goog:EntitySearchResult", "goog": "http://schema.googleapis.com/"}, "itemListElement": [{"@type": "EntitySearchResult", "result": {"description": "Belgian racing driver", "@type": ["Thing", "Person"], "name": "Jacky Ickx", "detailedDescription": {"license": "https://en.wikipedia.org/wiki/Wikipedia:Text_of_Creative_Commons_Attribution-ShareAlike_3.0_Unported_License", "url": "https://en.wikipedia.org/wiki/Jacky_Ickx", "articleBody": "Jacques Bernard \"Jacky\" Ickx is a Belgian former racing driver who won the 24 Hours of Le Mans six times, achieved eight wins and 25 podium finishes in Formula One. He also won the Can-Am Championship in 1979 and is a former winner of the Dakar Rally.\n"}, "image": {"url": "https://commons.wikimedia.org/wiki/File:Anefo_924-6613_Jacky_Ickx,_Zandvoort_18.06.1971.jpg", "contentUrl": "http://t0.gstatic.com/images?q=tbn:ANd9GcRjPTl5PJYAG32INYX_2YPviVj1nAyzHamcmv8v3POVcyGMiydN"}, "@id": "kg:/m/0153v9"}, "resultScore": 20.277697}]}