{"@type": "ItemList", "@context": {"@vocab": "http://schema.org/", "detailedDescription": "goog:detailedDescription", "resultScore": "goog:resultScore", "kg": "http://g.co/kg", "EntitySearchResult": "goog:EntitySearchResult", "goog": "http://schema.googleapis.com/"}, "itemListElement": [{"@type": "EntitySearchResult", "result": {"description": "Australian actress", "@type": ["Person", "Thing"], "name": "Cate Blanchett", "detailedDescription": {"license": "https://en.wikipedia.org/wiki/Wikipedia:Text_of_Creative_Commons_Attribution-ShareAlike_3.0_Unported_License", "url": "https://en.wikipedia.org/wiki/Cate_Blanchett", "articleBody": "Catherine Elise Blanchett, AC is an Australian actress and theatre director. She has received many accolades, including two Academy Awards, three Golden Globe Awards, and three BAFTA Awards. "}, "image": {"url": "https://commons.wikimedia.org/wiki/File:Cate_Blanchett_2011.jpg", "contentUrl": "http://t1.gstatic.com/images?q=tbn:ANd9GcQih-m-nt30PTFCLdxcNysi7K7ks-_gYndjCzqEfDvzai7KZkjh"}, "@id": "kg:/m/0154qm"}, "resultScore": 26.596451}]}