{"@type": "ItemList", "@context": {"@vocab": "http://schema.org/", "detailedDescription": "goog:detailedDescription", "resultScore": "goog:resultScore", "kg": "http://g.co/kg", "EntitySearchResult": "goog:EntitySearchResult", "goog": "http://schema.googleapis.com/"}, "itemListElement": [{"@type": "EntitySearchResult", "result": {"url": "http://steffi-graf.net/", "description": "Tennis player", "@type": ["Person", "Thing"], "name": "Steffi Graf", "detailedDescription": {"license": "https://en.wikipedia.org/wiki/Wikipedia:Text_of_Creative_Commons_Attribution-ShareAlike_3.0_Unported_License", "url": "https://en.wikipedia.org/wiki/Steffi_Graf", "articleBody": "Stefanie Maria \"Steffi\" Graf is a German former professional tennis player. She was ranked world No. 1 and won 22 Grand Slam singles titles. "}, "image": {"url": "https://commons.wikimedia.org/wiki/File:Steffi_Graf_in_Hamburg_2010_(cropped).jpg", "contentUrl": "http://t1.gstatic.com/images?q=tbn:ANd9GcR6yc6W4RcjnMhgL_iNGD3s49GT-e4TnWPk5ztBiDkTBzpB5yvC"}, "@id": "kg:/m/015y3w"}, "resultScore": 24.338135}]}