{"@type": "ItemList", "@context": {"@vocab": "http://schema.org/", "detailedDescription": "goog:detailedDescription", "resultScore": "goog:resultScore", "kg": "http://g.co/kg", "EntitySearchResult": "goog:EntitySearchResult", "goog": "http://schema.googleapis.com/"}, "itemListElement": [{"@type": "EntitySearchResult", "result": {"description": "Novelist", "@type": ["Person", "Thing"], "name": "Taylor Caldwell", "detailedDescription": {"license": "https://en.wikipedia.org/wiki/Wikipedia:Text_of_Creative_Commons_Attribution-ShareAlike_3.0_Unported_License", "url": "https://en.wikipedia.org/wiki/Taylor_Caldwell", "articleBody": "Janet Miriam Holland Taylor Caldwell was a British-born American novelist and prolific author of popular fiction, also known by the pen names Marcus Holland and Max Reiner, and by her married name of J. Miriam Reback.\n"}, "image": {"url": "https://en.wikipedia.org/wiki/Taylor_Caldwell", "contentUrl": "http://t3.gstatic.com/images?q=tbn:ANd9GcSwXCn2RpUlkXmKVcPSyF4PT8-M8vNEK9ko0u3EsT2BbcMbDT-c"}, "@id": "kg:/m/015zdc"}, "resultScore": 14.783333}]}