{"@type": "ItemList", "@context": {"@vocab": "http://schema.org/", "detailedDescription": "goog:detailedDescription", "resultScore": "goog:resultScore", "kg": "http://g.co/kg", "EntitySearchResult": "goog:EntitySearchResult", "goog": "http://schema.googleapis.com/"}, "itemListElement": [{"@type": "EntitySearchResult", "result": {"description": "American professional boxer", "@id": "kg:/m/0161fm", "name": "DeMarcus Corley", "detailedDescription": {"license": "https://en.wikipedia.org/wiki/Wikipedia:Text_of_Creative_Commons_Attribution-ShareAlike_3.0_Unported_License", "url": "https://en.wikipedia.org/wiki/DeMarcus_Corley", "articleBody": "DeMarcus Deon Corley is an American professional boxer. A veteran of the sport for more than two decades, he held the WBO junior welterweight title from 2001 to 2003, and has fought as a gatekeeper against many of boxing's biggest names."}, "@type": ["Thing", "Person"]}, "resultScore": 12.224393}]}