{"@type": "ItemList", "@context": {"@vocab": "http://schema.org/", "detailedDescription": "goog:detailedDescription", "resultScore": "goog:resultScore", "kg": "http://g.co/kg", "EntitySearchResult": "goog:EntitySearchResult", "goog": "http://schema.googleapis.com/"}, "itemListElement": [{"@type": "EntitySearchResult", "result": {"url": "http://davidhasselhoffonline.com/", "description": "American actor", "@type": ["Person", "Thing"], "name": "David Hasselhoff", "detailedDescription": {"license": "https://en.wikipedia.org/wiki/Wikipedia:Text_of_Creative_Commons_Attribution-ShareAlike_3.0_Unported_License", "url": "https://en.wikipedia.org/wiki/David_Hasselhoff", "articleBody": "David Michael Hasselhoff, nicknamed \"The Hoff\", is an American actor, singer, producer, and businessman, who set a Guinness World Record as the most watched man on TV.\nHe first gained recognition on The Young and The Restless, playing Dr. Snapper Foster. "}, "image": {"url": "https://commons.wikimedia.org/wiki/File:David_Hasselhoff_2009.jpg", "contentUrl": "http://t2.gstatic.com/images?q=tbn:ANd9GcS3OzqI3QiRPMp7Pm24nhVXdXlBcjOXPIVIcDTYiRCuYISAZaEe"}, "@id": "kg:/m/0164nb"}, "resultScore": 22.945467}]}