{"@type": "ItemList", "@context": {"@vocab": "http://schema.org/", "detailedDescription": "goog:detailedDescription", "resultScore": "goog:resultScore", "kg": "http://g.co/kg", "EntitySearchResult": "goog:EntitySearchResult", "goog": "http://schema.googleapis.com/"}, "itemListElement": [{"@type": "EntitySearchResult", "result": {"description": "American singer", "@type": ["Thing", "Person"], "name": "Sarah Vaughan", "detailedDescription": {"license": "https://en.wikipedia.org/wiki/Wikipedia:Text_of_Creative_Commons_Attribution-ShareAlike_3.0_Unported_License", "url": "https://en.wikipedia.org/wiki/Sarah_Vaughan", "articleBody": "Sarah Lois Vaughan was an American jazz singer.\nNicknamed \"Sassy\" and \"The Divine One\", she won four Grammy Awards, including the Lifetime Achievement Award. She was given an NEA Jazz Masters Award in 1989. Critic Scott Yanow wrote that she had \"one of the most wondrous voices of the 20th century\"."}, "image": {"url": "https://commons.wikimedia.org/wiki/File:Sarah_Vaughan_1955.jpg", "contentUrl": "http://t1.gstatic.com/images?q=tbn:ANd9GcTqP2wVujkETu0zZNgwRwh1_IBxtzIpUEt48rHam_rTRc_r4kqK"}, "@id": "kg:/m/0169r6"}, "resultScore": 22.886332}]}