{"@type": "ItemList", "@context": {"@vocab": "http://schema.org/", "detailedDescription": "goog:detailedDescription", "resultScore": "goog:resultScore", "kg": "http://g.co/kg", "EntitySearchResult": "goog:EntitySearchResult", "goog": "http://schema.googleapis.com/"}, "itemListElement": [{"@type": "EntitySearchResult", "result": {"url": "http://www.conniefrancis.com/", "description": "American singer", "@type": ["Person", "Thing"], "name": "Connie Francis", "detailedDescription": {"license": "https://en.wikipedia.org/wiki/Wikipedia:Text_of_Creative_Commons_Attribution-ShareAlike_3.0_Unported_License", "url": "https://en.wikipedia.org/wiki/Connie_Francis", "articleBody": "Connie Francis is an American pop singer and top-charting female vocalist of the late 1950s and early 1960s. Although her chart success waned in the second half of the 1960s, Francis remained a top concert draw. "}, "image": {"url": "https://commons.wikimedia.org/wiki/File:Connie_Francis_1961.JPG", "contentUrl": "http://t3.gstatic.com/images?q=tbn:ANd9GcSYjFxbCGL_aMG_GMtXRH6MiwvejAnSjC_8Hc4IRGPRRK7dMqqV"}, "@id": "kg:/m/0169v2"}, "resultScore": 22.721365}]}