{"@type": "ItemList", "@context": {"@vocab": "http://schema.org/", "detailedDescription": "goog:detailedDescription", "resultScore": "goog:resultScore", "kg": "http://g.co/kg", "EntitySearchResult": "goog:EntitySearchResult", "goog": "http://schema.googleapis.com/"}, "itemListElement": [{"@type": "EntitySearchResult", "result": {"description": "American actor", "@type": ["Person", "Thing"], "name": "F. Murray Abraham", "detailedDescription": {"license": "https://en.wikipedia.org/wiki/Wikipedia:Text_of_Creative_Commons_Attribution-ShareAlike_3.0_Unported_License", "url": "https://en.wikipedia.org/wiki/F._Murray_Abraham", "articleBody": "F. Murray Abraham is an American actor. He became widely known during the 1980s after winning an Oscar for his leading role as Antonio Salieri in the drama film Amadeus. Abraham also won a Golden Globe and received a BAFTA Award nomination for the role.\n"}, "image": {"url": "https://en.wikipedia.org/wiki/F._Murray_Abraham", "contentUrl": "http://t1.gstatic.com/images?q=tbn:ANd9GcSKPy2CxhmHg_XKsMQxpdA8Zf-5Dgj-FDYjxiaeMdLjPzvXRV08"}, "@id": "kg:/m/016kb7"}, "resultScore": 19.753763}]}