{"@type": "ItemList", "@context": {"@vocab": "http://schema.org/", "detailedDescription": "goog:detailedDescription", "resultScore": "goog:resultScore", "kg": "http://g.co/kg", "EntitySearchResult": "goog:EntitySearchResult", "goog": "http://schema.googleapis.com/"}, "itemListElement": [{"@type": "EntitySearchResult", "result": {"url": "http://www.dopehouserecords.com/band-history/artist/", "description": "American rapper", "@type": ["Person", "Thing"], "name": "SPM", "detailedDescription": {"license": "https://en.wikipedia.org/wiki/Wikipedia:Text_of_Creative_Commons_Attribution-ShareAlike_3.0_Unported_License", "url": "https://en.wikipedia.org/wiki/South_Park_Mexican", "articleBody": "Carlos Coy, better known by his stage name South Park Mexican, is an American rapper, founder of Dope House Records, and convicted sex offender. His stage name is derived from the South Park neighborhood in Houston, Texas where he was raised.\n"}, "@id": "kg:/m/016n_c"}, "resultScore": 19.367916}]}