{"@type": "ItemList", "@context": {"@vocab": "http://schema.org/", "detailedDescription": "goog:detailedDescription", "resultScore": "goog:resultScore", "kg": "http://g.co/kg", "EntitySearchResult": "goog:EntitySearchResult", "goog": "http://schema.googleapis.com/"}, "itemListElement": [{"@type": "EntitySearchResult", "result": {"description": "American actress", "@type": ["Person", "Thing"], "name": "Suzanne Crough", "detailedDescription": {"license": "https://en.wikipedia.org/wiki/Wikipedia:Text_of_Creative_Commons_Attribution-ShareAlike_3.0_Unported_License", "url": "https://en.wikipedia.org/wiki/Suzanne_Crough", "articleBody": "Suzanne J. Crough was an American child actress best known for her role as Tracy Partridge on The Partridge Family."}, "image": {"url": "https://en.wikipedia.org/wiki/Suzanne_Crough", "contentUrl": "http://t0.gstatic.com/images?q=tbn:ANd9GcR19JQJs9KAvPzCpvlXrGfWE-Nu4gjqkebdDoVvZYmtQwPJBUKc"}, "@id": "kg:/m/016vx4"}, "resultScore": 15.071205}]}