{"@type": "ItemList", "@context": {"@vocab": "http://schema.org/", "detailedDescription": "goog:detailedDescription", "resultScore": "goog:resultScore", "kg": "http://g.co/kg", "EntitySearchResult": "goog:EntitySearchResult", "goog": "http://schema.googleapis.com/"}, "itemListElement": [{"@type": "EntitySearchResult", "result": {"description": "English television presenter", "@type": ["Person", "Thing"], "name": "Paula Yates", "detailedDescription": {"license": "https://en.wikipedia.org/wiki/Wikipedia:Text_of_Creative_Commons_Attribution-ShareAlike_3.0_Unported_License", "url": "https://en.wikipedia.org/wiki/Paula_Yates", "articleBody": "Paula Elizabeth Yates was an English television presenter and writer, best known for her work on two television programmes, The Tube and The Big Breakfast. She was in a relationship with musician Bob Geldof from 1976 to 1996. Yates died of a heroin overdose in 2000."}, "image": {"url": "https://en.wikipedia.org/wiki/Paula_Yates", "contentUrl": "http://t3.gstatic.com/images?q=tbn:ANd9GcRHekK1IEwIZlVt6_1NCh22z4uISdgh1LuF1w-i3sGfd-tcODzB"}, "@id": "kg:/m/016xrm"}, "resultScore": 17.167297}]}