{"@type": "ItemList", "@context": {"@vocab": "http://schema.org/", "detailedDescription": "goog:detailedDescription", "resultScore": "goog:resultScore", "kg": "http://g.co/kg", "EntitySearchResult": "goog:EntitySearchResult", "goog": "http://schema.googleapis.com/"}, "itemListElement": [{"@type": "EntitySearchResult", "result": {"description": "American travel writer", "@type": ["Person", "Thing"], "name": "Paul Theroux", "detailedDescription": {"license": "https://en.wikipedia.org/wiki/Wikipedia:Text_of_Creative_Commons_Attribution-ShareAlike_3.0_Unported_License", "url": "https://en.wikipedia.org/wiki/Paul_Theroux", "articleBody": "Paul Edward Theroux is an American travel writer and novelist, whose best-known work is The Great Railway Bazaar. He has published numerous works of fiction, some of which were adapted as feature films. "}, "image": {"url": "https://en.wikipedia.org/wiki/Paul_Theroux", "contentUrl": "http://t3.gstatic.com/images?q=tbn:ANd9GcR9qF5nkdcOtHEQknY03EqnxwzNSp9dRCp0GOJro9G6c-qxqLJq"}, "@id": "kg:/m/01744d"}, "resultScore": 17.679333}]}