{"@type": "ItemList", "@context": {"@vocab": "http://schema.org/", "detailedDescription": "goog:detailedDescription", "resultScore": "goog:resultScore", "kg": "http://g.co/kg", "EntitySearchResult": "goog:EntitySearchResult", "goog": "http://schema.googleapis.com/"}, "itemListElement": [{"@type": "EntitySearchResult", "result": {"description": "American author", "@type": ["Person", "Thing"], "name": "Anne Morrow Lindbergh", "detailedDescription": {"license": "https://en.wikipedia.org/wiki/Wikipedia:Text_of_Creative_Commons_Attribution-ShareAlike_3.0_Unported_License", "url": "https://en.wikipedia.org/wiki/Anne_Morrow_Lindbergh", "articleBody": "Anne Spencer Lindbergh was an American author, aviator, and the wife of aviator Charles Lindbergh.\nShe was an acclaimed author, whose books and articles spanned genres from poetry to nonfiction, touching upon topics as diverse as youth and age, love and marriage, peace, solitude and contentment, and the role of women in the 20th century. "}, "image": {"url": "https://en.wikipedia.org/wiki/Anne_Morrow_Lindbergh", "contentUrl": "http://t0.gstatic.com/images?q=tbn:ANd9GcTjNVmQePhzaj7eVCvk0_ZVjxpVDTk4cpA_u5YcsgGIsuXhvnuj"}, "@id": "kg:/m/017dz3"}, "resultScore": 17.406824}]}