{"@type": "ItemList", "@context": {"@vocab": "http://schema.org/", "detailedDescription": "goog:detailedDescription", "resultScore": "goog:resultScore", "kg": "http://g.co/kg", "EntitySearchResult": "goog:EntitySearchResult", "goog": "http://schema.googleapis.com/"}, "itemListElement": [{"@type": "EntitySearchResult", "result": {"description": "American physicist", "@type": ["Thing", "Person"], "name": "Ronald McNair", "detailedDescription": {"license": "https://en.wikipedia.org/wiki/Wikipedia:Text_of_Creative_Commons_Attribution-ShareAlike_3.0_Unported_License", "url": "https://en.wikipedia.org/wiki/Ronald_McNair", "articleBody": "Ronald Erwin McNair was an American physicist and NASA astronaut. He died during the launch of the Space Shuttle Challenger on mission STS-51-L, in which he was serving as one of three mission specialists. "}, "image": {"url": "https://commons.wikimedia.org/wiki/File:Ronald_McNair.jpg", "contentUrl": "http://t3.gstatic.com/images?q=tbn:ANd9GcTOFOH93pxEmXO_2XC_tRDpwJ8tH2QABVwLckiEGpJyp7izWafR"}, "@id": "kg:/m/0183qt"}, "resultScore": 16.644218}]}