{"@type": "ItemList", "@context": {"@vocab": "http://schema.org/", "detailedDescription": "goog:detailedDescription", "resultScore": "goog:resultScore", "kg": "http://g.co/kg", "EntitySearchResult": "goog:EntitySearchResult", "goog": "http://schema.googleapis.com/"}, "itemListElement": [{"@type": "EntitySearchResult", "result": {"description": "American film actress", "@type": ["Person", "Thing"], "name": "Kathleen Turner", "detailedDescription": {"license": "https://en.wikipedia.org/wiki/Wikipedia:Text_of_Creative_Commons_Attribution-ShareAlike_3.0_Unported_License", "url": "https://en.wikipedia.org/wiki/Kathleen_Turner", "articleBody": "Mary Kathleen Turner, better known as Kathleen Turner, is an American film and stage actress and director. Known for her distinctive husky voice, Turner has won two Golden Globe Awards and has been nominated for an Academy Award.\n"}, "image": {"url": "https://commons.wikimedia.org/wiki/File:Kathleen_Turner.jpg", "contentUrl": "http://t2.gstatic.com/images?q=tbn:ANd9GcQ1XiSnjYgMHfhbLLbNQW0wAEzzV0mOam2ruqKDh2aNd0KhgNEt"}, "@id": "kg:/m/018_lb"}, "resultScore": 21.603758}]}