{"@type": "ItemList", "@context": {"@vocab": "http://schema.org/", "detailedDescription": "goog:detailedDescription", "resultScore": "goog:resultScore", "kg": "http://g.co/kg", "EntitySearchResult": "goog:EntitySearchResult", "goog": "http://schema.googleapis.com/"}, "itemListElement": [{"@type": "EntitySearchResult", "result": {"description": "American businessman", "@id": "kg:/m/018_qq", "name": "Sumner Redstone", "detailedDescription": {"license": "https://en.wikipedia.org/wiki/Wikipedia:Text_of_Creative_Commons_Attribution-ShareAlike_3.0_Unported_License", "url": "https://en.wikipedia.org/wiki/Sumner_Redstone", "articleBody": "Sumner Murray Redstone is an American businessman and media magnate. He is the majority owner and chairman of the board of the National Amusements theater chain. "}, "@type": ["Person", "Thing"]}, "resultScore": 17.972532}]}