{"@type": "ItemList", "@context": {"@vocab": "http://schema.org/", "detailedDescription": "goog:detailedDescription", "resultScore": "goog:resultScore", "kg": "http://g.co/kg", "EntitySearchResult": "goog:EntitySearchResult", "goog": "http://schema.googleapis.com/"}, "itemListElement": [{"@type": "EntitySearchResult", "result": {"description": "American actress", "@type": ["Person", "Thing"], "name": "Margaret Sullavan", "detailedDescription": {"license": "https://en.wikipedia.org/wiki/Wikipedia:Text_of_Creative_Commons_Attribution-ShareAlike_3.0_Unported_License", "url": "https://en.wikipedia.org/wiki/Margaret_Sullavan", "articleBody": "Margaret Brooke Sullavan was an American actress of stage and film.\nSullavan began her career onstage in 1929. In 1933 she caught the attention of movie director John M. Stahl and had her debut on the screen that same year in Only Yesterday.\n"}, "image": {"url": "https://en.wikipedia.org/wiki/Margaret_Sullavan", "contentUrl": "http://t0.gstatic.com/images?q=tbn:ANd9GcSJNhd7IiHrUsjUbr8t64r8NUenb8dGG3Xi1JrfYPq4z2PasMhU"}, "@id": "kg:/m/018qlp"}, "resultScore": 17.235855}]}