{"@type": "ItemList", "@context": {"@vocab": "http://schema.org/", "detailedDescription": "goog:detailedDescription", "resultScore": "goog:resultScore", "kg": "http://g.co/kg", "EntitySearchResult": "goog:EntitySearchResult", "goog": "http://schema.googleapis.com/"}, "itemListElement": [{"@type": "EntitySearchResult", "result": {"description": "American actress", "@type": ["Person", "Thing"], "name": "Martha Scott", "detailedDescription": {"license": "https://en.wikipedia.org/wiki/Wikipedia:Text_of_Creative_Commons_Attribution-ShareAlike_3.0_Unported_License", "url": "https://en.wikipedia.org/wiki/Martha_Scott", "articleBody": "Martha Ellen Scott was an American actress. She was featured in major films such as Cecil B. DeMille's The Ten Commandments, and William Wyler's Ben-Hur, playing the mother of Charlton Heston's character in both films. "}, "image": {"url": "https://commons.wikimedia.org/wiki/File:Martha_Scott_1942.JPG", "contentUrl": "http://t0.gstatic.com/images?q=tbn:ANd9GcTeNFAkAiNuOKuBUg9sXmv3lmE7QFv1JT-SN8Sr60SM3-oPm3VH"}, "@id": "kg:/m/018qn8"}, "resultScore": 16.254375}]}