{"@type": "ItemList", "@context": {"@vocab": "http://schema.org/", "detailedDescription": "goog:detailedDescription", "resultScore": "goog:resultScore", "kg": "http://g.co/kg", "EntitySearchResult": "goog:EntitySearchResult", "goog": "http://schema.googleapis.com/"}, "itemListElement": [{"@type": "EntitySearchResult", "result": {"url": "http://www.rogertaylorofficial.com/", "description": "Musician", "@type": ["Thing", "Person"], "name": "Roger Taylor", "detailedDescription": {"license": "https://en.wikipedia.org/wiki/Wikipedia:Text_of_Creative_Commons_Attribution-ShareAlike_3.0_Unported_License", "url": "https://en.wikipedia.org/wiki/Roger_Taylor_(Queen_drummer)", "articleBody": "Roger Meddows Taylor is an English musician, singer, songwriter, and multi-instrumentalist, best known as the drummer for the rock band Queen. As a drummer, Taylor was recognised early in his career for his unique sound. "}, "image": {"url": "https://commons.wikimedia.org/wiki/File:Roger_Taylor_(born_1949).JPG", "contentUrl": "http://t2.gstatic.com/images?q=tbn:ANd9GcQ4y68krO_WoMsknhNIBtZEpJNQRgwf4TdrctE6yL3Nl3ZjZnLd"}, "@id": "kg:/m/018y81"}, "resultScore": 24.465014}]}