{"@type": "ItemList", "@context": {"@vocab": "http://schema.org/", "detailedDescription": "goog:detailedDescription", "resultScore": "goog:resultScore", "kg": "http://g.co/kg", "EntitySearchResult": "goog:EntitySearchResult", "goog": "http://schema.googleapis.com/"}, "itemListElement": [{"@type": "EntitySearchResult", "result": {"description": "Physicist", "@type": ["Person", "Thing"], "name": "Ernest Walton", "detailedDescription": {"license": "https://en.wikipedia.org/wiki/Wikipedia:Text_of_Creative_Commons_Attribution-ShareAlike_3.0_Unported_License", "url": "https://en.wikipedia.org/wiki/Ernest_Walton", "articleBody": "Ernest Thomas Sinton Walton was an Irish physicist and Nobel laureate for his work with John Cockcroft with \"atom-smashing\" experiments done at Cambridge University in the early 1930s, and so became the first person in history to split the atom."}, "image": {"url": "https://en.wikipedia.org/wiki/Ernest_Walton", "contentUrl": "http://t0.gstatic.com/images?q=tbn:ANd9GcSa-k_NcJ7hsXMAUu07657TEH8mgRdtdMe5vJrto0AJffJjpPCZ"}, "@id": "kg:/m/01_lnt"}, "resultScore": 15.255096}]}