{"@type": "ItemList", "@context": {"@vocab": "http://schema.org/", "detailedDescription": "goog:detailedDescription", "resultScore": "goog:resultScore", "kg": "http://g.co/kg", "EntitySearchResult": "goog:EntitySearchResult", "goog": "http://schema.googleapis.com/"}, "itemListElement": [{"@type": "EntitySearchResult", "result": {"description": "Figure skater", "@type": ["Person", "Thing"], "name": "Surya Bonaly", "detailedDescription": {"license": "https://en.wikipedia.org/wiki/Wikipedia:Text_of_Creative_Commons_Attribution-ShareAlike_3.0_Unported_License", "url": "https://en.wikipedia.org/wiki/Surya_Bonaly", "articleBody": "Surya Bonaly is a French former competitive figure skater. She is a three-time World silver medalist, a five-time European champion, the 1991 World Junior Champion, and a nine-time French national champion.\n"}, "image": {"url": "https://commons.wikimedia.org/wiki/File:N%C3%BCrnberg_Gala_2007_Bonali.jpg", "contentUrl": "http://t1.gstatic.com/images?q=tbn:ANd9GcQ1PCMmxivWy8skv9cw7NsZVX1mbUUBPTSB-sNwlJcZJ2ha45SM"}, "@id": "kg:/m/01_n9_"}, "resultScore": 18.921055}]}