{"@type": "ItemList", "@context": {"@vocab": "http://schema.org/", "detailedDescription": "goog:detailedDescription", "resultScore": "goog:resultScore", "kg": "http://g.co/kg", "EntitySearchResult": "goog:EntitySearchResult", "goog": "http://schema.googleapis.com/"}, "itemListElement": [{"@type": "EntitySearchResult", "result": {"url": "http://www.thalia.com/", "description": "Singer-songwriter", "@type": ["Thing", "Person"], "name": "Thal\u00eda", "detailedDescription": {"license": "https://en.wikipedia.org/wiki/Wikipedia:Text_of_Creative_Commons_Attribution-ShareAlike_3.0_Unported_License", "url": "https://en.wikipedia.org/wiki/Thal%C3%ADa", "articleBody": "Ariadna Thal\u00eda Sodi Miranda, known mononymously as Thal\u00eda, is a Mexican singer, songwriter, producer, actress and entrepreneur. She is considered one of the most successful and influential Mexican artists worldwide. Apart from her native Spanish, Thal\u00eda has also sung in English, Tagalog, French, and Portuguese.\n"}, "image": {"url": "https://commons.wikimedia.org/wiki/File:ThaliaSodi_cropped.jpg", "contentUrl": "http://t2.gstatic.com/images?q=tbn:ANd9GcTipmOBzFSTLK1qDR48P_D84Plyuc5bSrmXhaamdWfzYpQoMQ5c"}, "@id": "kg:/m/01_nx8"}, "resultScore": 24.499353}]}