{"@type": "ItemList", "@context": {"@vocab": "http://schema.org/", "detailedDescription": "goog:detailedDescription", "resultScore": "goog:resultScore", "kg": "http://g.co/kg", "EntitySearchResult": "goog:EntitySearchResult", "goog": "http://schema.googleapis.com/"}, "itemListElement": [{"@type": "EntitySearchResult", "result": {"description": "American actress", "@type": ["Thing", "Person"], "name": "Carroll Baker", "detailedDescription": {"license": "https://en.wikipedia.org/wiki/Wikipedia:Text_of_Creative_Commons_Attribution-ShareAlike_3.0_Unported_License", "url": "https://en.wikipedia.org/wiki/Carroll_Baker", "articleBody": "Carroll Baker is a retired American actress of film, stage, and television. Throughout the 1950s and 1960s, Baker's range of roles from naive ing\u00e9nues to brash and flamboyant women established her as both a serious dramatic actress and a pin-up. "}, "image": {"url": "https://commons.wikimedia.org/wiki/File:Carroll_Baker-publicity.JPG", "contentUrl": "http://t2.gstatic.com/images?q=tbn:ANd9GcTkg4uCbNnzkDTnfm5n0GpGwUAUpgnl3KPgKwy9cRW5yrybrju3"}, "@id": "kg:/m/01b17y"}, "resultScore": 18.917246}]}