{"@type": "ItemList", "@context": {"@vocab": "http://schema.org/", "detailedDescription": "goog:detailedDescription", "resultScore": "goog:resultScore", "kg": "http://g.co/kg", "EntitySearchResult": "goog:EntitySearchResult", "goog": "http://schema.googleapis.com/"}, "itemListElement": [{"@type": "EntitySearchResult", "result": {"description": "American author", "@type": ["Person", "Thing"], "name": "Mary Pope Osborne", "detailedDescription": {"license": "https://en.wikipedia.org/wiki/Wikipedia:Text_of_Creative_Commons_Attribution-ShareAlike_3.0_Unported_License", "url": "https://en.wikipedia.org/wiki/Mary_Pope_Osborne", "articleBody": "Mary Pope Osborne is an American author of children's books. She is best known for the award-winning and bestselling Magic Tree House series, which has been translated into 35 languages and has sold more than 134 million copies worldwide. "}, "image": {"url": "https://commons.wikimedia.org/wiki/File:Mary_pope_osborne.jpg", "contentUrl": "http://t1.gstatic.com/images?q=tbn:ANd9GcR1tOZqvntPZHdZwyeHPSUTlc0gnc_teIMlDV7w5a2f4SmTtD2p"}, "@id": "kg:/m/01b3vw"}, "resultScore": 15.779408}]}