{"@type": "ItemList", "@context": {"@vocab": "http://schema.org/", "detailedDescription": "goog:detailedDescription", "resultScore": "goog:resultScore", "kg": "http://g.co/kg", "EntitySearchResult": "goog:EntitySearchResult", "goog": "http://schema.googleapis.com/"}, "itemListElement": [{"@type": "EntitySearchResult", "result": {"description": "Swedish author", "@type": ["Person", "Thing"], "name": "Selma Lagerl\u00f6f", "detailedDescription": {"license": "https://en.wikipedia.org/wiki/Wikipedia:Text_of_Creative_Commons_Attribution-ShareAlike_3.0_Unported_License", "url": "https://en.wikipedia.org/wiki/Selma_Lagerl%C3%B6f", "articleBody": "Selma Ottilia Lovisa Lagerl\u00f6f was a Swedish author and teacher. She published her first novel, G\u00f6sta Berling's Saga, at the age of 33. She was the first female writer to win the Nobel Prize in Literature, which she was awarded in 1909. Additionally, she was the first female to be granted a membership in The Swedish Academy in 1914."}, "image": {"url": "https://commons.wikimedia.org/wiki/File:Selma_Lagerl%C3%B6f.jpg", "contentUrl": "http://t3.gstatic.com/images?q=tbn:ANd9GcSETDgU6WEhQiTXYOJ6Z5SAG0YowyQaRghGZeah__lGwYPfQus2"}, "@id": "kg:/m/01brnt"}, "resultScore": 19.817472}]}