{"@type": "ItemList", "@context": {"@vocab": "http://schema.org/", "detailedDescription": "goog:detailedDescription", "resultScore": "goog:resultScore", "kg": "http://g.co/kg", "EntitySearchResult": "goog:EntitySearchResult", "goog": "http://schema.googleapis.com/"}, "itemListElement": [{"@type": "EntitySearchResult", "result": {"description": "Novelist", "@id": "kg:/m/01cd43", "name": "Margery Allingham", "detailedDescription": {"license": "https://en.wikipedia.org/wiki/Wikipedia:Text_of_Creative_Commons_Attribution-ShareAlike_3.0_Unported_License", "url": "https://en.wikipedia.org/wiki/Margery_Allingham", "articleBody": "Margery Louise Allingham was an English novelist from the \"Golden Age of Detective Fiction\", best remembered for her hero, the gentleman sleuth Albert Campion.\nInitially believed to be a parody of Dorothy L. "}, "@type": ["Thing", "Person"]}, "resultScore": 15.233097}]}