{"@type": "ItemList", "@context": {"@vocab": "http://schema.org/", "detailedDescription": "goog:detailedDescription", "resultScore": "goog:resultScore", "kg": "http://g.co/kg", "EntitySearchResult": "goog:EntitySearchResult", "goog": "http://schema.googleapis.com/"}, "itemListElement": [{"@type": "EntitySearchResult", "result": {"description": "Novelist", "@type": ["Thing", "Person"], "name": "Philippa Gregory", "detailedDescription": {"license": "https://en.wikipedia.org/wiki/Wikipedia:Text_of_Creative_Commons_Attribution-ShareAlike_3.0_Unported_License", "url": "https://en.wikipedia.org/wiki/Philippa_Gregory", "articleBody": "Philippa Gregory is an English historical novelist who has been publishing since 1987. The best known of her works is The Other Boleyn Girl, which in 2002 won the Romantic Novel of the Year Award from the Romantic Novelists' Association and has been adapted into two separate films.\n"}, "image": {"url": "https://en.wikipedia.org/wiki/Philippa_Gregory", "contentUrl": "http://t3.gstatic.com/images?q=tbn:ANd9GcRBZY4T4isaMfYHaj55t-A5g6omVWPoLt8cnV_nDhRNl6UtZCAr"}, "@id": "kg:/m/01ctxf"}, "resultScore": 17.928034}]}