{"@type": "ItemList", "@context": {"@vocab": "http://schema.org/", "detailedDescription": "goog:detailedDescription", "resultScore": "goog:resultScore", "kg": "http://g.co/kg", "EntitySearchResult": "goog:EntitySearchResult", "goog": "http://schema.googleapis.com/"}, "itemListElement": [{"@type": "EntitySearchResult", "result": {"description": "British author", "@type": ["Person", "Thing"], "name": "Stella Rimington", "detailedDescription": {"license": "https://en.wikipedia.org/wiki/Wikipedia:Text_of_Creative_Commons_Attribution-ShareAlike_3.0_Unported_License", "url": "https://en.wikipedia.org/wiki/Stella_Rimington", "articleBody": "Dame Stella Rimington, DCB is a British author and former Director General of MI5, a position she held from 1992 to 1996. She was the first female DG of MI5, and the first DG whose name was publicised on appointment. "}, "image": {"url": "https://en.wikipedia.org/wiki/Stella_Rimington", "contentUrl": "http://t2.gstatic.com/images?q=tbn:ANd9GcQR_sjmRBaP6TokXaKCBsjqd-OCqG7JQfr2z5WsDjPdFOrSy88x"}, "@id": "kg:/m/01dn87"}, "resultScore": 14.265355}]}