{"@type": "ItemList", "@context": {"@vocab": "http://schema.org/", "detailedDescription": "goog:detailedDescription", "resultScore": "goog:resultScore", "kg": "http://g.co/kg", "EntitySearchResult": "goog:EntitySearchResult", "goog": "http://schema.googleapis.com/"}, "itemListElement": [{"@type": "EntitySearchResult", "result": {"description": "Actor", "@type": ["Thing", "Person"], "name": "Gary Oldman", "detailedDescription": {"license": "https://en.wikipedia.org/wiki/Wikipedia:Text_of_Creative_Commons_Attribution-ShareAlike_3.0_Unported_License", "url": "https://en.wikipedia.org/wiki/Gary_Oldman", "articleBody": "Gary Leonard Oldman is an English actor and filmmaker who has performed in theatre, film, and television. Known for his versatility and expressive acting style, Oldman is regarded as one of the greatest actors of his generation. "}, "image": {"url": "https://commons.wikimedia.org/wiki/File:Gary_Oldman_by_Gage_Skidmore.jpg", "contentUrl": "http://t3.gstatic.com/images?q=tbn:ANd9GcRBYaIdEeYrXLHJIE1xZHP1toQh4AVeF40_Ipe_sTJ6VGRD7XN7"}, "@id": "kg:/m/01f6zc"}, "resultScore": 24.500591}]}