{"@type": "ItemList", "@context": {"@vocab": "http://schema.org/", "detailedDescription": "goog:detailedDescription", "resultScore": "goog:resultScore", "kg": "http://g.co/kg", "EntitySearchResult": "goog:EntitySearchResult", "goog": "http://schema.googleapis.com/"}, "itemListElement": [{"@type": "EntitySearchResult", "result": {"description": "Former Governor of New Hampshire", "@type": ["Person", "Thing"], "name": "John H. Sununu", "detailedDescription": {"license": "https://en.wikipedia.org/wiki/Wikipedia:Text_of_Creative_Commons_Attribution-ShareAlike_3.0_Unported_License", "url": "https://en.wikipedia.org/wiki/John_H._Sununu", "articleBody": "John Henry Sununu is an American politician who served as the 75th Governor of New Hampshire and later White House Chief of Staff under President George H. W. Bush. He is the father of John E. "}, "image": {"url": "https://en.wikipedia.org/wiki/John_H._Sununu", "contentUrl": "http://t2.gstatic.com/images?q=tbn:ANd9GcT1AnS4CNM_RXTsS4Y1rlIjE2LNn-HLspp_yg8xf7-oWC_vmQp4"}, "@id": "kg:/m/01f63_"}, "resultScore": 17.351633}]}