{"@type": "ItemList", "@context": {"@vocab": "http://schema.org/", "detailedDescription": "goog:detailedDescription", "resultScore": "goog:resultScore", "kg": "http://g.co/kg", "EntitySearchResult": "goog:EntitySearchResult", "goog": "http://schema.googleapis.com/"}, "itemListElement": [{"@type": "EntitySearchResult", "result": {"url": "http://www.billwithers.com/", "description": "American singer-songwriter", "@type": ["Thing", "Person"], "name": "Bill Withers", "detailedDescription": {"license": "https://en.wikipedia.org/wiki/Wikipedia:Text_of_Creative_Commons_Attribution-ShareAlike_3.0_Unported_License", "url": "https://en.wikipedia.org/wiki/Bill_Withers", "articleBody": "William Harrison Withers Jr. is an American singer-songwriter and musician who performed and recorded from 1970 until 1985. He recorded several major hits, including \"Lean on Me\", \"Ain't No Sunshine\", \"Use Me\", \"Just the Two of Us\", \"Lovely Day\", and \"Grandma's Hands\". "}, "image": {"url": "https://commons.wikimedia.org/wiki/File:Bill_Withers_1976.JPG", "contentUrl": "http://t3.gstatic.com/images?q=tbn:ANd9GcS1DjqDRZ6zogfJikvhNdCgy-QX9nxD_BomZlkU9ZWW3RkbCXk1"}, "@id": "kg:/m/01f9zw"}, "resultScore": 20.758863}]}