{"@type": "ItemList", "@context": {"@vocab": "http://schema.org/", "detailedDescription": "goog:detailedDescription", "resultScore": "goog:resultScore", "kg": "http://g.co/kg", "EntitySearchResult": "goog:EntitySearchResult", "goog": "http://schema.googleapis.com/"}, "itemListElement": [{"@type": "EntitySearchResult", "result": {"description": "American actor", "@type": ["Person", "Thing"], "name": "Ian Ziering", "detailedDescription": {"license": "https://en.wikipedia.org/wiki/Wikipedia:Text_of_Creative_Commons_Attribution-ShareAlike_3.0_Unported_License", "url": "https://en.wikipedia.org/wiki/Ian_Ziering", "articleBody": "Ian Andrew Ziering is an American actor and voice actor best known for his role as Steve Sanders on the television series Beverly Hills, 90210, which he played from 1990 to 2000. He is also the voice of Vinnie on Biker Mice from Mars. Since 2013, he has starred as Fin Shepard in the Sharknado film series."}, "image": {"url": "https://zh.wikipedia.org/zh/File:Ian_Ziering_July_14,_2014_(cropped).jpg", "contentUrl": "http://t3.gstatic.com/images?q=tbn:ANd9GcTeQ2XLHi5yA7eN2Q_WHCJv-klE1r_w6OZqmh-bLnleqmUoFyCl"}, "@id": "kg:/m/01gcf0"}, "resultScore": 18.129036}]}