{"@type": "ItemList", "@context": {"@vocab": "http://schema.org/", "detailedDescription": "goog:detailedDescription", "resultScore": "goog:resultScore", "kg": "http://g.co/kg", "EntitySearchResult": "goog:EntitySearchResult", "goog": "http://schema.googleapis.com/"}, "itemListElement": [{"@type": "EntitySearchResult", "result": {"url": "http://www.python.org/~guido/", "description": "Dutch programmer", "@type": ["Person", "Thing"], "name": "Guido van Rossum", "detailedDescription": {"license": "https://en.wikipedia.org/wiki/Wikipedia:Text_of_Creative_Commons_Attribution-ShareAlike_3.0_Unported_License", "url": "https://en.wikipedia.org/wiki/Guido_van_Rossum", "articleBody": "Guido van Rossum is a Dutch programmer best known as the author of the Python programming language, for which he was the \"Benevolent dictator for life\" until he stepped down from the position in July 2018."}, "image": {"url": "https://commons.wikimedia.org/wiki/File:Guido_van_Rossum_OSCON_2006_cropped.png", "contentUrl": "http://t3.gstatic.com/images?q=tbn:ANd9GcRKYhvgtKGTLTPxxLdUxdjJzND66Hzp3Zu-R5IUP8dppn5OrWeY"}, "@id": "kg:/m/01h05c"}, "resultScore": 17.248184}]}