{"@type": "ItemList", "@context": {"@vocab": "http://schema.org/", "detailedDescription": "goog:detailedDescription", "resultScore": "goog:resultScore", "kg": "http://g.co/kg", "EntitySearchResult": "goog:EntitySearchResult", "goog": "http://schema.googleapis.com/"}, "itemListElement": [{"@type": "EntitySearchResult", "result": {"description": "American actor", "@type": ["Thing", "Person"], "name": "Billy Crystal", "detailedDescription": {"license": "https://en.wikipedia.org/wiki/Wikipedia:Text_of_Creative_Commons_Attribution-ShareAlike_3.0_Unported_License", "url": "https://en.wikipedia.org/wiki/Billy_Crystal", "articleBody": "William Edward Crystal is an American actor, writer, producer, director, comedian, and television host. He gained prominence in the 1970s for playing Jodie Dallas on the ABC sitcom Soap and became a Hollywood film star during the late 1980s and 1990s, appearing in the critical and box office successes The Princess Bride, Throw Momma from the Train, When Harry Met Sally..., City Slickers, Mr. "}, "image": {"url": "https://commons.wikimedia.org/wiki/File:Billy_Crystal_VF_2012_Shankbone.JPG", "contentUrl": "http://t0.gstatic.com/images?q=tbn:ANd9GcSYaplJVyayW7p3HWqVd6yN-DXzMCj47wC0vshXJTqHJsFjTd3W"}, "@id": "kg:/m/01h1b"}, "resultScore": 22.142462}]}