{"@type": "ItemList", "@context": {"@vocab": "http://schema.org/", "detailedDescription": "goog:detailedDescription", "resultScore": "goog:resultScore", "kg": "http://g.co/kg", "EntitySearchResult": "goog:EntitySearchResult", "goog": "http://schema.googleapis.com/"}, "itemListElement": [{"@type": "EntitySearchResult", "result": {"description": "German author", "@type": ["Person", "Thing"], "name": "Hugo Ball", "detailedDescription": {"license": "https://en.wikipedia.org/wiki/Wikipedia:Text_of_Creative_Commons_Attribution-ShareAlike_3.0_Unported_License", "url": "https://en.wikipedia.org/wiki/Hugo_Ball", "articleBody": "Hugo Ball was a German author, poet, and essentially the founder of the Dada movement in European art in Z\u00fcrich in 1916. Among other accomplishments, he was a pioneer in the development of sound poetry."}, "image": {"url": "https://en.wikipedia.org/wiki/Hugo_Ball", "contentUrl": "http://t0.gstatic.com/images?q=tbn:ANd9GcTMu3UoPpMubMHRSMFyoz39oJNPvqNSBidh0Bq0JgW3O2z-9-vB"}, "@id": "kg:/m/01h8l0"}, "resultScore": 16.126104}]}