{"@type": "ItemList", "@context": {"@vocab": "http://schema.org/", "detailedDescription": "goog:detailedDescription", "resultScore": "goog:resultScore", "kg": "http://g.co/kg", "EntitySearchResult": "goog:EntitySearchResult", "goog": "http://schema.googleapis.com/"}, "itemListElement": [{"@type": "EntitySearchResult", "result": {"description": "Journalist", "@id": "kg:/m/01hb24", "name": "Terry Lloyd", "detailedDescription": {"license": "https://en.wikipedia.org/wiki/Wikipedia:Text_of_Creative_Commons_Attribution-ShareAlike_3.0_Unported_License", "url": "https://en.wikipedia.org/wiki/Terry_Lloyd", "articleBody": "Terence Ellis \"Terry\" Lloyd was an English television journalist who reported extensively from the Middle East. He was killed by the U.S. military while covering the 2003 invasion of Iraq for ITN. "}, "@type": ["Thing", "Person"]}, "resultScore": 12.004408}]}