{"@type": "ItemList", "@context": {"@vocab": "http://schema.org/", "detailedDescription": "goog:detailedDescription", "resultScore": "goog:resultScore", "kg": "http://g.co/kg", "EntitySearchResult": "goog:EntitySearchResult", "goog": "http://schema.googleapis.com/"}, "itemListElement": [{"@type": "EntitySearchResult", "result": {"description": "American sociologist", "@id": "kg:/m/01hk3m", "name": "Robert K. Merton", "detailedDescription": {"license": "https://en.wikipedia.org/wiki/Wikipedia:Text_of_Creative_Commons_Attribution-ShareAlike_3.0_Unported_License", "url": "https://en.wikipedia.org/wiki/Robert_K._Merton", "articleBody": "Robert King Merton was an American sociologist. He spent most of his career teaching at Columbia University, where he attained the rank of University Professor. "}, "@type": ["Person", "Thing"]}, "resultScore": 18.926247}]}