{"@type": "ItemList", "@context": {"@vocab": "http://schema.org/", "detailedDescription": "goog:detailedDescription", "resultScore": "goog:resultScore", "kg": "http://g.co/kg", "EntitySearchResult": "goog:EntitySearchResult", "goog": "http://schema.googleapis.com/"}, "itemListElement": [{"@type": "EntitySearchResult", "result": {"description": "British singer", "@id": "kg:/m/01hlhyp", "name": "Ann Lee", "detailedDescription": {"license": "https://en.wikipedia.org/wiki/Wikipedia:Text_of_Creative_Commons_Attribution-ShareAlike_3.0_Unported_License", "url": "https://en.wikipedia.org/wiki/Ann_Lee_(singer)", "articleBody": "Ann Lee is a British Eurodance singer and songwriter who rose to fame in the late 1990s. She is known primarily for her 1999 hit single \"2 Times\" and for being the real singer behind the smash hit \"Saturday Night\" and also of the first 4 albums of Whigfield.\ufeff"}, "@type": ["Thing", "Person"]}, "resultScore": 15.513736}]}