{"@type": "ItemList", "@context": {"@vocab": "http://schema.org/", "detailedDescription": "goog:detailedDescription", "resultScore": "goog:resultScore", "kg": "http://g.co/kg", "EntitySearchResult": "goog:EntitySearchResult", "goog": "http://schema.googleapis.com/"}, "itemListElement": [{"@type": "EntitySearchResult", "result": {"url": "http://www.chrisisaak.com/", "description": "Musician", "@type": ["Thing", "Person"], "name": "Chris Isaak", "detailedDescription": {"license": "https://en.wikipedia.org/wiki/Wikipedia:Text_of_Creative_Commons_Attribution-ShareAlike_3.0_Unported_License", "url": "https://en.wikipedia.org/wiki/Chris_Isaak", "articleBody": "Christopher Joseph Isaak is an American musician and occasional actor. He is widely known for his hit \"Wicked Game,\" as well as the popular hit songs \"Baby Did A Bad Bad Thing\" and \"Somebody's Crying\". "}, "image": {"url": "https://commons.wikimedia.org/wiki/File:Chris_Isaak_1.jpg", "contentUrl": "http://t0.gstatic.com/images?q=tbn:ANd9GcTVh7wOYWZ2psB9mWWDvbMD0L_HZURb_Ht8MX0T9kH7xj_HqwQB"}, "@id": "kg:/m/01j4ls"}, "resultScore": 21.600405}]}