{"@type": "ItemList", "@context": {"@vocab": "http://schema.org/", "detailedDescription": "goog:detailedDescription", "resultScore": "goog:resultScore", "kg": "http://g.co/kg", "EntitySearchResult": "goog:EntitySearchResult", "goog": "http://schema.googleapis.com/"}, "itemListElement": [{"@type": "EntitySearchResult", "result": {"description": "American musical artist", "@id": "kg:/m/01j6nyq", "name": "Steve Camp", "detailedDescription": {"license": "https://en.wikipedia.org/wiki/Wikipedia:Text_of_Creative_Commons_Attribution-ShareAlike_3.0_Unported_License", "url": "https://en.wikipedia.org/wiki/Steve_Camp", "articleBody": "Steven J. Camp is an American contemporary Christian music artist with an adult contemporary pop sound. He sold more than a million albums. He also has written or co-written 21 number one singles since his debut in 1978 as a solo artist. "}, "@type": ["Person", "Thing"]}, "resultScore": 13.462153}]}