{"@type": "ItemList", "@context": {"@vocab": "http://schema.org/", "detailedDescription": "goog:detailedDescription", "resultScore": "goog:resultScore", "kg": "http://g.co/kg", "EntitySearchResult": "goog:EntitySearchResult", "goog": "http://schema.googleapis.com/"}, "itemListElement": [{"@type": "EntitySearchResult", "result": {"url": "http://www.davidcrosby.com/", "description": "American singer", "@type": ["Thing", "Person"], "name": "David Crosby", "detailedDescription": {"license": "https://en.wikipedia.org/wiki/Wikipedia:Text_of_Creative_Commons_Attribution-ShareAlike_3.0_Unported_License", "url": "https://en.wikipedia.org/wiki/David_Crosby", "articleBody": "David Van Cortlandt Crosby is an American singer-songwriter and guitarist. In addition to his solo career, he was a founding member of both the Byrds and Crosby, Stills &amp; Nash.\nCrosby joined The Byrds in 1964. The band gave Bob Dylan his first number one hit in April 1965 with \"Mr. Tambourine Man.\" "}, "image": {"url": "https://commons.wikimedia.org/wiki/File:David_Crosby_in_1976.jpg", "contentUrl": "http://t3.gstatic.com/images?q=tbn:ANd9GcQOnjGQTYtaN71zVq3SugilHNV7UwNA-g-SU8abvkx6lwZAFoDG"}, "@id": "kg:/m/01j_km"}, "resultScore": 20.986063}]}