{"@type": "ItemList", "@context": {"@vocab": "http://schema.org/", "detailedDescription": "goog:detailedDescription", "resultScore": "goog:resultScore", "kg": "http://g.co/kg", "EntitySearchResult": "goog:EntitySearchResult", "goog": "http://schema.googleapis.com/"}, "itemListElement": [{"@type": "EntitySearchResult", "result": {"description": "American comics artist", "@type": ["Person", "Thing"], "name": "Melinda Gebbie", "detailedDescription": {"license": "https://en.wikipedia.org/wiki/Wikipedia:Text_of_Creative_Commons_Attribution-ShareAlike_3.0_Unported_License", "url": "https://en.wikipedia.org/wiki/Melinda_Gebbie", "articleBody": "Melinda Gebbie is an American comics artist and writer, known for her participation in the underground comix movement. She is also known for creating the controversial work Fresca Zizis and her contributions to Wimmen's Comix, as well as her work with her husband Alan Moore on the three-volume graphic novel Lost Girls and the Tomorrow Stories anthology series."}, "image": {"url": "https://en.wikipedia.org/wiki/Melinda_Gebbie", "contentUrl": "http://t3.gstatic.com/images?q=tbn:ANd9GcQf2SodLCtjMVKi_MFOoFYzoRPU0_GfGQvzMXMcOHoI2ZssKJzo"}, "@id": "kg:/m/01jj6h"}, "resultScore": 13.343451}]}