{"@type": "ItemList", "@context": {"@vocab": "http://schema.org/", "detailedDescription": "goog:detailedDescription", "resultScore": "goog:resultScore", "kg": "http://g.co/kg", "EntitySearchResult": "goog:EntitySearchResult", "goog": "http://schema.googleapis.com/"}, "itemListElement": [{"@type": "EntitySearchResult", "result": {"description": "American artist", "@type": ["Person", "Thing"], "name": "James Montgomery Flagg", "detailedDescription": {"license": "https://en.wikipedia.org/wiki/Wikipedia:Text_of_Creative_Commons_Attribution-ShareAlike_3.0_Unported_License", "url": "https://en.wikipedia.org/wiki/James_Montgomery_Flagg", "articleBody": "James Montgomery Flagg was an American artist, comics artist and illustrator. He worked in media ranging from fine art painting to cartooning, but is best remembered for his political posters."}, "image": {"url": "https://it.wikipedia.org/wiki/James_Montgomery_Flagg", "contentUrl": "http://t0.gstatic.com/images?q=tbn:ANd9GcS-ijsOSDFMOOREJpaL3EaMiblvZ1toflPdWFEQ9MQUncAjPyys"}, "@id": "kg:/m/01jlfv"}, "resultScore": 15.461286}]}