{"@type": "ItemList", "@context": {"@vocab": "http://schema.org/", "detailedDescription": "goog:detailedDescription", "resultScore": "goog:resultScore", "kg": "http://g.co/kg", "EntitySearchResult": "goog:EntitySearchResult", "goog": "http://schema.googleapis.com/"}, "itemListElement": [{"@type": "EntitySearchResult", "result": {"url": "http://www.quarternotes.com/Cleo.htm", "description": "English singer", "@type": ["Person", "Thing"], "name": "Cleo Laine", "detailedDescription": {"license": "https://en.wikipedia.org/wiki/Wikipedia:Text_of_Creative_Commons_Attribution-ShareAlike_3.0_Unported_License", "url": "https://en.wikipedia.org/wiki/Cleo_Laine", "articleBody": "Dame Cleo Laine DBE is an English jazz and pop singer and an actress, known for her scat singing and for her vocal range. Though her natural range is that of a contralto, she is able to produce a G above high C, giving her an overall compass of well over three octaves.\n"}, "image": {"url": "https://en.wikipedia.org/wiki/Cleo_Laine", "contentUrl": "http://t1.gstatic.com/images?q=tbn:ANd9GcQrJJN8fJ_G2z7S0z0M00VXdxSEUvTVU0cRGmAwcVrqX5OGOEbU"}, "@id": "kg:/m/01jmv99"}, "resultScore": 17.693018}]}