{"@type": "ItemList", "@context": {"@vocab": "http://schema.org/", "detailedDescription": "goog:detailedDescription", "resultScore": "goog:resultScore", "kg": "http://g.co/kg", "EntitySearchResult": "goog:EntitySearchResult", "goog": "http://schema.googleapis.com/"}, "itemListElement": [{"@type": "EntitySearchResult", "result": {"url": "http://www.thevoiceofcountrymusic.com/", "description": "American singer", "@type": ["Thing", "Person"], "name": "Vern Gosdin", "detailedDescription": {"license": "https://en.wikipedia.org/wiki/Wikipedia:Text_of_Creative_Commons_Attribution-ShareAlike_3.0_Unported_License", "url": "https://en.wikipedia.org/wiki/Vern_Gosdin", "articleBody": "Vernon Gosdin was an American country music singer. Known as \"The Voice\" he had 19 top-10 solo hits on the country music charts from 1977 through 1990. "}, "@id": "kg:/m/01jp5fb"}, "resultScore": 17.038591}]}