{"@type": "ItemList", "@context": {"@vocab": "http://schema.org/", "detailedDescription": "goog:detailedDescription", "resultScore": "goog:resultScore", "kg": "http://g.co/kg", "EntitySearchResult": "goog:EntitySearchResult", "goog": "http://schema.googleapis.com/"}, "itemListElement": [{"@type": "EntitySearchResult", "result": {"url": "http://www.danielamercury.art.br/", "description": "Singer", "@type": ["Thing", "Person"], "name": "Daniela Mercury", "detailedDescription": {"license": "https://en.wikipedia.org/wiki/Wikipedia:Text_of_Creative_Commons_Attribution-ShareAlike_3.0_Unported_License", "url": "https://en.wikipedia.org/wiki/Daniela_Mercury", "articleBody": "Daniela Mercury is a Brazilian singer, songwriter, dancer, producer, actress and television host. In her solo career, Mercury has sold over 20 million records worldwide and had 24 Top 10 singles in the country, with 14 of them reached #1. "}, "image": {"url": "https://commons.wikimedia.org/wiki/File:Daniela_Mercury_-_Clarid%C3%A1lia_9.jpg", "contentUrl": "http://t2.gstatic.com/images?q=tbn:ANd9GcSfNl1HpUXNCpL_wgk8AzzLfYMnF70dTyZk3cA7ZXzonft1ggxy"}, "@id": "kg:/m/01jq611"}, "resultScore": 20.343948}]}