{"@type": "ItemList", "@context": {"@vocab": "http://schema.org/", "detailedDescription": "goog:detailedDescription", "resultScore": "goog:resultScore", "kg": "http://g.co/kg", "EntitySearchResult": "goog:EntitySearchResult", "goog": "http://schema.googleapis.com/"}, "itemListElement": [{"@type": "EntitySearchResult", "result": {"description": "American serial killer", "@type": ["Thing", "Person"], "name": "Kenneth Bianchi", "detailedDescription": {"license": "https://en.wikipedia.org/wiki/Wikipedia:Text_of_Creative_Commons_Attribution-ShareAlike_3.0_Unported_License", "url": "https://en.wikipedia.org/wiki/Kenneth_Bianchi", "articleBody": "Kenneth Alessio Bianchi is an American serial killer, kidnapper, and rapist. He is also known for the Hillside Strangler murders along with his cousin Angelo Buono in Los Angeles, California, as well as having murdered two more women in Washington by himself. "}, "image": {"url": "https://en.wikipedia.org/wiki/Kenneth_Bianchi", "contentUrl": "http://t1.gstatic.com/images?q=tbn:ANd9GcTuntB9dYNzw6TcTx7Ks9IjMCWoHjeh_g1fFi4AYV69X2274iez"}, "@id": "kg:/m/01k7l4"}, "resultScore": 14.92391}]}