{"@type": "ItemList", "@context": {"@vocab": "http://schema.org/", "detailedDescription": "goog:detailedDescription", "resultScore": "goog:resultScore", "kg": "http://g.co/kg", "EntitySearchResult": "goog:EntitySearchResult", "goog": "http://schema.googleapis.com/"}, "itemListElement": [{"@type": "EntitySearchResult", "result": {"url": "http://www.jasminwagner.de/", "description": "Singer", "@type": ["Person", "Thing"], "name": "Jasmin Wagner", "detailedDescription": {"license": "https://en.wikipedia.org/wiki/Wikipedia:Text_of_Creative_Commons_Attribution-ShareAlike_3.0_Unported_License", "url": "https://en.wikipedia.org/wiki/Jasmin_Wagner", "articleBody": "Jasmin Wagner, better known as Bl\u00fcmchen, is a pop and dance music singer, actress, model and spokeswoman. Although she releases her English albums under the name Blossom, her German stage name \"Bl\u00fcmchen\" actually translates to \"floret\" or \"small flower\"."}, "image": {"url": "https://commons.wikimedia.org/wiki/File:Jasmin_Wagner_Berlinale_2010.jpg", "contentUrl": "http://t0.gstatic.com/images?q=tbn:ANd9GcR0lPkTe_Z9xFdBNf-awTMMGqL11j0LssTg_ZW4FxpiTnFteIz4"}, "@id": "kg:/m/01kbjh2"}, "resultScore": 19.407206}]}