{"@type": "ItemList", "@context": {"@vocab": "http://schema.org/", "detailedDescription": "goog:detailedDescription", "resultScore": "goog:resultScore", "kg": "http://g.co/kg", "EntitySearchResult": "goog:EntitySearchResult", "goog": "http://schema.googleapis.com/"}, "itemListElement": [{"@type": "EntitySearchResult", "result": {"description": "Ice hockey winger", "@type": ["Person", "Thing"], "name": "Paul Kariya", "detailedDescription": {"license": "https://en.wikipedia.org/wiki/Wikipedia:Text_of_Creative_Commons_Attribution-ShareAlike_3.0_Unported_License", "url": "https://en.wikipedia.org/wiki/Paul_Kariya", "articleBody": "Paul Tetsuhiko Kariya is a Canadian former professional ice hockey winger who played 15 seasons in the National Hockey League. Known as a skilled and fast-skating offensive player, he played in the NHL for the Mighty Ducks of Anaheim, Colorado Avalanche, Nashville Predators and St. "}, "image": {"url": "https://en.wikipedia.org/wiki/Paul_Kariya", "contentUrl": "http://t2.gstatic.com/images?q=tbn:ANd9GcSpfnhoUJihR0mZZKXnNo3a0ki0kEXPHJ3t3GOsnvJmOJYxJuMd"}, "@id": "kg:/m/01kb6l"}, "resultScore": 18.568403}]}