{"@type": "ItemList", "@context": {"@vocab": "http://schema.org/", "detailedDescription": "goog:detailedDescription", "resultScore": "goog:resultScore", "kg": "http://g.co/kg", "EntitySearchResult": "goog:EntitySearchResult", "goog": "http://schema.googleapis.com/"}, "itemListElement": [{"@type": "EntitySearchResult", "result": {"url": "http://www.mariabethania.com/", "description": "Brazilian singer", "@type": ["Person", "Thing"], "name": "Maria Beth\u00e2nia", "detailedDescription": {"license": "https://en.wikipedia.org/wiki/Wikipedia:Text_of_Creative_Commons_Attribution-ShareAlike_3.0_Unported_License", "url": "https://en.wikipedia.org/wiki/Maria_Beth%C3%A2nia", "articleBody": "Maria Beth\u00e2nia Viana Telles Veloso, known by her stage name Maria Beth\u00e2nia, is a Brazilian singer and songwriter. Born in Santo Amaro, Bahia, she started her career in Rio de Janeiro in 1964 with the show \"Opini\u00e3o\". "}, "image": {"url": "https://commons.wikimedia.org/wiki/File:Maria_bethania_expedicaosul.jpg", "contentUrl": "http://t0.gstatic.com/images?q=tbn:ANd9GcTy9xNRtugSyPrAG9r3UeKo8WgBaVa9ATpfru7c09hHWJkxpFNG"}, "@id": "kg:/m/01kfbgq"}, "resultScore": 20.525434}]}