{"@type": "ItemList", "@context": {"@vocab": "http://schema.org/", "detailedDescription": "goog:detailedDescription", "resultScore": "goog:resultScore", "kg": "http://g.co/kg", "EntitySearchResult": "goog:EntitySearchResult", "goog": "http://schema.googleapis.com/"}, "itemListElement": [{"@type": "EntitySearchResult", "result": {"description": "Canadian ice hockey player", "@type": ["Person", "Thing"], "name": "Adam Oates", "detailedDescription": {"license": "https://en.wikipedia.org/wiki/Wikipedia:Text_of_Creative_Commons_Attribution-ShareAlike_3.0_Unported_License", "url": "https://en.wikipedia.org/wiki/Adam_Oates", "articleBody": "Adam Robert Oates is a Canadian former professional ice hockey player, former co-head coach for the New Jersey Devils and former head coach for the Washington Capitals. He played 19 seasons in the National Hockey League for the Detroit Red Wings, St. "}, "image": {"url": "https://en.wikipedia.org/wiki/Adam_Oates", "contentUrl": "http://t1.gstatic.com/images?q=tbn:ANd9GcTdHnxIP4Sg_rhytEbZjCQfhj4LhBWtG_kVLcg_F4oU9n9eARyB"}, "@id": "kg:/m/01kmwy"}, "resultScore": 16.515802}]}