{"@type": "ItemList", "@context": {"@vocab": "http://schema.org/", "detailedDescription": "goog:detailedDescription", "resultScore": "goog:resultScore", "kg": "http://g.co/kg", "EntitySearchResult": "goog:EntitySearchResult", "goog": "http://schema.googleapis.com/"}, "itemListElement": [{"@type": "EntitySearchResult", "result": {"description": "American trombonist", "@type": ["Person", "Thing"], "name": "Tommy Dorsey", "detailedDescription": {"license": "https://en.wikipedia.org/wiki/Wikipedia:Text_of_Creative_Commons_Attribution-ShareAlike_3.0_Unported_License", "url": "https://en.wikipedia.org/wiki/Tommy_Dorsey", "articleBody": "Thomas Francis Dorsey Jr. was an American jazz trombonist, composer, conductor and bandleader of the big band era. He was known as the \"Sentimental Gentleman of Swing\" because of his smooth-toned trombone playing. "}, "image": {"url": "https://en.wikipedia.org/wiki/Tommy_Dorsey", "contentUrl": "http://t2.gstatic.com/images?q=tbn:ANd9GcSTO0xRSBHopZMprRQ7byDPngMecnKmmcMuO4wItjnwp-4qr_21"}, "@id": "kg:/m/01l00pg"}, "resultScore": 19.575556}]}