{"@type": "ItemList", "@context": {"@vocab": "http://schema.org/", "detailedDescription": "goog:detailedDescription", "resultScore": "goog:resultScore", "kg": "http://g.co/kg", "EntitySearchResult": "goog:EntitySearchResult", "goog": "http://schema.googleapis.com/"}, "itemListElement": [{"@type": "EntitySearchResult", "result": {"url": "http://www.maggieb.com/", "description": "American singer", "@type": ["Thing", "Person"], "name": "Margaret Becker", "detailedDescription": {"license": "https://en.wikipedia.org/wiki/Wikipedia:Text_of_Creative_Commons_Attribution-ShareAlike_3.0_Unported_License", "url": "https://en.wikipedia.org/wiki/Margaret_Becker", "articleBody": "Margaret Becker is an American Christian rock singer, guitarist, and songwriter. She has had twenty-one No. 1 Christian radio hits, won four Dove Awards, and been nominated for four Grammy Awards."}, "image": {"url": "https://en.wikipedia.org/wiki/Margaret_Becker", "contentUrl": "http://t2.gstatic.com/images?q=tbn:ANd9GcQEfDmQUcgoWi6jTJcpQTsNC9M5hZYDd24mvaHYB81YI29KryvW"}, "@id": "kg:/m/01l3scl"}, "resultScore": 14.032116}]}