{"@type": "ItemList", "@context": {"@vocab": "http://schema.org/", "detailedDescription": "goog:detailedDescription", "resultScore": "goog:resultScore", "kg": "http://g.co/kg", "EntitySearchResult": "goog:EntitySearchResult", "goog": "http://schema.googleapis.com/"}, "itemListElement": [{"@type": "EntitySearchResult", "result": {"url": "http://www.reginabelle.org/", "description": "American singer-songwriter", "@type": ["Person", "Thing"], "name": "Regina Belle", "detailedDescription": {"license": "https://en.wikipedia.org/wiki/Wikipedia:Text_of_Creative_Commons_Attribution-ShareAlike_3.0_Unported_License", "url": "https://en.wikipedia.org/wiki/Regina_Belle", "articleBody": "Regina Belle is an American singer\u2013songwriter and actress who first started her career in the mid\u20131980s. Known for her singles, \"Baby Come to Me\" and \"Make It Like It Was\", Belle's most notable for two hit duets, both with Peabo Bryson: \"Without You\", the love theme from the comedy film Leonard Part 6, recorded in 1987 and \"A Whole New World\", the main theme of the Disney's animated feature film Aladdin, recorded in 1992, with which Belle and Bryson won the Grammy award.\n"}, "image": {"url": "https://en.wikipedia.org/wiki/Regina_Belle", "contentUrl": "http://t3.gstatic.com/images?q=tbn:ANd9GcQSN1nJfg_LNH29ggJ7tB8UcirlovL7KkEWlMrp0GGXbl7C3GPN"}, "@id": "kg:/m/01l9c3z"}, "resultScore": 17.249065}]}