{"@type": "ItemList", "@context": {"@vocab": "http://schema.org/", "detailedDescription": "goog:detailedDescription", "resultScore": "goog:resultScore", "kg": "http://g.co/kg", "EntitySearchResult": "goog:EntitySearchResult", "goog": "http://schema.googleapis.com/"}, "itemListElement": [{"@type": "EntitySearchResult", "result": {"description": "American musician", "@id": "kg:/m/01lbwgr", "name": "Frankie Smith", "detailedDescription": {"license": "https://en.wikipedia.org/wiki/Wikipedia:Text_of_Creative_Commons_Attribution-ShareAlike_3.0_Unported_License", "url": "https://en.wikipedia.org/wiki/Frankie_Smith", "articleBody": "Franklyn Leon \"Frankie\" Smith is an American funk musician and R&amp;B/soul songwriter. He is best known for his 1981 single \"Double Dutch Bus\"."}, "@type": ["Person", "Thing"]}, "resultScore": 13.040977}]}