{"@type": "ItemList", "@context": {"@vocab": "http://schema.org/", "detailedDescription": "goog:detailedDescription", "resultScore": "goog:resultScore", "kg": "http://g.co/kg", "EntitySearchResult": "goog:EntitySearchResult", "goog": "http://schema.googleapis.com/"}, "itemListElement": [{"@type": "EntitySearchResult", "result": {"url": "http://lynseydepaul.com/", "description": "Singer-songwriter", "@type": ["Thing", "Person"], "name": "Lynsey de Paul", "detailedDescription": {"license": "https://en.wikipedia.org/wiki/Wikipedia:Text_of_Creative_Commons_Attribution-ShareAlike_3.0_Unported_License", "url": "https://en.wikipedia.org/wiki/Lynsey_de_Paul", "articleBody": "Lynsey de Paul was an English singer-songwriter. She had chart hits in the UK and Europe in the 1970s, starting with the UK top 10 single \"Sugar Me\", becoming the first British female artist to achieve a number one with a self-written song. "}, "image": {"url": "https://en.wikipedia.org/wiki/Lynsey_de_Paul", "contentUrl": "http://t1.gstatic.com/images?q=tbn:ANd9GcS1KXCr8me-lqrJvCx37G6GR1XPvWl0ShuWsNSdyqVlvZPqqM3x"}, "@id": "kg:/m/01lhrr6"}, "resultScore": 17.477417}]}