{"@type": "ItemList", "@context": {"@vocab": "http://schema.org/", "detailedDescription": "goog:detailedDescription", "resultScore": "goog:resultScore", "kg": "http://g.co/kg", "EntitySearchResult": "goog:EntitySearchResult", "goog": "http://schema.googleapis.com/"}, "itemListElement": [{"@type": "EntitySearchResult", "result": {"url": "http://www.realtalkent.com/albums/troy.htm", "description": "American rapper", "@type": ["Person", "Thing"], "name": "Pastor Troy", "detailedDescription": {"license": "https://en.wikipedia.org/wiki/Wikipedia:Text_of_Creative_Commons_Attribution-ShareAlike_3.0_Unported_License", "url": "https://en.wikipedia.org/wiki/Pastor_Troy", "articleBody": "Micah LeVar Troy is an American rapper. He is also a member of the hardcore rap group D.S.G.B."}, "image": {"url": "https://en.wikipedia.org/wiki/Pastor_Troy", "contentUrl": "http://t2.gstatic.com/images?q=tbn:ANd9GcSKcQztmANttryg2I36_IicadqqEzQWsDiCQ50Yrtxg0_SuB1i6"}, "@id": "kg:/m/01lm8s_"}, "resultScore": 17.608652}]}