{"@type": "ItemList", "@context": {"@vocab": "http://schema.org/", "detailedDescription": "goog:detailedDescription", "resultScore": "goog:resultScore", "kg": "http://g.co/kg", "EntitySearchResult": "goog:EntitySearchResult", "goog": "http://schema.googleapis.com/"}, "itemListElement": [{"@type": "EntitySearchResult", "result": {"url": "http://elenimandell.com/", "description": "American singer", "@type": ["Thing", "Person"], "name": "Eleni Mandell", "detailedDescription": {"license": "https://en.wikipedia.org/wiki/Wikipedia:Text_of_Creative_Commons_Attribution-ShareAlike_3.0_Unported_License", "url": "https://en.wikipedia.org/wiki/Eleni_Mandell", "articleBody": "Eleni Mandell is an American singer-songwriter. Since 2000, she has published albums through Zedtone Records in Toronto, Ontario, which in 2012 began licensing her releases to Yep Roc in the United States, and Make My Day in Europe. "}, "image": {"url": "https://en.wikipedia.org/wiki/Eleni_Mandell", "contentUrl": "http://t3.gstatic.com/images?q=tbn:ANd9GcQeTSyygpYM1itV3yGnKM3KsFmDyZa1FErewYLeosjtyIOL6cV2"}, "@id": "kg:/m/01lszxr"}, "resultScore": 14.142333}]}