{"@type": "ItemList", "@context": {"@vocab": "http://schema.org/", "detailedDescription": "goog:detailedDescription", "resultScore": "goog:resultScore", "kg": "http://g.co/kg", "EntitySearchResult": "goog:EntitySearchResult", "goog": "http://schema.googleapis.com/"}, "itemListElement": [{"@type": "EntitySearchResult", "result": {"url": "http://www.spiritinthesky.com/", "description": "American singer", "@type": ["Person", "Thing"], "name": "Norman Greenbaum", "detailedDescription": {"license": "https://en.wikipedia.org/wiki/Wikipedia:Text_of_Creative_Commons_Attribution-ShareAlike_3.0_Unported_License", "url": "https://en.wikipedia.org/wiki/Norman_Greenbaum", "articleBody": "Norman Joel Greenbaum is an American singer-songwriter. He is best known for writing and performing the 1969 song \"Spirit in the Sky\"."}, "@id": "kg:/m/01lvfbb"}, "resultScore": 16.250088}]}