{"@type": "ItemList", "@context": {"@vocab": "http://schema.org/", "detailedDescription": "goog:detailedDescription", "resultScore": "goog:resultScore", "kg": "http://g.co/kg", "EntitySearchResult": "goog:EntitySearchResult", "goog": "http://schema.googleapis.com/"}, "itemListElement": [{"@type": "EntitySearchResult", "result": {"description": "American actress", "@type": ["Person", "Thing"], "name": "Robin Tunney", "detailedDescription": {"license": "https://en.wikipedia.org/wiki/Wikipedia:Text_of_Creative_Commons_Attribution-ShareAlike_3.0_Unported_License", "url": "https://en.wikipedia.org/wiki/Robin_Tunney", "articleBody": "Robin Tunney is an American actress. She is known for her role as Teresa Lisbon on the television series The Mentalist, and her portrayal of Veronica Donovan on the first two seasons of Prison Break.\n"}, "image": {"url": "https://commons.wikimedia.org/wiki/File:RobinTunneyHWOFFeb2013.jpg", "contentUrl": "http://t0.gstatic.com/images?q=tbn:ANd9GcTpuzk3ugYC2UFAmsZ4-Z7wukC7xnUAf2bTYydJpxm5Vh4VZpD3"}, "@id": "kg:/m/01lvht"}, "resultScore": 20.492605}]}