{"@type": "ItemList", "@context": {"@vocab": "http://schema.org/", "detailedDescription": "goog:detailedDescription", "resultScore": "goog:resultScore", "kg": "http://g.co/kg", "EntitySearchResult": "goog:EntitySearchResult", "goog": "http://schema.googleapis.com/"}, "itemListElement": [{"@type": "EntitySearchResult", "result": {"url": "http://www.manzanera.com/", "description": "Musician", "@type": ["Thing", "Person"], "name": "Phil Manzanera", "detailedDescription": {"license": "https://en.wikipedia.org/wiki/Wikipedia:Text_of_Creative_Commons_Attribution-ShareAlike_3.0_Unported_License", "url": "https://en.wikipedia.org/wiki/Phil_Manzanera", "articleBody": "Phil Manzanera is an English musician and record producer. He was the lead guitarist with Roxy Music, 801, and Quiet Sun. In 2006 Manzanera co-produced David Gilmour's album On an Island and played in Gilmour's band for tours in Europe and North America. "}, "image": {"url": "https://en.wikipedia.org/wiki/Phil_Manzanera", "contentUrl": "http://t1.gstatic.com/images?q=tbn:ANd9GcQqRPCE9KLvpLf6tlls81lapW9svXJVr6qQ0RUwz54tQC5LIyG-"}, "@id": "kg:/m/01lzsn5"}, "resultScore": 17.233021}]}