{"@type": "ItemList", "@context": {"@vocab": "http://schema.org/", "detailedDescription": "goog:detailedDescription", "resultScore": "goog:resultScore", "kg": "http://g.co/kg", "EntitySearchResult": "goog:EntitySearchResult", "goog": "http://schema.googleapis.com/"}, "itemListElement": [{"@type": "EntitySearchResult", "result": {"url": "http://robbenford.com/", "description": "American guitarist", "@type": ["Person", "Thing"], "name": "Robben Ford", "detailedDescription": {"license": "https://en.wikipedia.org/wiki/Wikipedia:Text_of_Creative_Commons_Attribution-ShareAlike_3.0_Unported_License", "url": "https://en.wikipedia.org/wiki/Robben_Ford", "articleBody": "Robben Ford is an American blues, jazz, and rock guitarist. He was a member of the L.A. Express and Yellowjackets, and has collaborated with Miles Davis, Joni Mitchell, George Harrison, Larry Carlton and Kiss. "}, "image": {"url": "https://en.wikipedia.org/wiki/Robben_Ford", "contentUrl": "http://t0.gstatic.com/images?q=tbn:ANd9GcRajktriumJCOdP47iOpeNvwebPL1gsXB0m7-2i_FNDHC0z_ZHy"}, "@id": "kg:/m/01m2rg9"}, "resultScore": 18.613022}]}