{"@type": "ItemList", "@context": {"@vocab": "http://schema.org/", "detailedDescription": "goog:detailedDescription", "resultScore": "goog:resultScore", "kg": "http://g.co/kg", "EntitySearchResult": "goog:EntitySearchResult", "goog": "http://schema.googleapis.com/"}, "itemListElement": [{"@type": "EntitySearchResult", "result": {"url": "http://www.nicolecmullen.com/", "description": "American singer-songwriter", "@type": ["Thing", "Person"], "name": "Nicole C. Mullen", "detailedDescription": {"license": "https://en.wikipedia.org/wiki/Wikipedia:Text_of_Creative_Commons_Attribution-ShareAlike_3.0_Unported_License", "url": "https://en.wikipedia.org/wiki/Nicole_C._Mullen", "articleBody": "Aileen Nicole Coleman-Mullen, known professionally as Nicole C. Mullen, is an American singer, songwriter, and choreographer. She was born and raised in Cincinnati, Ohio."}, "image": {"url": "https://en.wikipedia.org/wiki/Nicole_C._Mullen", "contentUrl": "http://t3.gstatic.com/images?q=tbn:ANd9GcSoJXU9qDLxE158CBw-SlsybNBmj7D3u465o4i7DyLWh9OYESid"}, "@id": "kg:/m/01m298x"}, "resultScore": 15.815913}]}