{"@type": "ItemList", "@context": {"@vocab": "http://schema.org/", "detailedDescription": "goog:detailedDescription", "resultScore": "goog:resultScore", "kg": "http://g.co/kg", "EntitySearchResult": "goog:EntitySearchResult", "goog": "http://schema.googleapis.com/"}, "itemListElement": [{"@type": "EntitySearchResult", "result": {"url": "http://www.emittrhodesmusic.net/", "description": "American singer", "@type": ["Person", "Thing"], "name": "Emitt Rhodes", "detailedDescription": {"license": "https://en.wikipedia.org/wiki/Wikipedia:Text_of_Creative_Commons_Attribution-ShareAlike_3.0_Unported_License", "url": "https://en.wikipedia.org/wiki/Emitt_Rhodes", "articleBody": "Emitt Lynn Rhodes is an American singer-songwriter, multi-instrumentalist and recording engineer. Rhodes began his career in musical ensembles The Palace Guard as the group's drummer before joining The Merry-Go-Round as a multi-instrumentalist."}, "@id": "kg:/m/01mcc7k"}, "resultScore": 14.438002}]}