{"@type": "ItemList", "@context": {"@vocab": "http://schema.org/", "detailedDescription": "goog:detailedDescription", "resultScore": "goog:resultScore", "kg": "http://g.co/kg", "EntitySearchResult": "goog:EntitySearchResult", "goog": "http://schema.googleapis.com/"}, "itemListElement": [{"@type": "EntitySearchResult", "result": {"url": "https://www.vprecords.com/jah-cure/", "description": "Jamaican musician", "@type": ["Thing", "Person"], "name": "Jah Cure", "detailedDescription": {"license": "https://en.wikipedia.org/wiki/Wikipedia:Text_of_Creative_Commons_Attribution-ShareAlike_3.0_Unported_License", "url": "https://en.wikipedia.org/wiki/Jah_Cure", "articleBody": "Jah Cure, or Iyah Cure is a Jamaican reggae musician, who was raised in Kingston. He was given the name Jah Cure by Capleton whom he met while growing up in Kingston. Jah Cure is also known as the King of Lovers Rock and Roots Reggae."}, "image": {"url": "https://commons.wikimedia.org/wiki/File:Jah_Cure_Lean_On_Rasta_Wall.jpg", "contentUrl": "http://t2.gstatic.com/images?q=tbn:ANd9GcTA418fyQDkpSekLXw7w4VYdXrPEGj6FfQC5YnKSjI1cgg_6cbk"}, "@id": "kg:/m/01mj9rz"}, "resultScore": 17.909359}]}