{"@type": "ItemList", "@context": {"@vocab": "http://schema.org/", "detailedDescription": "goog:detailedDescription", "resultScore": "goog:resultScore", "kg": "http://g.co/kg", "EntitySearchResult": "goog:EntitySearchResult", "goog": "http://schema.googleapis.com/"}, "itemListElement": [{"@type": "EntitySearchResult", "result": {"url": "http://www.patricerushen.com/", "description": "American jazz pianist", "@type": ["Person", "Thing"], "name": "Patrice Rushen", "detailedDescription": {"license": "https://en.wikipedia.org/wiki/Wikipedia:Text_of_Creative_Commons_Attribution-ShareAlike_3.0_Unported_License", "url": "https://en.wikipedia.org/wiki/Patrice_Rushen", "articleBody": "Patrice Louise Rushen is an American jazz pianist and R&amp;B singer. She is also a composer, record producer, multi-instrumentalist, songwriter, and music director. "}, "image": {"url": "https://en.wikipedia.org/wiki/Patrice_Rushen", "contentUrl": "http://t3.gstatic.com/images?q=tbn:ANd9GcSFW4sx8YSIpv8f11BcBkJErGBa-K1w1H4J7vkSJLgHMf2ohXr_"}, "@id": "kg:/m/01mj9q3"}, "resultScore": 17.689964}]}