{"@type": "ItemList", "@context": {"@vocab": "http://schema.org/", "detailedDescription": "goog:detailedDescription", "resultScore": "goog:resultScore", "kg": "http://g.co/kg", "EntitySearchResult": "goog:EntitySearchResult", "goog": "http://schema.googleapis.com/"}, "itemListElement": [{"@type": "EntitySearchResult", "result": {"url": "http://www.billieraymartin.com/", "description": "Singer", "@type": ["Person", "Thing"], "name": "Billie Ray Martin", "detailedDescription": {"license": "https://en.wikipedia.org/wiki/Wikipedia:Text_of_Creative_Commons_Attribution-ShareAlike_3.0_Unported_License", "url": "https://en.wikipedia.org/wiki/Billie_Ray_Martin", "articleBody": "Billie Ray Martin is a German singer-songwriter, known for her single \"Your Loving Arms\", which reached the Top 10 of both the UK Singles Chart and the Irish Singles Chart in 1995, and reached number one on the US Dance Club Chart. "}, "@id": "kg:/m/01mjv_h"}, "resultScore": 14.154911}]}