{"@type": "ItemList", "@context": {"@vocab": "http://schema.org/", "detailedDescription": "goog:detailedDescription", "resultScore": "goog:resultScore", "kg": "http://g.co/kg", "EntitySearchResult": "goog:EntitySearchResult", "goog": "http://schema.googleapis.com/"}, "itemListElement": [{"@type": "EntitySearchResult", "result": {"description": "Swedish singer-songwriter", "@id": "kg:/m/01ml38h", "name": "Ted G\u00e4rdestad", "detailedDescription": {"license": "https://en.wikipedia.org/wiki/Wikipedia:Text_of_Creative_Commons_Attribution-ShareAlike_3.0_Unported_License", "url": "https://en.wikipedia.org/wiki/Ted_G%C3%A4rdestad", "articleBody": "Ted Arnbj\u00f6rn G\u00e4rdestad was a Swedish singer, songwriter, musician and actor known internationally as Ted. G\u00e4rdestad began his acting career in 1966 and began playing music in 1971, signing with Polar Music. "}, "@type": ["Person", "Thing"]}, "resultScore": 20.038467}]}