{"@type": "ItemList", "@context": {"@vocab": "http://schema.org/", "detailedDescription": "goog:detailedDescription", "resultScore": "goog:resultScore", "kg": "http://g.co/kg", "EntitySearchResult": "goog:EntitySearchResult", "goog": "http://schema.googleapis.com/"}, "itemListElement": [{"@type": "EntitySearchResult", "result": {"url": "http://www.lolaflores.net/", "description": "Spanish actress", "@type": ["Thing", "Person"], "name": "Lolita Flores", "detailedDescription": {"license": "https://en.wikipedia.org/wiki/Wikipedia:Text_of_Creative_Commons_Attribution-ShareAlike_3.0_Unported_License", "url": "https://en.wikipedia.org/wiki/Lolita_Flores", "articleBody": "Mar\u00eda Dolores Gonz\u00e1lez Flores better known as Lolita, is a Spanish actress and singer. She is the daughter of Lola Flores and Antonio Gonz\u00e1lez, sister of Antonio Flores and Rosario Flores. "}, "image": {"url": "https://en.wikipedia.org/wiki/Lolita_Flores", "contentUrl": "http://t1.gstatic.com/images?q=tbn:ANd9GcRkvxSjaRKnMojwSpaQruP4FbrD20irDIcu-LMuF059ckIKnrb5"}, "@id": "kg:/m/01mpf1c"}, "resultScore": 17.783188}]}