{"@type": "ItemList", "@context": {"@vocab": "http://schema.org/", "detailedDescription": "goog:detailedDescription", "resultScore": "goog:resultScore", "kg": "http://g.co/kg", "EntitySearchResult": "goog:EntitySearchResult", "goog": "http://schema.googleapis.com/"}, "itemListElement": [{"@type": "EntitySearchResult", "result": {"url": "http://www.deedeesharp.com/", "description": "American singer", "@type": ["Thing", "Person"], "name": "Dee Dee Sharp", "detailedDescription": {"license": "https://en.wikipedia.org/wiki/Wikipedia:Text_of_Creative_Commons_Attribution-ShareAlike_3.0_Unported_License", "url": "https://en.wikipedia.org/wiki/Dee_Dee_Sharp", "articleBody": "Dee Dee Sharp is an American R&amp;B singer, who began her career recording as a backing vocalist in 1961."}, "@id": "kg:/m/01mq3p_"}, "resultScore": 15.149598}]}