{"@type": "ItemList", "@context": {"@vocab": "http://schema.org/", "detailedDescription": "goog:detailedDescription", "resultScore": "goog:resultScore", "kg": "http://g.co/kg", "EntitySearchResult": "goog:EntitySearchResult", "goog": "http://schema.googleapis.com/"}, "itemListElement": [{"@type": "EntitySearchResult", "result": {"url": "http://www.kaitigarbi.com.gr/index.php/el/", "description": "Greek singer", "@type": ["Person", "Thing"], "name": "Katy Garbi", "detailedDescription": {"license": "https://en.wikipedia.org/wiki/Wikipedia:Text_of_Creative_Commons_Attribution-ShareAlike_3.0_Unported_License", "url": "https://en.wikipedia.org/wiki/Katy_Garbi", "articleBody": "Katerina \"Katy\" Garbi is a Greek singer active in Greece and Cyprus, with some popularity in Turkey. Her career has spanned over 30 years and is marked by several multi-platinum releases. "}, "image": {"url": "https://en.wikipedia.org/wiki/Katy_Garbi", "contentUrl": "http://t0.gstatic.com/images?q=tbn:ANd9GcTuYva5T0VIDIoNyHDCCXrs08iwTofUV6bDa8KY9q8-ABdELrqs"}, "@id": "kg:/m/01n0gfd"}, "resultScore": 17.731405}]}