{"@type": "ItemList", "@context": {"@vocab": "http://schema.org/", "detailedDescription": "goog:detailedDescription", "resultScore": "goog:resultScore", "kg": "http://g.co/kg", "EntitySearchResult": "goog:EntitySearchResult", "goog": "http://schema.googleapis.com/"}, "itemListElement": [{"@type": "EntitySearchResult", "result": {"url": "https://alicerussellmusic.bandcamp.com/", "description": "British singer", "@type": ["Person", "Thing"], "name": "Alice Russell", "detailedDescription": {"license": "https://en.wikipedia.org/wiki/Wikipedia:Text_of_Creative_Commons_Attribution-ShareAlike_3.0_Unported_License", "url": "https://en.wikipedia.org/wiki/Alice_Russell_(singer)", "articleBody": "Alice Russell is a British soul singer. She is the daughter of an organist, and grew up in Framlingham, Suffolk. At the age of nine, following in her father and sisters' musical footsteps, Russell began taking lessons on the cello, and sang in choirs, before studying art and music in Brighton from 1994.\n"}, "image": {"url": "https://en.wikipedia.org/wiki/Alice_Russell_(singer)", "contentUrl": "http://t3.gstatic.com/images?q=tbn:ANd9GcT9Y5OFKUFkp07Mzt2MfwO8tlFvGPvFhDrJg6mdTEAucQYBLH5i"}, "@id": "kg:/m/01n2w82"}, "resultScore": 14.778241}]}