{"@type": "ItemList", "@context": {"@vocab": "http://schema.org/", "detailedDescription": "goog:detailedDescription", "resultScore": "goog:resultScore", "kg": "http://g.co/kg", "EntitySearchResult": "goog:EntitySearchResult", "goog": "http://schema.googleapis.com/"}, "itemListElement": [{"@type": "EntitySearchResult", "result": {"url": "http://www.lale-andersen.de/", "description": "Singer", "@type": ["Person", "Thing"], "name": "Lale Andersen", "detailedDescription": {"license": "https://en.wikipedia.org/wiki/Wikipedia:Text_of_Creative_Commons_Attribution-ShareAlike_3.0_Unported_License", "url": "https://en.wikipedia.org/wiki/Lale_Andersen", "articleBody": "Lale Andersen was a German chanson singer-songwriter and actress born in Lehe. She is best known for her interpretation of the song Lili Marleen in 1939, which by 1941 transcended the conflict to become World War II's biggest international hit. "}, "image": {"url": "https://commons.wikimedia.org/wiki/File:Alter_Wasserturm_und_Lale_Andersen-Denkmal_Langeoog_Hauptstra%C3%9Fe.jpg", "contentUrl": "http://t2.gstatic.com/images?q=tbn:ANd9GcSVgpkshTaaQGkC-8IyGEy2UNTU8U7cCU56sS5xaV8bFQ-nWarz"}, "@id": "kg:/m/01n38r9"}, "resultScore": 17.333534}]}