{"@type": "ItemList", "@context": {"@vocab": "http://schema.org/", "detailedDescription": "goog:detailedDescription", "resultScore": "goog:resultScore", "kg": "http://g.co/kg", "EntitySearchResult": "goog:EntitySearchResult", "goog": "http://schema.googleapis.com/"}, "itemListElement": [{"@type": "EntitySearchResult", "result": {"description": "American singer", "@id": "kg:/m/01n83q4", "name": "Arthur Prysock", "detailedDescription": {"license": "https://en.wikipedia.org/wiki/Wikipedia:Text_of_Creative_Commons_Attribution-ShareAlike_3.0_Unported_License", "url": "https://en.wikipedia.org/wiki/Arthur_Prysock", "articleBody": "Arthur Prysock Jr. was an American jazz and R&amp;B singer best known for his live shows and his baritone, influenced by Billy Eckstine. According to his obituary in The New York Times, \"his heavy, deep voice projected a calm, reassuring virility.\""}, "@type": ["Person", "Thing"]}, "resultScore": 13.88911}]}