{"@type": "ItemList", "@context": {"@vocab": "http://schema.org/", "detailedDescription": "goog:detailedDescription", "resultScore": "goog:resultScore", "kg": "http://g.co/kg", "EntitySearchResult": "goog:EntitySearchResult", "goog": "http://schema.googleapis.com/"}, "itemListElement": [{"@type": "EntitySearchResult", "result": {"url": "http://www.merrileerush.com/merrileerush.com/Home.html", "description": "American singer", "@type": ["Thing", "Person"], "name": "Merrilee Rush", "detailedDescription": {"license": "https://en.wikipedia.org/wiki/Wikipedia:Text_of_Creative_Commons_Attribution-ShareAlike_3.0_Unported_License", "url": "https://en.wikipedia.org/wiki/Merrilee_Rush", "articleBody": "Merrilee Rush is an American singer, best known for her recording of the song \"Angel of the Morning\", a Top 10 hit which earned her a Grammy nomination for female vocalist of the year in 1968."}, "image": {"url": "https://commons.wikimedia.org/wiki/File:Merrilee_Rush_06.jpg", "contentUrl": "http://t3.gstatic.com/images?q=tbn:ANd9GcTLSdiu4U2ShuR0Z-NeTY9utX9Z9pDDVAs6dq9X6tkLpmi9PpP3"}, "@id": "kg:/m/01n9_nx"}, "resultScore": 13.739293}]}