{"@type": "ItemList", "@context": {"@vocab": "http://schema.org/", "detailedDescription": "goog:detailedDescription", "resultScore": "goog:resultScore", "kg": "http://g.co/kg", "EntitySearchResult": "goog:EntitySearchResult", "goog": "http://schema.googleapis.com/"}, "itemListElement": [{"@type": "EntitySearchResult", "result": {"description": "Canadian musician", "@type": ["Person", "Thing"], "name": "Aaron Lines", "detailedDescription": {"license": "https://en.wikipedia.org/wiki/Wikipedia:Text_of_Creative_Commons_Attribution-ShareAlike_3.0_Unported_License", "url": "https://en.wikipedia.org/wiki/Aaron_Lines", "articleBody": "Anthony Aaron Lines is a Canadian country musician. Active since 2001, he has recorded for RCA Nashville, BNA and On Ramp Records, and has charted three singles on the Hot Country Songs charts in the United States."}, "image": {"url": "https://en.wikipedia.org/wiki/Aaron_Lines", "contentUrl": "http://t3.gstatic.com/images?q=tbn:ANd9GcSurYFHcIN60KCXxN_4a2ajmI8U8yOjXlyrDBveHFpetr3hvlSX"}, "@id": "kg:/m/01nksk9"}, "resultScore": 12.316082}]}