{"@type": "ItemList", "@context": {"@vocab": "http://schema.org/", "detailedDescription": "goog:detailedDescription", "resultScore": "goog:resultScore", "kg": "http://g.co/kg", "EntitySearchResult": "goog:EntitySearchResult", "goog": "http://schema.googleapis.com/"}, "itemListElement": [{"@type": "EntitySearchResult", "result": {"description": "Filmmaker", "@type": ["Person", "Thing"], "name": "Jan \u0160vankmajer", "detailedDescription": {"license": "https://en.wikipedia.org/wiki/Wikipedia:Text_of_Creative_Commons_Attribution-ShareAlike_3.0_Unported_License", "url": "https://en.wikipedia.org/wiki/Jan_%C5%A0vankmajer", "articleBody": "Jan \u0160vankmajer is a Czech filmmaker and artist whose work spans several media. He is a self-labeled surrealist known for his animations and features, which have greatly influenced other artists such as Terry Gilliam, the Brothers Quay, and many others."}, "image": {"url": "https://commons.wikimedia.org/wiki/File:Jan_Svankmajer_Crystal_Globe_crop.JPG", "contentUrl": "http://t3.gstatic.com/images?q=tbn:ANd9GcT0CWX3PhV05ts-B7fNft5dZz7n0jLmowlfptKUEGp6Q1vCWk8X"}, "@id": "kg:/m/01nq8s"}, "resultScore": 17.965555}]}