{"@type": "ItemList", "@context": {"@vocab": "http://schema.org/", "detailedDescription": "goog:detailedDescription", "resultScore": "goog:resultScore", "kg": "http://g.co/kg", "EntitySearchResult": "goog:EntitySearchResult", "goog": "http://schema.googleapis.com/"}, "itemListElement": [{"@type": "EntitySearchResult", "result": {"url": "http://www.tonycarreira.com/", "description": "Portuguese musician", "@type": ["Person", "Thing"], "name": "Tony Carreira", "detailedDescription": {"license": "https://en.wikipedia.org/wiki/Wikipedia:Text_of_Creative_Commons_Attribution-ShareAlike_3.0_Unported_License", "url": "https://en.wikipedia.org/wiki/Tony_Carreira", "articleBody": "Tony Carreira is a Portuguese musician. Born in the small rural locality of Armadouro, Pampilhosa da Serra, he moved to Paris at age 10 with his emigrant parents. He lived there for 20 years. "}, "image": {"url": "https://en.wikipedia.org/wiki/Tony_Carreira", "contentUrl": "http://t1.gstatic.com/images?q=tbn:ANd9GcT1G2aIwfOz87tli1ZkDZu24RtHAEeGALiClVmzR3oMnGGj5V_e"}, "@id": "kg:/m/01nq1bn"}, "resultScore": 18.425695}]}