{"@type": "ItemList", "@context": {"@vocab": "http://schema.org/", "detailedDescription": "goog:detailedDescription", "resultScore": "goog:resultScore", "kg": "http://g.co/kg", "EntitySearchResult": "goog:EntitySearchResult", "goog": "http://schema.googleapis.com/"}, "itemListElement": [{"@type": "EntitySearchResult", "result": {"url": "http://jonathancainmusic.com/", "description": "American musician", "@type": ["Thing", "Person"], "name": "Jonathan Cain", "detailedDescription": {"license": "https://en.wikipedia.org/wiki/Wikipedia:Text_of_Creative_Commons_Attribution-ShareAlike_3.0_Unported_License", "url": "https://en.wikipedia.org/wiki/Jonathan_Cain", "articleBody": "Jonathan Cain is an American musician, singer, and songwriter best known for his work with The Babys, Journey, and Bad English. Cain was inducted into the Rock and Roll Hall of Fame as a member of Journey on April 7, 2017."}, "image": {"url": "https://en.wikipedia.org/wiki/Jonathan_Cain", "contentUrl": "http://t1.gstatic.com/images?q=tbn:ANd9GcTDaxyUYhLVxgSrFLYCMDERwHLuz3fcMC3qAxaORTWM__cY-FtH"}, "@id": "kg:/m/01p6_6v"}, "resultScore": 18.297405}]}