{"@type": "ItemList", "@context": {"@vocab": "http://schema.org/", "detailedDescription": "goog:detailedDescription", "resultScore": "goog:resultScore", "kg": "http://g.co/kg", "EntitySearchResult": "goog:EntitySearchResult", "goog": "http://schema.googleapis.com/"}, "itemListElement": [{"@type": "EntitySearchResult", "result": {"description": "Writer", "@type": ["Person", "Thing"], "name": "Gertrude Bell", "detailedDescription": {"license": "https://en.wikipedia.org/wiki/Wikipedia:Text_of_Creative_Commons_Attribution-ShareAlike_3.0_Unported_License", "url": "https://en.wikipedia.org/wiki/Gertrude_Bell", "articleBody": "Gertrude Margaret Lowthian Bell, CBE was an English writer, traveller, political officer, administrator, and archaeologist who explored, mapped, and became highly influential to British imperial policy-making due to her knowledge and contacts, built up through extensive travels in Greater Syria, Mesopotamia, Asia Minor, and Arabia. "}, "image": {"url": "https://commons.wikimedia.org/wiki/File:BellK_218_Gertrude_Bell_in_Iraq_in_1909_age_41.jpg", "contentUrl": "http://t0.gstatic.com/images?q=tbn:ANd9GcQe7ShTQiCCbKw728Hqc9CLL1j0GPlP0ieRoGnlgaD5mcxAp2WJ"}, "@id": "kg:/m/01p6l6"}, "resultScore": 18.749865}]}