{"@type": "ItemList", "@context": {"@vocab": "http://schema.org/", "detailedDescription": "goog:detailedDescription", "resultScore": "goog:resultScore", "kg": "http://g.co/kg", "EntitySearchResult": "goog:EntitySearchResult", "goog": "http://schema.googleapis.com/"}, "itemListElement": [{"@type": "EntitySearchResult", "result": {"description": "English singer", "@id": "kg:/m/01p77h_", "name": "Rik Waller", "detailedDescription": {"license": "https://en.wikipedia.org/wiki/Wikipedia:Text_of_Creative_Commons_Attribution-ShareAlike_3.0_Unported_License", "url": "https://en.wikipedia.org/wiki/Rik_Waller", "articleBody": "Richard \"Rik\" Waller is an English pop singer. After appearing as a contestant on the TV series Pop Idol, he had two UK Top 40 hits with cover versions of \"I Will Always Love You\" and \" So Strong\"."}, "@type": ["Thing", "Person"]}, "resultScore": 14.034205}]}