{"@type": "ItemList", "@context": {"@vocab": "http://schema.org/", "detailedDescription": "goog:detailedDescription", "resultScore": "goog:resultScore", "kg": "http://g.co/kg", "EntitySearchResult": "goog:EntitySearchResult", "goog": "http://schema.googleapis.com/"}, "itemListElement": [{"@type": "EntitySearchResult", "result": {"url": "http://www.naomicampbell.com/", "description": "British model", "@type": ["Person", "Thing"], "name": "Naomi Campbell", "detailedDescription": {"license": "https://en.wikipedia.org/wiki/Wikipedia:Text_of_Creative_Commons_Attribution-ShareAlike_3.0_Unported_License", "url": "https://en.wikipedia.org/wiki/Naomi_Campbell", "articleBody": "Naomi Elaine Campbell is a British model, actress, singer and businesswoman. Recruited at the age of 15, she established herself amongst the most recognizable and in-demand models of the late 1980s and the 1990s and was one of six models of her generation declared supermodels by the fashion industry and the international press.\n"}, "image": {"url": "https://commons.wikimedia.org/wiki/File:Naomi_Campbell_Cannes_2017_2.jpg", "contentUrl": "http://t0.gstatic.com/images?q=tbn:ANd9GcQ_6CBJr4D2ap-koSLKwtq7dmoeiSTZRq5wVJo1fNfen0BO6PyA"}, "@id": "kg:/m/01pcrw"}, "resultScore": 23.500975}]}