{"@type": "ItemList", "@context": {"@vocab": "http://schema.org/", "detailedDescription": "goog:detailedDescription", "resultScore": "goog:resultScore", "kg": "http://g.co/kg", "EntitySearchResult": "goog:EntitySearchResult", "goog": "http://schema.googleapis.com/"}, "itemListElement": [{"@type": "EntitySearchResult", "result": {"description": "Singer", "@type": ["Thing", "Person"], "name": "Lisa Scott-Lee", "detailedDescription": {"license": "https://en.wikipedia.org/wiki/Wikipedia:Text_of_Creative_Commons_Attribution-ShareAlike_3.0_Unported_License", "url": "https://en.wikipedia.org/wiki/Lisa_Scott-Lee", "articleBody": "Lisa Michelle Scott-Lee is a Welsh singer. She is a graduate of the Italia Conti Academy of Theatre Arts stage school. Scott-Lee is best known as being a member of pop group Steps who formed in 1997 before splitting in 2001, the band reformed in 2011 and have been touring since 2012. "}, "image": {"url": "https://commons.wikimedia.org/wiki/File:Nottingham_Pride_MMB_06_Lisa_Scott-Lee.jpg", "contentUrl": "http://t1.gstatic.com/images?q=tbn:ANd9GcTo54_PAq7ltf1Mb1Z9hxzdyFlYae7tdN1fNDpJXBN_KAjO2qow"}, "@id": "kg:/m/01pf0zt"}, "resultScore": 16.07411}]}