{"@type": "ItemList", "@context": {"@vocab": "http://schema.org/", "detailedDescription": "goog:detailedDescription", "resultScore": "goog:resultScore", "kg": "http://g.co/kg", "EntitySearchResult": "goog:EntitySearchResult", "goog": "http://schema.googleapis.com/"}, "itemListElement": [{"@type": "EntitySearchResult", "result": {"url": "http://joyinjesus.org/mablejohn/", "description": "American vocalist", "@type": ["Person", "Thing"], "name": "Mable John", "detailedDescription": {"license": "https://en.wikipedia.org/wiki/Wikipedia:Text_of_Creative_Commons_Attribution-ShareAlike_3.0_Unported_License", "url": "https://en.wikipedia.org/wiki/Mable_John", "articleBody": "Mable John is an American blues vocalist and was the first female signed by Berry Gordy to Motown's Tamla label."}, "@id": "kg:/m/01pfkj6"}, "resultScore": 12.684764}]}