{"@type": "ItemList", "@context": {"@vocab": "http://schema.org/", "detailedDescription": "goog:detailedDescription", "resultScore": "goog:resultScore", "kg": "http://g.co/kg", "EntitySearchResult": "goog:EntitySearchResult", "goog": "http://schema.googleapis.com/"}, "itemListElement": [{"@type": "EntitySearchResult", "result": {"description": "American actress", "@type": ["Thing", "Person"], "name": "Jennifer Love Hewitt", "detailedDescription": {"license": "https://en.wikipedia.org/wiki/Wikipedia:Text_of_Creative_Commons_Attribution-ShareAlike_3.0_Unported_License", "url": "https://en.wikipedia.org/wiki/Jennifer_Love_Hewitt", "articleBody": "Jennifer Love Hewitt is an American actress, singer, songwriter, producer and director. Hewitt began her career as a child actress and singer, appearing in national television commercials before joining the cast of the Disney Channel series Kids Incorporated as well as performing as a backup singer before recording her debut studio album at the age of 12, Love Songs, which was released exclusively in Japan. "}, "image": {"url": "https://commons.wikimedia.org/wiki/File:Jennifer_Love_Hewitt_LF2.jpg", "contentUrl": "http://t1.gstatic.com/images?q=tbn:ANd9GcRcZnNlvLUF7CckuvlSE2MelqYgIlcT8kiwxfzfZ_XZZ8wtwz3d"}, "@id": "kg:/m/01pgk0"}, "resultScore": 23.765482}]}