{"@type": "ItemList", "@context": {"@vocab": "http://schema.org/", "detailedDescription": "goog:detailedDescription", "resultScore": "goog:resultScore", "kg": "http://g.co/kg", "EntitySearchResult": "goog:EntitySearchResult", "goog": "http://schema.googleapis.com/"}, "itemListElement": [{"@type": "EntitySearchResult", "result": {"description": "American singer", "@type": ["Person", "Thing"], "name": "Ketty Lester", "detailedDescription": {"license": "https://en.wikipedia.org/wiki/Wikipedia:Text_of_Creative_Commons_Attribution-ShareAlike_3.0_Unported_License", "url": "https://en.wikipedia.org/wiki/Ketty_Lester", "articleBody": "Ketty Lester is an American singer and actress known for her 1962 hit single \"Love Letters\", which reached the top 5 of the charts in the U.S. and the U.K. "}, "image": {"url": "https://en.wikipedia.org/wiki/Ketty_Lester", "contentUrl": "http://t2.gstatic.com/images?q=tbn:ANd9GcSz6KhGrsU2kYErZh4f3LKnchhTlL9mL7QgSMOhWgVdR30TGS4x"}, "@id": "kg:/m/01phn98"}, "resultScore": 15.384641}]}