{"@type": "ItemList", "@context": {"@vocab": "http://schema.org/", "detailedDescription": "goog:detailedDescription", "resultScore": "goog:resultScore", "kg": "http://g.co/kg", "EntitySearchResult": "goog:EntitySearchResult", "goog": "http://schema.googleapis.com/"}, "itemListElement": [{"@type": "EntitySearchResult", "result": {"description": "South Korean singer", "@type": ["Thing", "Person"], "name": "Bada", "detailedDescription": {"license": "https://en.wikipedia.org/wiki/Wikipedia:Text_of_Creative_Commons_Attribution-ShareAlike_3.0_Unported_License", "url": "https://en.wikipedia.org/wiki/Bada_(singer)", "articleBody": "Choi Sung-hee, known professionally as Bada, is a South Korean singer, composer and musical actress. She debuted as a member of the South Korean girl group S.E.S. in 1997. "}, "image": {"url": "https://zh.wikipedia.org/zh-hant/Bada_(%E6%AD%8C%E6%89%8B)", "contentUrl": "http://t1.gstatic.com/images?q=tbn:ANd9GcSPYSoSC7Vw9Iexxn70RfuIbg_D9WwRx2kZDQ7Bmuf8yoiOKUA6"}, "@id": "kg:/m/01pnnmj"}, "resultScore": 17.012392}]}