{"@type": "ItemList", "@context": {"@vocab": "http://schema.org/", "detailedDescription": "goog:detailedDescription", "resultScore": "goog:resultScore", "kg": "http://g.co/kg", "EntitySearchResult": "goog:EntitySearchResult", "goog": "http://schema.googleapis.com/"}, "itemListElement": [{"@type": "EntitySearchResult", "result": {"url": "http://www.martynjoseph.net/", "description": "Welsh singer-songwriter", "@type": ["Thing", "Person"], "name": "Martyn Joseph", "detailedDescription": {"license": "https://en.wikipedia.org/wiki/Wikipedia:Text_of_Creative_Commons_Attribution-ShareAlike_3.0_Unported_License", "url": "https://en.wikipedia.org/wiki/Martyn_Joseph", "articleBody": "Martyn Joseph is a Welsh singer-songwriter whose music exhibits primarily a brand of Celtic and folk, while his songwriting is often focused on social lament or protest. "}, "image": {"url": "https://en.wikipedia.org/wiki/Martyn_Joseph", "contentUrl": "http://t3.gstatic.com/images?q=tbn:ANd9GcRjp0NpZmVXYMJabLE1a84wLuF0e3UGL2DXC5nXYCGT14LBtTzB"}, "@id": "kg:/m/01pr41h"}, "resultScore": 14.997538}]}