{"@type": "ItemList", "@context": {"@vocab": "http://schema.org/", "detailedDescription": "goog:detailedDescription", "resultScore": "goog:resultScore", "kg": "http://g.co/kg", "EntitySearchResult": "goog:EntitySearchResult", "goog": "http://schema.googleapis.com/"}, "itemListElement": [{"@type": "EntitySearchResult", "result": {"url": "http://www.joyfielding.com/", "description": "Canadian novelist", "@type": ["Person", "Thing"], "name": "Joy Fielding", "detailedDescription": {"license": "https://en.wikipedia.org/wiki/Wikipedia:Text_of_Creative_Commons_Attribution-ShareAlike_3.0_Unported_License", "url": "https://en.wikipedia.org/wiki/Joy_Fielding", "articleBody": "Joy Fielding is a Canadian novelist and actress. She lives in Toronto, Ontario."}, "image": {"url": "https://en.wikipedia.org/wiki/Joy_Fielding", "contentUrl": "http://t3.gstatic.com/images?q=tbn:ANd9GcRtjUtLfLnXY71SJyymEz1zwJJMYhUci7lLqG_lu7wvJ76GCsA7"}, "@id": "kg:/m/01pwpw"}, "resultScore": 15.096707}]}