{"@type": "ItemList", "@context": {"@vocab": "http://schema.org/", "detailedDescription": "goog:detailedDescription", "resultScore": "goog:resultScore", "kg": "http://g.co/kg", "EntitySearchResult": "goog:EntitySearchResult", "goog": "http://schema.googleapis.com/"}, "itemListElement": [{"@type": "EntitySearchResult", "result": {"description": "Singer", "@type": ["Person", "Thing"], "name": "Eason Chan", "detailedDescription": {"license": "https://en.wikipedia.org/wiki/Wikipedia:Text_of_Creative_Commons_Attribution-ShareAlike_3.0_Unported_License", "url": "https://en.wikipedia.org/wiki/Eason_Chan", "articleBody": "Eason Chan Yick-shun is a Hong Kong singer and actor. Chan was ranked number \"6\" in the 2013 Forbes China Celebrity Top 100 List.\nIn 2005, Chan's Cantonese album U87 was named one of Time magazine's \"Five Asian Albums Worth Buying\". Chan has won a number of Golden Melody Awards. In 2003, he won Best Mandarin Male Singer and Best Mandarin Album for Special Thanks To.... In 2009, he won Best Mandarin Album for Don't Want to Let Go. Chan won his second Best Mandarin Male Singer award in 2015, for the album Rice and Shine. In 2014, Chan's net worth was HK$100 million. In 2018, Chan was named Best Mandarin Male Singer for the third time, for the album C'mon In~."}, "image": {"url": "https://zh.wikipedia.org/zh/File:Eason_getalife.jpg", "contentUrl": "http://t3.gstatic.com/images?q=tbn:ANd9GcQLHsXoX5vf01ky_7cLXBbmeHHJGMIkzgrf9MQz2gdqcNyHAVTH"}, "@id": "kg:/m/01pww7v"}, "resultScore": 21.862776}]}