{"@type": "ItemList", "@context": {"@vocab": "http://schema.org/", "detailedDescription": "goog:detailedDescription", "resultScore": "goog:resultScore", "kg": "http://g.co/kg", "EntitySearchResult": "goog:EntitySearchResult", "goog": "http://schema.googleapis.com/"}, "itemListElement": [{"@type": "EntitySearchResult", "result": {"description": "Composer", "@id": "kg:/m/01pxwhh", "name": "Ernest Bloch", "detailedDescription": {"license": "https://en.wikipedia.org/wiki/Wikipedia:Text_of_Creative_Commons_Attribution-ShareAlike_3.0_Unported_License", "url": "https://en.wikipedia.org/wiki/Ernest_Bloch", "articleBody": "Ernest Bloch was a Swiss-born American composer. Bloch was a pre-eminent artist in his day and left a lasting legacy. He is recognised as one of the greatest Swiss composers in history. "}, "@type": ["Person", "Thing"]}, "resultScore": 15.65723}]}