{"@type": "ItemList", "@context": {"@vocab": "http://schema.org/", "detailedDescription": "goog:detailedDescription", "resultScore": "goog:resultScore", "kg": "http://g.co/kg", "EntitySearchResult": "goog:EntitySearchResult", "goog": "http://schema.googleapis.com/"}, "itemListElement": [{"@type": "EntitySearchResult", "result": {"description": "Singer", "@type": ["Person", "Thing"], "name": "Sophie Monk", "detailedDescription": {"license": "https://en.wikipedia.org/wiki/Wikipedia:Text_of_Creative_Commons_Attribution-ShareAlike_3.0_Unported_License", "url": "https://en.wikipedia.org/wiki/Sophie_Monk", "articleBody": "Sophie Charlene Akland Monk is an Australian singer, songwriter, actress, model, television and radio presenter and media personality. Monk was a member of the girl group Bardot and released a solo album called Calendar Girl. She has appeared in films such as Date Movie, Click, and Spring Breakdown. In 2015, Monk was declared the winner of the fourth season of The Celebrity Apprentice Australia."}, "image": {"url": "https://commons.wikimedia.org/wiki/File:Sophie_Monk_2011.jpg", "contentUrl": "http://t3.gstatic.com/images?q=tbn:ANd9GcStmOJGr2pwr-WQC9MbyGj2Bwo142RwHQUHVjVV1486kivKs_Sw"}, "@id": "kg:/m/01py97v"}, "resultScore": 19.501472}]}