{"@type": "ItemList", "@context": {"@vocab": "http://schema.org/", "detailedDescription": "goog:detailedDescription", "resultScore": "goog:resultScore", "kg": "http://g.co/kg", "EntitySearchResult": "goog:EntitySearchResult", "goog": "http://schema.googleapis.com/"}, "itemListElement": [{"@type": "EntitySearchResult", "result": {"url": "http://www.shannonnoll.com.au/", "description": "Australian singer-songwriter", "@type": ["Thing", "Person"], "name": "Shannon Noll", "detailedDescription": {"license": "https://en.wikipedia.org/wiki/Wikipedia:Text_of_Creative_Commons_Attribution-ShareAlike_3.0_Unported_License", "url": "https://en.wikipedia.org/wiki/Shannon_Noll", "articleBody": "Shannon Noll is an Australian singer-songwriter who first came to prominence as runner-up of the first season of Australian Idol in 2003, which led to him being signed to Sony BMG. "}, "image": {"url": "https://en.wikipedia.org/wiki/Shannon_Noll", "contentUrl": "http://t1.gstatic.com/images?q=tbn:ANd9GcSuiPqVYu4ZwUhg3cy4juv9A9mI7FBVyx7VEdxOgXEjcc7HRWGz"}, "@id": "kg:/m/01q2br3"}, "resultScore": 17.460779}]}