{"@type": "ItemList", "@context": {"@vocab": "http://schema.org/", "detailedDescription": "goog:detailedDescription", "resultScore": "goog:resultScore", "kg": "http://g.co/kg", "EntitySearchResult": "goog:EntitySearchResult", "goog": "http://schema.googleapis.com/"}, "itemListElement": [{"@type": "EntitySearchResult", "result": {"description": "American singer", "@type": ["Thing", "Person"], "name": "Oscar Brown", "detailedDescription": {"license": "https://en.wikipedia.org/wiki/Wikipedia:Text_of_Creative_Commons_Attribution-ShareAlike_3.0_Unported_License", "url": "https://en.wikipedia.org/wiki/Oscar_Brown", "articleBody": "Oscar Brown Jr. was an American singer, songwriter, playwright, poet, civil rights activist, and actor. He ran unsuccessfully for office in both the Illinois state legislature and the U.S. Congress. "}, "image": {"url": "https://en.wikipedia.org/wiki/Oscar_Brown", "contentUrl": "http://t3.gstatic.com/images?q=tbn:ANd9GcQruXoW7fbY0S24fCcEIcVu_iIfbFKPmFRNYGZesFIznxHrV5j0"}, "@id": "kg:/m/01q4qf6"}, "resultScore": 14.683519}]}