{"@type": "ItemList", "@context": {"@vocab": "http://schema.org/", "detailedDescription": "goog:detailedDescription", "resultScore": "goog:resultScore", "kg": "http://g.co/kg", "EntitySearchResult": "goog:EntitySearchResult", "goog": "http://schema.googleapis.com/"}, "itemListElement": [{"@type": "EntitySearchResult", "result": {"url": "http://www.kristannaloken.net/", "description": "American actress", "@type": ["Thing", "Person"], "name": "Kristanna Loken", "detailedDescription": {"license": "https://en.wikipedia.org/wiki/Wikipedia:Text_of_Creative_Commons_Attribution-ShareAlike_3.0_Unported_License", "url": "https://en.wikipedia.org/wiki/Kristanna_Loken", "articleBody": "Kristanna Loken is an American actress and model. She is best known for her roles in the films Terminator 3: Rise of the Machines, BloodRayne and Bounty Killer and on the TV series Painkiller Jane, The L Word and Burn Notice."}, "image": {"url": "https://en.wikipedia.org/wiki/Kristanna_Loken", "contentUrl": "http://t1.gstatic.com/images?q=tbn:ANd9GcSbSVYVyLgpTPL1a0XdrAXzbRPFrLP_7z55PaU0X0AlwNUUYnAI"}, "@id": "kg:/m/01q5_m"}, "resultScore": 19.302109}]}