{"@type": "ItemList", "@context": {"@vocab": "http://schema.org/", "detailedDescription": "goog:detailedDescription", "resultScore": "goog:resultScore", "kg": "http://g.co/kg", "EntitySearchResult": "goog:EntitySearchResult", "goog": "http://schema.googleapis.com/"}, "itemListElement": [{"@type": "EntitySearchResult", "result": {"description": "Senior officer", "@type": ["Person", "Thing"], "name": "Arthur Currie", "detailedDescription": {"license": "https://en.wikipedia.org/wiki/Wikipedia:Text_of_Creative_Commons_Attribution-ShareAlike_3.0_Unported_License", "url": "https://en.wikipedia.org/wiki/Arthur_Currie", "articleBody": "General Sir Arthur William Currie, GCMG, KCB was a senior officer of the Canadian Army who fought during World War I. He had the unique distinction of starting his military career on the very bottom rung as a pre-war militia gunner before rising through the ranks to become the first Canadian commander of the Canadian Corps. "}, "image": {"url": "https://commons.wikimedia.org/wiki/File:William_Orpen_-_Sir_Arthur_Currie.jpg", "contentUrl": "http://t1.gstatic.com/images?q=tbn:ANd9GcTqpo_yi76Wyx4NbfiMonpYrz2nF9MWx3Lso4I3OUoRJgBdYgAF"}, "@id": "kg:/m/01q6v2"}, "resultScore": 16.303576}]}