{"@type": "ItemList", "@context": {"@vocab": "http://schema.org/", "detailedDescription": "goog:detailedDescription", "resultScore": "goog:resultScore", "kg": "http://g.co/kg", "EntitySearchResult": "goog:EntitySearchResult", "goog": "http://schema.googleapis.com/"}, "itemListElement": [{"@type": "EntitySearchResult", "result": {"url": "http://www.nonesuch.com/artists/frederic-rzewski", "description": "American composer", "@type": ["Person", "Thing"], "name": "Frederic Rzewski", "detailedDescription": {"license": "https://en.wikipedia.org/wiki/Wikipedia:Text_of_Creative_Commons_Attribution-ShareAlike_3.0_Unported_License", "url": "https://en.wikipedia.org/wiki/Frederic_Rzewski", "articleBody": "Frederic Anthony Rzewski is an American composer and virtuoso pianist. His major compositions, which often incorporate social and political themes, include the minimalist Coming Together and the piano variations The People United Will Never Be Defeated!"}, "@id": "kg:/m/01q85g_"}, "resultScore": 15.263402}]}