{"@type": "ItemList", "@context": {"@vocab": "http://schema.org/", "detailedDescription": "goog:detailedDescription", "resultScore": "goog:resultScore", "kg": "http://g.co/kg", "EntitySearchResult": "goog:EntitySearchResult", "goog": "http://schema.googleapis.com/"}, "itemListElement": [{"@type": "EntitySearchResult", "result": {"url": "http://www.pitty.com.br/", "description": "Brazilian singer", "@type": ["Thing", "Person"], "name": "Pitty", "detailedDescription": {"license": "https://en.wikipedia.org/wiki/Wikipedia:Text_of_Creative_Commons_Attribution-ShareAlike_3.0_Unported_License", "url": "https://en.wikipedia.org/wiki/Pitty", "articleBody": "Priscilla Novaes Leone, better known as Pitty, is a Brazilian rock singer.\nShe had played in two bands, Shes and Inkoma, before starting her solo career in 2003. "}, "image": {"url": "https://en.wikipedia.org/wiki/Pitty", "contentUrl": "http://t3.gstatic.com/images?q=tbn:ANd9GcSuctmA5zlHs8C3VpRdMcKRcx62_FmlSeXGqHim1VclX02wV3T1"}, "@id": "kg:/m/01q8pmq"}, "resultScore": 18.057837}]}