{"@type": "ItemList", "@context": {"@vocab": "http://schema.org/", "detailedDescription": "goog:detailedDescription", "resultScore": "goog:resultScore", "kg": "http://g.co/kg", "EntitySearchResult": "goog:EntitySearchResult", "goog": "http://schema.googleapis.com/"}, "itemListElement": [{"@type": "EntitySearchResult", "result": {"url": "http://www.phangling.com/", "description": "Singer", "@type": ["Thing", "Person"], "name": "Cass Phang", "detailedDescription": {"license": "https://en.wikipedia.org/wiki/Wikipedia:Text_of_Creative_Commons_Attribution-ShareAlike_3.0_Unported_License", "url": "https://en.wikipedia.org/wiki/Cass_Phang", "articleBody": "Cass Phang is a retired Cantopop singer from Hong Kong, affiliated with EMI from 1993\u20131998 and then with Sony Music Entertainment. She was born in Hong Kong, studied at Munsang College and a high school in Australia. In September 1998, she married Hong Kong actor and pop singer Jan Lamb, a member of musical rap duo DJ Softhard. She gave birth to two daughters in 2000 and 2004."}, "@id": "kg:/m/01q9nv8"}, "resultScore": 15.627932}]}