{"@type": "ItemList", "@context": {"@vocab": "http://schema.org/", "detailedDescription": "goog:detailedDescription", "resultScore": "goog:resultScore", "kg": "http://g.co/kg", "EntitySearchResult": "goog:EntitySearchResult", "goog": "http://schema.googleapis.com/"}, "itemListElement": [{"@type": "EntitySearchResult", "result": {"url": "http://www.tamarbraxton.com/", "description": "American singer-songwriter", "@type": ["Person", "Thing"], "name": "Tamar Braxton", "detailedDescription": {"license": "https://en.wikipedia.org/wiki/Wikipedia:Text_of_Creative_Commons_Attribution-ShareAlike_3.0_Unported_License", "url": "https://en.wikipedia.org/wiki/Tamar_Braxton", "articleBody": "Tamar Estine Herbert, is an American singer, songwriter, media personality and actress.\nBraxton began her career in 1990 as a founding member of The Braxtons, an R&amp;B singing group formed with her sisters. "}, "image": {"url": "https://commons.wikimedia.org/wiki/File:Tamar_Braxton.jpg", "contentUrl": "http://t3.gstatic.com/images?q=tbn:ANd9GcSMQ-_rLgoIN2SKX-I-DVZ8ImE-KQMKQKtcpMF4FJj15MlvJtL2"}, "@id": "kg:/m/01q9f7y"}, "resultScore": 20.762558}]}