{"@type": "ItemList", "@context": {"@vocab": "http://schema.org/", "detailedDescription": "goog:detailedDescription", "resultScore": "goog:resultScore", "kg": "http://g.co/kg", "EntitySearchResult": "goog:EntitySearchResult", "goog": "http://schema.googleapis.com/"}, "itemListElement": [{"@type": "EntitySearchResult", "result": {"url": "http://www.kipwinger.com/", "description": "American musician", "@type": ["Thing", "Person"], "name": "Kip Winger", "detailedDescription": {"license": "https://en.wikipedia.org/wiki/Wikipedia:Text_of_Creative_Commons_Attribution-ShareAlike_3.0_Unported_License", "url": "https://en.wikipedia.org/wiki/Kip_Winger", "articleBody": "Charles Frederick Kip Winger is an American rock musician, a member of the rock band Winger, and a solo artist. He initially gained notability as a member of Alice Cooper's band, contributing bass and vocals to his Constrictor and Raise Your Fist and Yell albums."}, "image": {"url": "https://en.wikipedia.org/wiki/Kip_Winger", "contentUrl": "http://t1.gstatic.com/images?q=tbn:ANd9GcTgJAR9F6KB4JBaWqAzdiiYbx6f2mrbUZrmWkXX6KiD5-gAhdFQ"}, "@id": "kg:/m/01qh79h"}, "resultScore": 16.996817}]}