{"@type": "ItemList", "@context": {"@vocab": "http://schema.org/", "detailedDescription": "goog:detailedDescription", "resultScore": "goog:resultScore", "kg": "http://g.co/kg", "EntitySearchResult": "goog:EntitySearchResult", "goog": "http://schema.googleapis.com/"}, "itemListElement": [{"@type": "EntitySearchResult", "result": {"url": "http://sueraneysro.com/", "description": "American singer", "@type": ["Thing", "Person"], "name": "Sue Raney", "detailedDescription": {"license": "https://en.wikipedia.org/wiki/Wikipedia:Text_of_Creative_Commons_Attribution-ShareAlike_3.0_Unported_License", "url": "https://en.wikipedia.org/wiki/Sue_Raney", "articleBody": "Sue Raney is an American jazz singer. Signed by Capitol Records at the age of 17, her debut album, the Nelson Riddle-produced When Your Lover Has Gone, was released in 1958."}, "@id": "kg:/m/01qmfsm"}, "resultScore": 13.243681}]}