{"@type": "ItemList", "@context": {"@vocab": "http://schema.org/", "detailedDescription": "goog:detailedDescription", "resultScore": "goog:resultScore", "kg": "http://g.co/kg", "EntitySearchResult": "goog:EntitySearchResult", "goog": "http://schema.googleapis.com/"}, "itemListElement": [{"@type": "EntitySearchResult", "result": {"description": "Japanese actor", "@type": ["Person", "Thing"], "name": "Takashi Shimura", "detailedDescription": {"license": "https://en.wikipedia.org/wiki/Wikipedia:Text_of_Creative_Commons_Attribution-ShareAlike_3.0_Unported_License", "url": "https://en.wikipedia.org/wiki/Takashi_Shimura", "articleBody": "Takashi Shimura was a Japanese actor who appeared in over 200 films between 1934 and 1981. He is particularly noted for his appearances in 21 of Akira Kurosawa's 30 films, including as a lead actor in Drunken Angel, Rashomon, Ikiru and Seven Samurai."}, "image": {"url": "https://en.wikipedia.org/wiki/Takashi_Shimura", "contentUrl": "http://t2.gstatic.com/images?q=tbn:ANd9GcTKOXW-GA-Po6hsAAKT7DLN_AR0thZ3hzhWdns8sfeUW-gMyf_-"}, "@id": "kg:/m/01r0k9"}, "resultScore": 16.39291}]}