{"@type": "ItemList", "@context": {"@vocab": "http://schema.org/", "detailedDescription": "goog:detailedDescription", "resultScore": "goog:resultScore", "kg": "http://g.co/kg", "EntitySearchResult": "goog:EntitySearchResult", "goog": "http://schema.googleapis.com/"}, "itemListElement": [{"@type": "EntitySearchResult", "result": {"description": "American singer", "@id": "kg:/m/01r880h", "name": "Jean Carne", "detailedDescription": {"license": "https://en.wikipedia.org/wiki/Wikipedia:Text_of_Creative_Commons_Attribution-ShareAlike_3.0_Unported_License", "url": "https://en.wikipedia.org/wiki/Jean_Carn", "articleBody": "Jean Carn, also spelled Jean Carne is an American jazz and pop singer. In mid career, she added a final e to her name, reportedly under the advice of a numerologist. Carn is a vocalist credited with a five octave vocal range.\n"}, "@type": ["Person", "Thing"]}, "resultScore": 14.367046}]}