{"@type": "ItemList", "@context": {"@vocab": "http://schema.org/", "detailedDescription": "goog:detailedDescription", "resultScore": "goog:resultScore", "kg": "http://g.co/kg", "EntitySearchResult": "goog:EntitySearchResult", "goog": "http://schema.googleapis.com/"}, "itemListElement": [{"@type": "EntitySearchResult", "result": {"description": "Caroler", "@id": "kg:/m/01r94lj", "name": "Carol Banawa", "detailedDescription": {"license": "https://en.wikipedia.org/wiki/Wikipedia:Text_of_Creative_Commons_Attribution-ShareAlike_3.0_Unported_License", "url": "https://en.wikipedia.org/wiki/Carol_Banawa", "articleBody": "Carol Claire Aguilar Banawa, better known in the Philippines as Carol Banawa, is a US-based Filipino singer and actress. She is a Star Magic Batch 4 alumni."}, "@type": ["Thing", "Person"]}, "resultScore": 14.821578}]}