{"@type": "ItemList", "@context": {"@vocab": "http://schema.org/", "detailedDescription": "goog:detailedDescription", "resultScore": "goog:resultScore", "kg": "http://g.co/kg", "EntitySearchResult": "goog:EntitySearchResult", "goog": "http://schema.googleapis.com/"}, "itemListElement": [{"@type": "EntitySearchResult", "result": {"url": "http://www.jeezysundayservice.com/", "description": "American rapper", "@type": ["Person", "Thing"], "name": "Young Jeezy", "detailedDescription": {"license": "https://en.wikipedia.org/wiki/Wikipedia:Text_of_Creative_Commons_Attribution-ShareAlike_3.0_Unported_License", "url": "https://en.wikipedia.org/wiki/Jeezy", "articleBody": "Jay Wayne Jenkins, better known by his stage name Jeezy, is an American rapper and an influential figure in southern hip hop. Along with fellow Atlanta-based rappers T.I. and Gucci Mane, Jeezy is credited for helping to pioneer and popularize trap music with a mainstream audience.\n"}, "image": {"url": "https://commons.wikimedia.org/wiki/File:Young_Jeezy_July_2005.jpg", "contentUrl": "http://t3.gstatic.com/images?q=tbn:ANd9GcQgJO1g2ZqjxCfqOupRG8jK8Zkn3ICk8EBJPIbbePykw5gEKLlq"}, "@id": "kg:/m/01r_nkk"}, "resultScore": 22.357349}]}