{"@type": "ItemList", "@context": {"@vocab": "http://schema.org/", "detailedDescription": "goog:detailedDescription", "resultScore": "goog:resultScore", "kg": "http://g.co/kg", "EntitySearchResult": "goog:EntitySearchResult", "goog": "http://schema.googleapis.com/"}, "itemListElement": [{"@type": "EntitySearchResult", "result": {"description": "American poet", "@type": ["Thing", "Person"], "name": "Sara Teasdale", "detailedDescription": {"license": "https://en.wikipedia.org/wiki/Wikipedia:Text_of_Creative_Commons_Attribution-ShareAlike_3.0_Unported_License", "url": "https://en.wikipedia.org/wiki/Sara_Teasdale", "articleBody": "Sara Teasdale was an American lyric poet. She was born Sarah Trevor Teasdale in St. Louis, Missouri, and used the name Sara Teasdale Filsinger after her marriage in 1914."}, "image": {"url": "https://commons.wikimedia.org/wiki/File:Felsinger,-Sara-Teasdale,-portrait-photograph.jpg", "contentUrl": "http://t0.gstatic.com/images?q=tbn:ANd9GcQpxstYepYHz6z5ywsCqI-V88umGkQiBHYrk-RiIuIPRzLcENQz"}, "@id": "kg:/m/01r__y"}, "resultScore": 15.89671}]}