{"@type": "ItemList", "@context": {"@vocab": "http://schema.org/", "detailedDescription": "goog:detailedDescription", "resultScore": "goog:resultScore", "kg": "http://g.co/kg", "EntitySearchResult": "goog:EntitySearchResult", "goog": "http://schema.googleapis.com/"}, "itemListElement": [{"@type": "EntitySearchResult", "result": {"url": "http://dessa.bandcamp.com/", "description": "American rapper", "@type": ["Person", "Thing"], "name": "Dessa", "detailedDescription": {"license": "https://en.wikipedia.org/wiki/Wikipedia:Text_of_Creative_Commons_Attribution-ShareAlike_3.0_Unported_License", "url": "https://en.wikipedia.org/wiki/Dessa", "articleBody": "Dessa Wander, better known by her stage name Dessa, is an American rapper, singer, writer, and former record executive. She is a member of the indie hip hop collective Doomtree."}, "image": {"url": "https://commons.wikimedia.org/wiki/File:Dessa_December_2010.jpg", "contentUrl": "http://t0.gstatic.com/images?q=tbn:ANd9GcTtYtPaOYcKK9moX9CYydUrOMwlneKwxMBYRaxXCZ6e2NkU7bP6"}, "@id": "kg:/m/01rq1lb"}, "resultScore": 16.252672}]}