{"@type": "ItemList", "@context": {"@vocab": "http://schema.org/", "detailedDescription": "goog:detailedDescription", "resultScore": "goog:resultScore", "kg": "http://g.co/kg", "EntitySearchResult": "goog:EntitySearchResult", "goog": "http://schema.googleapis.com/"}, "itemListElement": [{"@type": "EntitySearchResult", "result": {"description": "American actress", "@type": ["Thing", "Person"], "name": "Courteney Cox", "detailedDescription": {"license": "https://en.wikipedia.org/wiki/Wikipedia:Text_of_Creative_Commons_Attribution-ShareAlike_3.0_Unported_License", "url": "https://en.wikipedia.org/wiki/Courteney_Cox", "articleBody": "Courteney Bass Cox is an American actress, producer, and director. She is best known for her roles as Monica Geller on the NBC sitcom Friends, Gale Weathers in the horror series Scream, and Jules Cobb in the ABC/TBS sitcom Cougar Town, for which she earned her first Golden Globe nomination. "}, "image": {"url": "https://commons.wikimedia.org/wiki/File:Courteney_Cox_1995.jpg", "contentUrl": "http://t0.gstatic.com/images?q=tbn:ANd9GcQS7IN56ksDg-lqLkt3N1GU09JAdh8EWF4R1Oc33TofrkWglBmY"}, "@id": "kg:/m/01rr9f"}, "resultScore": 23.914253}]}