{"@type": "ItemList", "@context": {"@vocab": "http://schema.org/", "detailedDescription": "goog:detailedDescription", "resultScore": "goog:resultScore", "kg": "http://g.co/kg", "EntitySearchResult": "goog:EntitySearchResult", "goog": "http://schema.googleapis.com/"}, "itemListElement": [{"@type": "EntitySearchResult", "result": {"description": "American actress", "@type": ["Person", "Thing"], "name": "Laurie Metcalf", "detailedDescription": {"license": "https://en.wikipedia.org/wiki/Wikipedia:Text_of_Creative_Commons_Attribution-ShareAlike_3.0_Unported_License", "url": "https://en.wikipedia.org/wiki/Laurie_Metcalf", "articleBody": "Laura Elizabeth Metcalf is an American actress. The recipient of numerous acting awards and nominations, she has won three Primetime Emmy Awards, two Tony Awards, and has been nominated at the Golden Globe Awards and Academy Awards in her four-decade career.\n"}, "image": {"url": "https://commons.wikimedia.org/wiki/File:Laurie_Metcalf_(251689558).jpg", "contentUrl": "http://t0.gstatic.com/images?q=tbn:ANd9GcSCE9aqcVygnF6g9ItfSZvwlWx9dKIWQPAGxnYOkpRmqzF4KFgM"}, "@id": "kg:/m/01rs5p"}, "resultScore": 21.118084}]}