{"@type": "ItemList", "@context": {"@vocab": "http://schema.org/", "detailedDescription": "goog:detailedDescription", "resultScore": "goog:resultScore", "kg": "http://g.co/kg", "EntitySearchResult": "goog:EntitySearchResult", "goog": "http://schema.googleapis.com/"}, "itemListElement": [{"@type": "EntitySearchResult", "result": {"url": "http://www.leelajames.com/", "description": "American singer-songwriter", "@type": ["Person", "Thing"], "name": "Leela James", "detailedDescription": {"license": "https://en.wikipedia.org/wiki/Wikipedia:Text_of_Creative_Commons_Attribution-ShareAlike_3.0_Unported_License", "url": "https://en.wikipedia.org/wiki/Leela_James", "articleBody": "Leela James is an American R&amp;B and soul singer-songwriter.\nJames cites singers James Brown, Roberta Flack, Toni Braxton, Marvin Gaye, Donny Hathaway, Gladys Knight, Mavis Staples, Etta James and Stevie Wonder as her influences. "}, "image": {"url": "https://en.wikipedia.org/wiki/Leela_James", "contentUrl": "http://t0.gstatic.com/images?q=tbn:ANd9GcQ_KYd7Hv_q1-34AMNslVyxssYH5yq_ELc0RT1zHeqKZ9-0dur-"}, "@id": "kg:/m/01rx294"}, "resultScore": 17.213717}]}