{"@type": "ItemList", "@context": {"@vocab": "http://schema.org/", "detailedDescription": "goog:detailedDescription", "resultScore": "goog:resultScore", "kg": "http://g.co/kg", "EntitySearchResult": "goog:EntitySearchResult", "goog": "http://schema.googleapis.com/"}, "itemListElement": [{"@type": "EntitySearchResult", "result": {"url": "http://www.surjitbindrakhia.org", "description": "Indian singer", "@type": ["Person", "Thing"], "name": "Surjit Bindrakhia", "detailedDescription": {"license": "https://en.wikipedia.org/wiki/Wikipedia:Text_of_Creative_Commons_Attribution-ShareAlike_3.0_Unported_License", "url": "https://en.wikipedia.org/wiki/Surjit_Bindrakhia", "articleBody": "Surjit Bindrakhia, born Surjit Singh Bains, was a Punjabi Indian singer. He was known for his unique voice and hekh, in which he sings a note continuously in one breath. "}, "@id": "kg:/m/01ryns0"}, "resultScore": 16.920256}]}