{"@type": "ItemList", "@context": {"@vocab": "http://schema.org/", "detailedDescription": "goog:detailedDescription", "resultScore": "goog:resultScore", "kg": "http://g.co/kg", "EntitySearchResult": "goog:EntitySearchResult", "goog": "http://schema.googleapis.com/"}, "itemListElement": [{"@type": "EntitySearchResult", "result": {"description": "American rapper", "@id": "kg:/m/01s0jzf", "name": "Young Maylay", "detailedDescription": {"license": "https://en.wikipedia.org/wiki/Wikipedia:Text_of_Creative_Commons_Attribution-ShareAlike_3.0_Unported_License", "url": "https://en.wikipedia.org/wiki/Young_Maylay", "articleBody": "Christopher \"Chris\" Bellard also known by his stage name, Young Maylay, is an American rapper, record producer and actor from Los Angeles, California. "}, "@type": ["Person", "Thing"]}, "resultScore": 16.126255}]}