{"@type": "ItemList", "@context": {"@vocab": "http://schema.org/", "detailedDescription": "goog:detailedDescription", "resultScore": "goog:resultScore", "kg": "http://g.co/kg", "EntitySearchResult": "goog:EntitySearchResult", "goog": "http://schema.googleapis.com/"}, "itemListElement": [{"@type": "EntitySearchResult", "result": {"description": "Actress", "@id": "kg:/m/01s3nj", "name": "Wendy Craig", "detailedDescription": {"license": "https://en.wikipedia.org/wiki/Wikipedia:Text_of_Creative_Commons_Attribution-ShareAlike_3.0_Unported_License", "url": "https://en.wikipedia.org/wiki/Wendy_Craig", "articleBody": "Anne Gwendolyn Craig, known professionally as Wendy Craig, is an English actress who is best known for her appearances in the sitcoms Not in Front of the Children, Butterflies, ...And Mother Makes Three and ...And Mother Makes Five. She played the role of Matron in the TV series The Royal."}, "@type": ["Thing", "Person"]}, "resultScore": 15.818193}]}