{"@type": "ItemList", "@context": {"@vocab": "http://schema.org/", "detailedDescription": "goog:detailedDescription", "resultScore": "goog:resultScore", "kg": "http://g.co/kg", "EntitySearchResult": "goog:EntitySearchResult", "goog": "http://schema.googleapis.com/"}, "itemListElement": [{"@type": "EntitySearchResult", "result": {"description": "British novelist", "@type": ["Person", "Thing"], "name": "Zadie Smith", "detailedDescription": {"license": "https://en.wikipedia.org/wiki/Wikipedia:Text_of_Creative_Commons_Attribution-ShareAlike_3.0_Unported_License", "url": "https://en.wikipedia.org/wiki/Zadie_Smith", "articleBody": "Zadie Smith FRSL is a contemporary British novelist, essayist, and short-story writer. Her debut novel, White Teeth, immediately became a best-seller and won a number of awards. Her most recent book is Feel Free, a collection of essays. "}, "image": {"url": "https://commons.wikimedia.org/wiki/File:Zadie_Smith_NBCC_2011_Shankbone.jpg", "contentUrl": "http://t2.gstatic.com/images?q=tbn:ANd9GcSh-svqmfPvbPXBB_i6V7nl5Xm9j7pgnBrEPkx7j5xbtTKlx_fF"}, "@id": "kg:/m/01s6bd"}, "resultScore": 18.832354}]}