{"@type": "ItemList", "@context": {"@vocab": "http://schema.org/", "detailedDescription": "goog:detailedDescription", "resultScore": "goog:resultScore", "kg": "http://g.co/kg", "EntitySearchResult": "goog:EntitySearchResult", "goog": "http://schema.googleapis.com/"}, "itemListElement": [{"@type": "EntitySearchResult", "result": {"url": "http://www.nekocase.com/", "description": "American singer-songwriter", "@type": ["Thing", "Person"], "name": "Neko Case", "detailedDescription": {"license": "https://en.wikipedia.org/wiki/Wikipedia:Text_of_Creative_Commons_Attribution-ShareAlike_3.0_Unported_License", "url": "https://en.wikipedia.org/wiki/Neko_Case", "articleBody": "Neko Richelle Case is an American singer-songwriter, best known for her solo career and her contributions as a member of the Canadian indie rock group The New Pornographers."}, "image": {"url": "https://commons.wikimedia.org/wiki/File:Neko_Case_-_Forecastle_Fest_2012.jpg", "contentUrl": "http://t2.gstatic.com/images?q=tbn:ANd9GcSNbpUE5YQAYmIw07LzsHdh1YtGpK6Bs0ChfVfhtEkY2kM-QMXx"}, "@id": "kg:/m/01skz_"}, "resultScore": 19.260931}]}