{"@type": "ItemList", "@context": {"@vocab": "http://schema.org/", "detailedDescription": "goog:detailedDescription", "resultScore": "goog:resultScore", "kg": "http://g.co/kg", "EntitySearchResult": "goog:EntitySearchResult", "goog": "http://schema.googleapis.com/"}, "itemListElement": [{"@type": "EntitySearchResult", "result": {"url": "http://robvandam.com/", "description": "Professional wrestler", "@type": ["Person", "Thing"], "name": "Rob Van Dam", "detailedDescription": {"license": "https://en.wikipedia.org/wiki/Wikipedia:Text_of_Creative_Commons_Attribution-ShareAlike_3.0_Unported_License", "url": "https://en.wikipedia.org/wiki/Rob_Van_Dam", "articleBody": "Rob Szatkowski, better known by his ring name Rob Van Dam is an American professional wrestler and actor.\nThroughout his career, he worked for multiple organizations including Extreme Championship Wrestling, World Wrestling Federation/Entertainment, and Total Nonstop Action Wrestling. "}, "image": {"url": "https://commons.wikimedia.org/wiki/File:Rob_Van_Dam_RVD_thumbs.jpg", "contentUrl": "http://t2.gstatic.com/images?q=tbn:ANd9GcQMvAUuJLXQKiXihyxGtQxqhlhTSB9dLNyFftIz2OLZ2FTqer2b"}, "@id": "kg:/m/01skvb"}, "resultScore": 21.618488}]}