{"@type": "ItemList", "@context": {"@vocab": "http://schema.org/", "detailedDescription": "goog:detailedDescription", "resultScore": "goog:resultScore", "kg": "http://g.co/kg", "EntitySearchResult": "goog:EntitySearchResult", "goog": "http://schema.googleapis.com/"}, "itemListElement": [{"@type": "EntitySearchResult", "result": {"url": "http://www.marieserneholt.com/", "description": "Swedish singer", "@type": ["Thing", "Person"], "name": "Marie Serneholt", "detailedDescription": {"license": "https://en.wikipedia.org/wiki/Wikipedia:Text_of_Creative_Commons_Attribution-ShareAlike_3.0_Unported_License", "url": "https://en.wikipedia.org/wiki/Marie_Serneholt", "articleBody": "Marie Eleonor Serneholt is a Swedish singer and model. She was a member of the Swedish pop band A*Teens from 1998 to 2004, and went on to pursue a solo career after the band dissolved. Marie is currently married to luxury car salesman Fredric Palmqvist. "}, "image": {"url": "https://commons.wikimedia.org/wiki/File:Marie_Serneholt_p%C3%A5_Guldbaggegalan_2013.jpg", "contentUrl": "http://t2.gstatic.com/images?q=tbn:ANd9GcSdMk51R3cV2dKxpz1ah4D5Pi87KjU6VV5KzGoqy4Uc0zFgQRMY"}, "@id": "kg:/m/01sm5rr"}, "resultScore": 17.883984}]}