{"@type": "ItemList", "@context": {"@vocab": "http://schema.org/", "detailedDescription": "goog:detailedDescription", "resultScore": "goog:resultScore", "kg": "http://g.co/kg", "EntitySearchResult": "goog:EntitySearchResult", "goog": "http://schema.googleapis.com/"}, "itemListElement": [{"@type": "EntitySearchResult", "result": {"url": "http://www.carolinerhea.com/", "description": "Canadian comedian", "@type": ["Thing", "Person"], "name": "Caroline Rhea", "detailedDescription": {"license": "https://en.wikipedia.org/wiki/Wikipedia:Text_of_Creative_Commons_Attribution-ShareAlike_3.0_Unported_License", "url": "https://en.wikipedia.org/wiki/Caroline_Rhea", "articleBody": "Caroline Rhea is a Canadian stand-up comedian and actress who is best known for her role as Hilda Spellman on the ABC show Sabrina the Teenage Witch.\n"}, "image": {"url": "https://en.wikipedia.org/wiki/Caroline_Rhea", "contentUrl": "http://t1.gstatic.com/images?q=tbn:ANd9GcSI8P96lN1fqMH0f1Qeg0opFgePUjwnrEf8ML3y_J0iP6vqL0JY"}, "@id": "kg:/m/01sx9n"}, "resultScore": 18.470947}]}