{"@type": "ItemList", "@context": {"@vocab": "http://schema.org/", "detailedDescription": "goog:detailedDescription", "resultScore": "goog:resultScore", "kg": "http://g.co/kg", "EntitySearchResult": "goog:EntitySearchResult", "goog": "http://schema.googleapis.com/"}, "itemListElement": [{"@type": "EntitySearchResult", "result": {"description": "Musician", "@type": ["Person", "Thing"], "name": "Hridaynath Mangeshkar", "detailedDescription": {"license": "https://en.wikipedia.org/wiki/Wikipedia:Text_of_Creative_Commons_Attribution-ShareAlike_3.0_Unported_License", "url": "https://en.wikipedia.org/wiki/Hridaynath_Mangeshkar", "articleBody": "Hridaynath Mangeshkar is a music director from India. He is the only son of noted musician Deenanath Mangeshkar and younger brother of Indian music legends Lata Mangeshkar and Asha Bhosle. He is popularly known as Balasaheb in the music and film industry."}, "image": {"url": "https://en.wikipedia.org/wiki/Hridaynath_Mangeshkar", "contentUrl": "http://t2.gstatic.com/images?q=tbn:ANd9GcQ_MUNE5DpqM_Y83Q_AILxX_VzpfoFbsn36hf6R2L662hkOEvtT"}, "@id": "kg:/m/01szyny"}, "resultScore": 15.430141}]}