{"@type": "ItemList", "@context": {"@vocab": "http://schema.org/", "detailedDescription": "goog:detailedDescription", "resultScore": "goog:resultScore", "kg": "http://g.co/kg", "EntitySearchResult": "goog:EntitySearchResult", "goog": "http://schema.googleapis.com/"}, "itemListElement": [{"@type": "EntitySearchResult", "result": {"description": "American jazz trumpeter", "@type": ["Person", "Thing"], "name": "Art Farmer", "detailedDescription": {"license": "https://en.wikipedia.org/wiki/Wikipedia:Text_of_Creative_Commons_Attribution-ShareAlike_3.0_Unported_License", "url": "https://en.wikipedia.org/wiki/Art_Farmer", "articleBody": "Arthur Stewart Farmer was an American jazz trumpeter and flugelhorn player. He also played flumpet, a trumpet\u2013flugelhorn combination especially designed for him. "}, "image": {"url": "https://en.wikipedia.org/wiki/Art_Farmer", "contentUrl": "http://t2.gstatic.com/images?q=tbn:ANd9GcQ_lELZ641Bo0AyD01IsP4tftZKmfSaUAyXXfaPnxEZCYGPO9Us"}, "@id": "kg:/m/01t37y"}, "resultScore": 18.116283}]}