{"@type": "ItemList", "@context": {"@vocab": "http://schema.org/", "detailedDescription": "goog:detailedDescription", "resultScore": "goog:resultScore", "kg": "http://g.co/kg", "EntitySearchResult": "goog:EntitySearchResult", "goog": "http://schema.googleapis.com/"}, "itemListElement": [{"@type": "EntitySearchResult", "result": {"description": "Singer", "@id": "kg:/m/01t7m3y", "name": "M'bilia Bel", "detailedDescription": {"license": "https://en.wikipedia.org/wiki/Wikipedia:Text_of_Creative_Commons_Attribution-ShareAlike_3.0_Unported_License", "url": "https://en.wikipedia.org/wiki/M'bilia_Bel", "articleBody": "M'bilia Bel is a rumba and world music singer from the Democratic Republic of the Congo. She is known as the \"Queen of Congolese and African Rumba\". "}, "@type": ["Person", "Thing"]}, "resultScore": 15.328046}]}