{"@type": "ItemList", "@context": {"@vocab": "http://schema.org/", "detailedDescription": "goog:detailedDescription", "resultScore": "goog:resultScore", "kg": "http://g.co/kg", "EntitySearchResult": "goog:EntitySearchResult", "goog": "http://schema.googleapis.com/"}, "itemListElement": [{"@type": "EntitySearchResult", "result": {"description": "Former Defence Minister of Armenia", "@type": ["Person", "Thing"], "name": "Vazgen Sargsyan", "detailedDescription": {"license": "https://en.wikipedia.org/wiki/Wikipedia:Text_of_Creative_Commons_Attribution-ShareAlike_3.0_Unported_License", "url": "https://en.wikipedia.org/wiki/Vazgen_Sargsyan", "articleBody": "Vazgen Sargsyan was an Armenian military commander and politician. He was the first Defence Minister of Armenia from 1991 to 1992 and then from 1995 to 1999. "}, "image": {"url": "https://commons.wikimedia.org/wiki/File:Vazgen-Sargsyan-ev-@nkerner.jpg", "contentUrl": "http://t0.gstatic.com/images?q=tbn:ANd9GcSUUgVUQDpazM7sge3QqydwvtBsRNxiA6dcMTsM6lI-8Phn82hP"}, "@id": "kg:/m/01tgpv"}, "resultScore": 16.154661}]}