{"@type": "ItemList", "@context": {"@vocab": "http://schema.org/", "detailedDescription": "goog:detailedDescription", "resultScore": "goog:resultScore", "kg": "http://g.co/kg", "EntitySearchResult": "goog:EntitySearchResult", "goog": "http://schema.googleapis.com/"}, "itemListElement": [{"@type": "EntitySearchResult", "result": {"description": "American television actress", "@type": ["Thing", "Person"], "name": "Lorna Luft", "detailedDescription": {"license": "https://en.wikipedia.org/wiki/Wikipedia:Text_of_Creative_Commons_Attribution-ShareAlike_3.0_Unported_License", "url": "https://en.wikipedia.org/wiki/Lorna_Luft", "articleBody": "Lorna Luft is an American television, stage, and film actress and singer. She is the daughter of singer and actress Judy Garland and producer Sidney Luft, and half-sister to singer and actress Liza Minnelli."}, "image": {"url": "https://en.wikipedia.org/wiki/Lorna_Luft", "contentUrl": "http://t3.gstatic.com/images?q=tbn:ANd9GcQQAOGx5GX2n46cWZ-1nbXJGFbO4pk-ZLnl3eDUnRLni-6rFhVj"}, "@id": "kg:/m/01tnb8"}, "resultScore": 17.673784}]}