{"@type": "ItemList", "@context": {"@vocab": "http://schema.org/", "detailedDescription": "goog:detailedDescription", "resultScore": "goog:resultScore", "kg": "http://g.co/kg", "EntitySearchResult": "goog:EntitySearchResult", "goog": "http://schema.googleapis.com/"}, "itemListElement": [{"@type": "EntitySearchResult", "result": {"description": "American rapper", "@id": "kg:/m/01tqrj3", "name": "G. Dep", "detailedDescription": {"license": "https://en.wikipedia.org/wiki/Wikipedia:Text_of_Creative_Commons_Attribution-ShareAlike_3.0_Unported_License", "url": "https://en.wikipedia.org/wiki/G._Dep", "articleBody": "Trevell Gerald Coleman, better known by his stage name G. Dep, is an American rapper from Harlem, New York City. He joined Bad Boy Records in 1998 and released his debut album Child of the Ghetto in 2001. "}, "@type": ["Thing", "Person"]}, "resultScore": 14.616819}]}