{"@type": "ItemList", "@context": {"@vocab": "http://schema.org/", "detailedDescription": "goog:detailedDescription", "resultScore": "goog:resultScore", "kg": "http://g.co/kg", "EntitySearchResult": "goog:EntitySearchResult", "goog": "http://schema.googleapis.com/"}, "itemListElement": [{"@type": "EntitySearchResult", "result": {"description": "American DJ", "@id": "kg:/m/01ttgjv", "name": "DJ Uncle Al", "detailedDescription": {"license": "https://en.wikipedia.org/wiki/Wikipedia:Text_of_Creative_Commons_Attribution-ShareAlike_3.0_Unported_License", "url": "https://en.wikipedia.org/wiki/DJ_Uncle_Al", "articleBody": "\"DJ Uncle Al\", born Albert Moss in Miami, Florida, was an American DJ.\nMoss was known for his trend setting and innovative abilities in music producing and broadcasting as well as his philosophy of \"peace in the hood\" and non-violence in the community. "}, "@type": ["Person", "Thing"]}, "resultScore": 12.755674}]}