{"@type": "ItemList", "@context": {"@vocab": "http://schema.org/", "detailedDescription": "goog:detailedDescription", "resultScore": "goog:resultScore", "kg": "http://g.co/kg", "EntitySearchResult": "goog:EntitySearchResult", "goog": "http://schema.googleapis.com/"}, "itemListElement": [{"@type": "EntitySearchResult", "result": {"url": "http://www.geraldalstonmusic.com/", "description": "American singer", "@type": ["Person", "Thing"], "name": "Gerald Alston", "detailedDescription": {"license": "https://en.wikipedia.org/wiki/Wikipedia:Text_of_Creative_Commons_Attribution-ShareAlike_3.0_Unported_License", "url": "https://en.wikipedia.org/wiki/Gerald_Alston", "articleBody": "Gerald Alston is an American R&amp;B singer, and the lead singer with the Manhattans. Between 1988 and 1995, he left the group to record five albums and ten solo singles, including \"Take Me Where You Want To,\" \"Slow Motion,\" a remake of Atlantic Starr's \"Send for Me\", and \"Activated\", most of which was for Motown Records.\n"}, "@id": "kg:/m/01twq8c"}, "resultScore": 13.420792}]}