{"@type": "ItemList", "@context": {"@vocab": "http://schema.org/", "detailedDescription": "goog:detailedDescription", "resultScore": "goog:resultScore", "kg": "http://g.co/kg", "EntitySearchResult": "goog:EntitySearchResult", "goog": "http://schema.googleapis.com/"}, "itemListElement": [{"@type": "EntitySearchResult", "result": {"url": "http://www.cyrilneville.net/", "description": "American percussionist", "@type": ["Person", "Thing"], "name": "Cyril Neville", "detailedDescription": {"license": "https://en.wikipedia.org/wiki/Wikipedia:Text_of_Creative_Commons_Attribution-ShareAlike_3.0_Unported_License", "url": "https://en.wikipedia.org/wiki/Cyril_Neville", "articleBody": "Cyril Garrett Neville is an American percussionist and vocalist who first came to prominence as a member of his brother Art Neville's funky New Orleans-based band, The Meters. He joined Art in the Neville Brothers band upon the dissolution of the Meters."}, "image": {"url": "https://en.wikipedia.org/wiki/Cyril_Neville", "contentUrl": "http://t0.gstatic.com/images?q=tbn:ANd9GcSKeuChV14AY94myT3HlZMe1Gp2nKcnTmsl_OMSj5AERNbNqF5b"}, "@id": "kg:/m/01tzl4v"}, "resultScore": 13.960437}]}