{"@type": "ItemList", "@context": {"@vocab": "http://schema.org/", "detailedDescription": "goog:detailedDescription", "resultScore": "goog:resultScore", "kg": "http://g.co/kg", "EntitySearchResult": "goog:EntitySearchResult", "goog": "http://schema.googleapis.com/"}, "itemListElement": [{"@type": "EntitySearchResult", "result": {"description": "American author", "@id": "kg:/m/01v0x0", "name": "Andrew Vachss", "detailedDescription": {"license": "https://en.wikipedia.org/wiki/Wikipedia:Text_of_Creative_Commons_Attribution-ShareAlike_3.0_Unported_License", "url": "https://en.wikipedia.org/wiki/Andrew_Vachss", "articleBody": "Andrew Henry Vachss is an American crime fiction author, child protection consultant, and attorney exclusively representing children and youths.\nVachss' last name rhymes with \"tax\".\nHe is a native New Yorker."}, "@type": ["Person", "Thing"]}, "resultScore": 13.557172}]}