{"@type": "ItemList", "@context": {"@vocab": "http://schema.org/", "detailedDescription": "goog:detailedDescription", "resultScore": "goog:resultScore", "kg": "http://g.co/kg", "EntitySearchResult": "goog:EntitySearchResult", "goog": "http://schema.googleapis.com/"}, "itemListElement": [{"@type": "EntitySearchResult", "result": {"url": "http://www.robinluke.com/", "description": "American singer", "@type": ["Thing", "Person"], "name": "Robin Luke", "detailedDescription": {"license": "https://en.wikipedia.org/wiki/Wikipedia:Text_of_Creative_Commons_Attribution-ShareAlike_3.0_Unported_License", "url": "https://en.wikipedia.org/wiki/Robin_Luke", "articleBody": "Robin Luke is an American rock and roll singer who is best known for his 1958 song, \"Susie Darlin'\". He later worked as a University professor in Marketing. Luke has been enshrined in the Rockabilly Hall of Fame."}, "@id": "kg:/m/01v2gc6"}, "resultScore": 12.670568}]}