{"@type": "ItemList", "@context": {"@vocab": "http://schema.org/", "detailedDescription": "goog:detailedDescription", "resultScore": "goog:resultScore", "kg": "http://g.co/kg", "EntitySearchResult": "goog:EntitySearchResult", "goog": "http://schema.googleapis.com/"}, "itemListElement": [{"@type": "EntitySearchResult", "result": {"description": "American actress", "@type": ["Person", "Thing"], "name": "Thelma Ritter", "detailedDescription": {"license": "https://en.wikipedia.org/wiki/Wikipedia:Text_of_Creative_Commons_Attribution-ShareAlike_3.0_Unported_License", "url": "https://en.wikipedia.org/wiki/Thelma_Ritter", "articleBody": "Thelma Ritter was an American actress, best known for her comedic roles as working-class characters and her strong New York accent. "}, "image": {"url": "https://commons.wikimedia.org/wiki/File:Thelma_Ritter_-_All_About_Eve.jpg", "contentUrl": "http://t3.gstatic.com/images?q=tbn:ANd9GcTXMw0lMxuQzA5H10BysqBRvwodZFJW0Wpn4r6IXOzgQLzpepAI"}, "@id": "kg:/m/01v2sk"}, "resultScore": 17.176188}]}