{"@type": "ItemList", "@context": {"@vocab": "http://schema.org/", "detailedDescription": "goog:detailedDescription", "resultScore": "goog:resultScore", "kg": "http://g.co/kg", "EntitySearchResult": "goog:EntitySearchResult", "goog": "http://schema.googleapis.com/"}, "itemListElement": [{"@type": "EntitySearchResult", "result": {"url": "http://www.thewick.co.uk/raldonner", "description": "American musician", "@type": ["Person", "Thing"], "name": "Ral Donner", "detailedDescription": {"license": "https://en.wikipedia.org/wiki/Wikipedia:Text_of_Creative_Commons_Attribution-ShareAlike_3.0_Unported_License", "url": "https://en.wikipedia.org/wiki/Ral_Donner", "articleBody": "Ral Donner was an early American rock and roll musician. He scored several pop hits in the US in the early 1960s, and had a voice similar to Elvis Presley's. His best known song is his 1961 top ten hit, \"You Don't Know What You've Got\"."}, "@id": "kg:/m/01v4cz9"}, "resultScore": 13.098333}]}