{"@type": "ItemList", "@context": {"@vocab": "http://schema.org/", "detailedDescription": "goog:detailedDescription", "resultScore": "goog:resultScore", "kg": "http://g.co/kg", "EntitySearchResult": "goog:EntitySearchResult", "goog": "http://schema.googleapis.com/"}, "itemListElement": [{"@type": "EntitySearchResult", "result": {"description": "French singer", "@type": ["Person", "Thing"], "name": "Anne-Marie David", "detailedDescription": {"license": "https://en.wikipedia.org/wiki/Wikipedia:Text_of_Creative_Commons_Attribution-ShareAlike_3.0_Unported_License", "url": "https://en.wikipedia.org/wiki/Anne-Marie_David", "articleBody": "Anne-Marie David is a French singer. She has represented two countries at the Eurovision Song Contest."}, "image": {"url": "https://en.wikipedia.org/wiki/Anne-Marie_David", "contentUrl": "http://t2.gstatic.com/images?q=tbn:ANd9GcS_XwYg2qs6O64qwHIVxmoiRM47nA26-KaQCkhFnHpEyg2yjyos"}, "@id": "kg:/m/01v64s1"}, "resultScore": 16.462824}]}