{"@type": "ItemList", "@context": {"@vocab": "http://schema.org/", "detailedDescription": "goog:detailedDescription", "resultScore": "goog:resultScore", "kg": "http://g.co/kg", "EntitySearchResult": "goog:EntitySearchResult", "goog": "http://schema.googleapis.com/"}, "itemListElement": [{"@type": "EntitySearchResult", "result": {"description": "American rapper", "@id": "kg:/m/01v9zly", "name": "Sylk-E. Fyne", "detailedDescription": {"license": "https://en.wikipedia.org/wiki/Wikipedia:Text_of_Creative_Commons_Attribution-ShareAlike_3.0_Unported_License", "url": "https://en.wikipedia.org/wiki/Sylk-E._Fyne", "articleBody": "La'Mar Lorraine Johnson, professionally known by her stage name Sylk-E. Fyne, is an American female rapper from South Central Los Angeles and former member of the unreleased group G.B.M. from Eazy-E's Ruthless Records. "}, "@type": ["Thing", "Person"]}, "resultScore": 12.388736}]}