{"@type": "ItemList", "@context": {"@vocab": "http://schema.org/", "detailedDescription": "goog:detailedDescription", "resultScore": "goog:resultScore", "kg": "http://g.co/kg", "EntitySearchResult": "goog:EntitySearchResult", "goog": "http://schema.googleapis.com/"}, "itemListElement": [{"@type": "EntitySearchResult", "result": {"url": "http://www.garyhusband.com/", "description": "Drummer", "@type": ["Person", "Thing"], "name": "Gary Husband", "detailedDescription": {"license": "https://en.wikipedia.org/wiki/Wikipedia:Text_of_Creative_Commons_Attribution-ShareAlike_3.0_Unported_License", "url": "https://en.wikipedia.org/wiki/Gary_Husband", "articleBody": "Gary Husband is an English jazz and rock drummer, pianist, and bandleader. He is best known for his emotive and dynamic style on both his primary instruments, the keyboards and the drums. He is also a composer, arranger and producer.\n"}, "@id": "kg:/m/01v_q36"}, "resultScore": 14.30241}]}