{"@type": "ItemList", "@context": {"@vocab": "http://schema.org/", "detailedDescription": "goog:detailedDescription", "resultScore": "goog:resultScore", "kg": "http://g.co/kg", "EntitySearchResult": "goog:EntitySearchResult", "goog": "http://schema.googleapis.com/"}, "itemListElement": [{"@type": "EntitySearchResult", "result": {"url": "https://www.sfsite.com/10a/dn233.htm", "description": "American actor", "@type": ["Person", "Thing"], "name": "David Naughton", "detailedDescription": {"license": "https://en.wikipedia.org/wiki/Wikipedia:Text_of_Creative_Commons_Attribution-ShareAlike_3.0_Unported_License", "url": "https://en.wikipedia.org/wiki/David_Naughton", "articleBody": "David Walsh Naughton is an American actor and singer known for his starring roles in the horror film An American Werewolf in London and the Disney comedy Midnight Madness, as well as for a long-running \"Be a Pepper\" ad campaign for beverage maker Dr Pepper. "}, "image": {"url": "https://en.wikipedia.org/wiki/David_Naughton", "contentUrl": "http://t1.gstatic.com/images?q=tbn:ANd9GcQ5UpHTdCN8b1rfxiFVpMImP2oFziWozJ4Ou49MyrbccWGGHN0R"}, "@id": "kg:/m/01vdbqw"}, "resultScore": 15.822885}]}