{"@type": "ItemList", "@context": {"@vocab": "http://schema.org/", "detailedDescription": "goog:detailedDescription", "resultScore": "goog:resultScore", "kg": "http://g.co/kg", "EntitySearchResult": "goog:EntitySearchResult", "goog": "http://schema.googleapis.com/"}, "itemListElement": [{"@type": "EntitySearchResult", "result": {"url": "http://www.salenajones.com/", "description": "American singer", "@type": ["Person", "Thing"], "name": "Salena Jones", "detailedDescription": {"license": "https://en.wikipedia.org/wiki/Wikipedia:Text_of_Creative_Commons_Attribution-ShareAlike_3.0_Unported_License", "url": "https://en.wikipedia.org/wiki/Salena_Jones", "articleBody": "Salena Jones is an American jazz and cabaret singer. After performing and recording in the US as Joan Shaw from the late 1940s until the early 1960s, in various styles including jazz and R&amp;B, she moved to England and from then on performed as Salena Jones. "}, "image": {"url": "https://en.wikipedia.org/wiki/Salena_Jones", "contentUrl": "http://t0.gstatic.com/images?q=tbn:ANd9GcQrSc_IKzQBZqG58huSV3T7T1mglRey6iyBVJzNGm3ZKTTJTLXH"}, "@id": "kg:/m/01vdrj7"}, "resultScore": 14.327032}]}