{"@type": "ItemList", "@context": {"@vocab": "http://schema.org/", "detailedDescription": "goog:detailedDescription", "resultScore": "goog:resultScore", "kg": "http://g.co/kg", "EntitySearchResult": "goog:EntitySearchResult", "goog": "http://schema.googleapis.com/"}, "itemListElement": [{"@type": "EntitySearchResult", "result": {"description": "Chinese singer-songwriter", "@type": ["Person", "Thing"], "name": "Liu Huan", "detailedDescription": {"license": "https://en.wikipedia.org/wiki/Wikipedia:Text_of_Creative_Commons_Attribution-ShareAlike_3.0_Unported_License", "url": "https://en.wikipedia.org/wiki/Liu_Huan", "articleBody": "Liu Huan is a Chinese singer and songwriter. He is one of China's modern era pioneers in pop music and is considered China's King of Pop. "}, "image": {"url": "https://en.wikipedia.org/wiki/Liu_Huan", "contentUrl": "http://t1.gstatic.com/images?q=tbn:ANd9GcRbq0_RbwgOt6ktmYhadVLWpzWJMfxeus1SYSSh1akGaxlfbDc8"}, "@id": "kg:/m/01vf862"}, "resultScore": 15.436271}]}