{"@type": "ItemList", "@context": {"@vocab": "http://schema.org/", "detailedDescription": "goog:detailedDescription", "resultScore": "goog:resultScore", "kg": "http://g.co/kg", "EntitySearchResult": "goog:EntitySearchResult", "goog": "http://schema.googleapis.com/"}, "itemListElement": [{"@type": "EntitySearchResult", "result": {"description": "Composer", "@id": "kg:/m/01vg63v", "name": "Ronald Binge", "detailedDescription": {"license": "https://en.wikipedia.org/wiki/Wikipedia:Text_of_Creative_Commons_Attribution-ShareAlike_3.0_Unported_License", "url": "https://en.wikipedia.org/wiki/Ronald_Binge", "articleBody": "Ronald Binge was a British composer and arranger of light music. He arranged many of Mantovani's most famous pieces before composing his own music that included Elizabethan Serenade and Sailing By."}, "@type": ["Person", "Thing"]}, "resultScore": 13.025542}]}