{"@type": "ItemList", "@context": {"@vocab": "http://schema.org/", "detailedDescription": "goog:detailedDescription", "resultScore": "goog:resultScore", "kg": "http://g.co/kg", "EntitySearchResult": "goog:EntitySearchResult", "goog": "http://schema.googleapis.com/"}, "itemListElement": [{"@type": "EntitySearchResult", "result": {"url": "http://www.terrygibbs.com/", "description": "American band", "@type": ["MusicGroup", "Person", "Thing"], "name": "Terry Gibbs", "detailedDescription": {"license": "https://en.wikipedia.org/wiki/Wikipedia:Text_of_Creative_Commons_Attribution-ShareAlike_3.0_Unported_License", "url": "https://en.wikipedia.org/wiki/Terry_Gibbs", "articleBody": "Terry Gibbs is an American jazz vibraphonist and band leader.\nHe has performed or recorded with Tommy Dorsey, Chubby Jackson, Buddy Rich, Woody Herman, Benny Goodman, Alice Coltrane, Louie Bellson, Charlie Shavers, Mel Torm\u00e9, Buddy DeFranco, and others. "}, "image": {"url": "https://en.wikipedia.org/wiki/Terry_Gibbs", "contentUrl": "http://t0.gstatic.com/images?q=tbn:ANd9GcT1honYR3tXRZnB44bAKcv-Elx-FC6kgq6d1PU5-Ar2IMVWwbGJ"}, "@id": "kg:/m/01vgk5d"}, "resultScore": 14.543388}]}