{"@type": "ItemList", "@context": {"@vocab": "http://schema.org/", "detailedDescription": "goog:detailedDescription", "resultScore": "goog:resultScore", "kg": "http://g.co/kg", "EntitySearchResult": "goog:EntitySearchResult", "goog": "http://schema.googleapis.com/"}, "itemListElement": [{"@type": "EntitySearchResult", "result": {"description": "American actor", "@id": "kg:/m/01vhh0", "name": "Danny Pintauro", "detailedDescription": {"license": "https://en.wikipedia.org/wiki/Wikipedia:Text_of_Creative_Commons_Attribution-ShareAlike_3.0_Unported_License", "url": "https://en.wikipedia.org/wiki/Danny_Pintauro", "articleBody": "Daniel John Pintauro is an American actor, best known for his role as Jonathan Bower on the popular American sitcom Who's the Boss? as well as his role in the 1983 film Cujo."}, "@type": ["Person", "Thing"]}, "resultScore": 15.747781}]}