{"@type": "ItemList", "@context": {"@vocab": "http://schema.org/", "detailedDescription": "goog:detailedDescription", "resultScore": "goog:resultScore", "kg": "http://g.co/kg", "EntitySearchResult": "goog:EntitySearchResult", "goog": "http://schema.googleapis.com/"}, "itemListElement": [{"@type": "EntitySearchResult", "result": {"url": "http://www.lindalavin.com/", "description": "American actress", "@type": ["Person", "Thing"], "name": "Linda Lavin", "detailedDescription": {"license": "https://en.wikipedia.org/wiki/Wikipedia:Text_of_Creative_Commons_Attribution-ShareAlike_3.0_Unported_License", "url": "https://en.wikipedia.org/wiki/Linda_Lavin", "articleBody": "Linda Lavin is an American actress and singer. She is known for playing the title character in the sitcom Alice and for her stage performances, both on Broadway and Off-Broadway.\nAfter acting as a child, Lavin joined the Compass Players in the late 1950s. She began acting on Broadway in the 1960s, earning notice in \"It's a Bird...It's a Plane..."}, "image": {"url": "https://en.wikipedia.org/wiki/Linda_Lavin", "contentUrl": "http://t3.gstatic.com/images?q=tbn:ANd9GcSOZcsyQB4qD6R-Ss0con52LxFGCLodYZaB8l0Hp4jJZVwr_YFi"}, "@id": "kg:/m/01vk80m"}, "resultScore": 18.784727}]}