{"@type": "ItemList", "@context": {"@vocab": "http://schema.org/", "detailedDescription": "goog:detailedDescription", "resultScore": "goog:resultScore", "kg": "http://g.co/kg", "EntitySearchResult": "goog:EntitySearchResult", "goog": "http://schema.googleapis.com/"}, "itemListElement": [{"@type": "EntitySearchResult", "result": {"url": "http://lani.eradioportal.com/", "description": "Filipino singer", "@type": ["Thing", "Person"], "name": "Lani Misalucha", "detailedDescription": {"license": "https://en.wikipedia.org/wiki/Wikipedia:Text_of_Creative_Commons_Attribution-ShareAlike_3.0_Unported_License", "url": "https://en.wikipedia.org/wiki/Lani_Misalucha", "articleBody": "Lani Bayot Misalucha is a Filipino singer who performs pop, rock, jazz, soul, rhythm and blues, and operatic arias. Her ability to sing across several genres gave her the title \"Asia's Nightingale\" by MTV Southeast Asia.\n"}, "image": {"url": "https://en.wikipedia.org/wiki/Lani_Misalucha", "contentUrl": "http://t2.gstatic.com/images?q=tbn:ANd9GcTAeRVgXKaIiwJgz2znhKxM_yVSyEfQlqEhlGYckomzv6bP7ehc"}, "@id": "kg:/m/01vpdmz"}, "resultScore": 15.899745}]}