{"@type": "ItemList", "@context": {"@vocab": "http://schema.org/", "detailedDescription": "goog:detailedDescription", "resultScore": "goog:resultScore", "kg": "http://g.co/kg", "EntitySearchResult": "goog:EntitySearchResult", "goog": "http://schema.googleapis.com/"}, "itemListElement": [{"@type": "EntitySearchResult", "result": {"description": "Dutch comedian", "@type": ["Thing", "Person"], "name": "Andr\u00e9 van Duin", "detailedDescription": {"license": "https://en.wikipedia.org/wiki/Wikipedia:Text_of_Creative_Commons_Attribution-ShareAlike_3.0_Unported_License", "url": "https://en.wikipedia.org/wiki/Andr%C3%A9_van_Duin", "articleBody": "Adrianus Marinus Kyvon, known by his stage name Andr\u00e9 van Duin, is a Dutch comedian, actor, singer-songwriter, author, television presenter, television director, television producer and screenwriter."}, "image": {"url": "https://commons.wikimedia.org/wiki/File:Een_avondje_teevee_met_Andr%C3%A9_-_Andr%C3%A9_van_Duin_022.jpg", "contentUrl": "http://t0.gstatic.com/images?q=tbn:ANd9GcRR6OsfnUJWCTnWkHTPc5bIFgqN5Ptp9QpqpnubGeH00tq1knnI"}, "@id": "kg:/m/01vs4yz"}, "resultScore": 18.407957}]}