{"@type": "ItemList", "@context": {"@vocab": "http://schema.org/", "detailedDescription": "goog:detailedDescription", "resultScore": "goog:resultScore", "kg": "http://g.co/kg", "EntitySearchResult": "goog:EntitySearchResult", "goog": "http://schema.googleapis.com/"}, "itemListElement": [{"@type": "EntitySearchResult", "result": {"description": "Norwegian-Swedish singer", "@type": ["Person", "Thing"], "name": "Anni-Frid Lyngstad", "detailedDescription": {"license": "https://en.wikipedia.org/wiki/Wikipedia:Text_of_Creative_Commons_Attribution-ShareAlike_3.0_Unported_License", "url": "https://en.wikipedia.org/wiki/Anni-Frid_Lyngstad", "articleBody": "Anni-Frid Synni, Dowager Princess Reuss of Plauen is a Norwegian-Swedish singer, songwriter, and environmentalist. She is best known as one of the lead singers of the Swedish pop band ABBA.\n"}, "image": {"url": "https://commons.wikimedia.org/wiki/File:Anni-Frid_Lyngstad_May_6,_2013.jpg", "contentUrl": "http://t1.gstatic.com/images?q=tbn:ANd9GcSRrOLsiX2EQJ5s5e5Kij9KIMAzjpG3kzywkF-s4x8R2nsUDYPI"}, "@id": "kg:/m/01vsxz3"}, "resultScore": 20.770119}]}