{"@type": "ItemList", "@context": {"@vocab": "http://schema.org/", "detailedDescription": "goog:detailedDescription", "resultScore": "goog:resultScore", "kg": "http://g.co/kg", "EntitySearchResult": "goog:EntitySearchResult", "goog": "http://schema.googleapis.com/"}, "itemListElement": [{"@type": "EntitySearchResult", "result": {"url": "http://thebluebonnets.net/kathy-valentine/", "description": "American musician", "@type": ["Thing", "Person"], "name": "Kathy Valentine", "detailedDescription": {"license": "https://en.wikipedia.org/wiki/Wikipedia:Text_of_Creative_Commons_Attribution-ShareAlike_3.0_Unported_License", "url": "https://en.wikipedia.org/wiki/Kathy_Valentine", "articleBody": "Kathryn Valentine is an American musician and songwriter. She made music history as a member of the Go-Go's, the first all-female band to have a #1 album in the U.S.\n"}, "@id": "kg:/m/01vtrb0"}, "resultScore": 14.170331}]}