{"@type": "ItemList", "@context": {"@vocab": "http://schema.org/", "detailedDescription": "goog:detailedDescription", "resultScore": "goog:resultScore", "kg": "http://g.co/kg", "EntitySearchResult": "goog:EntitySearchResult", "goog": "http://schema.googleapis.com/"}, "itemListElement": [{"@type": "EntitySearchResult", "result": {"description": "American musician", "@type": ["Person", "Thing"], "name": "Daryl Dragon", "detailedDescription": {"license": "https://en.wikipedia.org/wiki/Wikipedia:Text_of_Creative_Commons_Attribution-ShareAlike_3.0_Unported_License", "url": "https://en.wikipedia.org/wiki/Daryl_Dragon", "articleBody": "Daryl Frank Dragon was an American musician and songwriter, known as Captain from the pop musical duo Captain &amp; Tennille with his then-wife, Toni Tennille."}, "image": {"url": "https://en.wikipedia.org/wiki/Daryl_Dragon", "contentUrl": "http://t0.gstatic.com/images?q=tbn:ANd9GcT5ZNv1b6Xx9_VHmYxR6cynq0Y2R8QGvuc2zpDo2Kyh_3VCxj0W"}, "@id": "kg:/m/01vt556"}, "resultScore": 18.928478}]}