{"@type": "ItemList", "@context": {"@vocab": "http://schema.org/", "detailedDescription": "goog:detailedDescription", "resultScore": "goog:resultScore", "kg": "http://g.co/kg", "EntitySearchResult": "goog:EntitySearchResult", "goog": "http://schema.googleapis.com/"}, "itemListElement": [{"@type": "EntitySearchResult", "result": {"url": "http://www.darinofficial.com/", "description": "Swedish singer", "@type": ["Thing", "Person"], "name": "Darin", "detailedDescription": {"license": "https://en.wikipedia.org/wiki/Wikipedia:Text_of_Creative_Commons_Attribution-ShareAlike_3.0_Unported_License", "url": "https://en.wikipedia.org/wiki/Darin_Zanyar", "articleBody": "Darin Zanyar, better known simply as Darin, is a Swedish singer and songwriter from Stockholm. He is one of Sweden's best-selling artists, with seven number one music albums."}, "image": {"url": "https://commons.wikimedia.org/wiki/File:Darin_Zanyar_2014-01-18_001.jpg", "contentUrl": "http://t2.gstatic.com/images?q=tbn:ANd9GcSi73UilKPQSmO0KNXxFYjTySBWYnYmDr4_FFKCIWLnQXIiELqU"}, "@id": "kg:/m/01vvvr7"}, "resultScore": 18.577929}]}