{"@type": "ItemList", "@context": {"@vocab": "http://schema.org/", "detailedDescription": "goog:detailedDescription", "resultScore": "goog:resultScore", "kg": "http://g.co/kg", "EntitySearchResult": "goog:EntitySearchResult", "goog": "http://schema.googleapis.com/"}, "itemListElement": [{"@type": "EntitySearchResult", "result": {"description": "American actor", "@type": ["Thing", "Person"], "name": "Nicolas Cage", "detailedDescription": {"license": "https://en.wikipedia.org/wiki/Wikipedia:Text_of_Creative_Commons_Attribution-ShareAlike_3.0_Unported_License", "url": "https://en.wikipedia.org/wiki/Nicolas_Cage", "articleBody": "Nicolas Kim Coppola, known professionally as Nicolas Cage, is an American actor, director and producer. During his early career, Cage starred in a variety of films such as Valley Girl, Racing with the Moon, Birdy, Peggy Sue Got Married, Raising Arizona, Moonstruck, Vampire's Kiss, Wild at Heart, Fire Birds, Honeymoon in Vegas, and Red Rock West.\n"}, "image": {"url": "https://commons.wikimedia.org/wiki/File:Nicolas_Cage_2011_CC.jpg", "contentUrl": "http://t3.gstatic.com/images?q=tbn:ANd9GcRIQBUcsgEBb7-BjXEJL9YULKIEt60Lfu_xSuSYfHWXBbGhXiLg"}, "@id": "kg:/m/01vvb4m"}, "resultScore": 25.785852}]}