{"@type": "ItemList", "@context": {"@vocab": "http://schema.org/", "detailedDescription": "goog:detailedDescription", "resultScore": "goog:resultScore", "kg": "http://g.co/kg", "EntitySearchResult": "goog:EntitySearchResult", "goog": "http://schema.googleapis.com/"}, "itemListElement": [{"@type": "EntitySearchResult", "result": {"url": "http://malcolmarnold.co.uk/", "description": "Composer", "@type": ["Thing", "Person"], "name": "Malcolm Arnold", "detailedDescription": {"license": "https://en.wikipedia.org/wiki/Wikipedia:Text_of_Creative_Commons_Attribution-ShareAlike_3.0_Unported_License", "url": "https://en.wikipedia.org/wiki/Malcolm_Arnold", "articleBody": "Sir Malcolm Henry Arnold, CBE was an English composer. His output of works features music in many genres, including a cycle of nine symphonies, numerous concertos, concert works, chamber music, choral music and music for brass band and wind band. "}, "@id": "kg:/m/01vyp_"}, "resultScore": 16.960482}]}