{"@type": "ItemList", "@context": {"@vocab": "http://schema.org/", "detailedDescription": "goog:detailedDescription", "resultScore": "goog:resultScore", "kg": "http://g.co/kg", "EntitySearchResult": "goog:EntitySearchResult", "goog": "http://schema.googleapis.com/"}, "itemListElement": [{"@type": "EntitySearchResult", "result": {"url": "http://www.beefheart.com/roy-estrada/", "description": "American musician", "@type": ["Thing", "Person"], "name": "Roy Estrada", "detailedDescription": {"license": "https://en.wikipedia.org/wiki/Wikipedia:Text_of_Creative_Commons_Attribution-ShareAlike_3.0_Unported_License", "url": "https://en.wikipedia.org/wiki/Roy_Estrada", "articleBody": "Roy Estrada is an American former musician and vocalist, best known for his bass guitar work with Frank Zappa and the Mothers of Invention and for having been a founding member of Little Feat, playing on their first two albums.\n"}, "image": {"url": "https://en.wikipedia.org/wiki/Roy_Estrada", "contentUrl": "http://t3.gstatic.com/images?q=tbn:ANd9GcQ25M1Di1z0bRHaGSQmhczf_pTiwMe3c4lYyCWR5Y4xnZw51366"}, "@id": "kg:/m/01vy45p"}, "resultScore": 14.173769}]}