{"@type": "ItemList", "@context": {"@vocab": "http://schema.org/", "detailedDescription": "goog:detailedDescription", "resultScore": "goog:resultScore", "kg": "http://g.co/kg", "EntitySearchResult": "goog:EntitySearchResult", "goog": "http://schema.googleapis.com/"}, "itemListElement": [{"@type": "EntitySearchResult", "result": {"description": "American singer", "@id": "kg:/m/01vz_wj", "name": "Billy Grammer", "detailedDescription": {"license": "https://en.wikipedia.org/wiki/Wikipedia:Text_of_Creative_Commons_Attribution-ShareAlike_3.0_Unported_License", "url": "https://en.wikipedia.org/wiki/Billy_Grammer", "articleBody": "Billy Wayne Grammer was an American country music singer and accomplished guitar player. He recorded the million-selling \"Gotta Travel On\", which made it onto both the country and pop music charts in 1959. "}, "@type": ["Person", "Thing"]}, "resultScore": 12.861171}]}