{"@type": "ItemList", "@context": {"@vocab": "http://schema.org/", "detailedDescription": "goog:detailedDescription", "resultScore": "goog:resultScore", "kg": "http://g.co/kg", "EntitySearchResult": "goog:EntitySearchResult", "goog": "http://schema.googleapis.com/"}, "itemListElement": [{"@type": "EntitySearchResult", "result": {"description": "French businessman", "@type": ["Person", "Thing"], "name": "Bernard Tapie", "detailedDescription": {"license": "https://en.wikipedia.org/wiki/Wikipedia:Text_of_Creative_Commons_Attribution-ShareAlike_3.0_Unported_License", "url": "https://en.wikipedia.org/wiki/Bernard_Tapie", "articleBody": "Bernard Tapie is a French businessman, politician and occasional actor, singer, and TV host. He was Minister of City Affairs in the government of Pierre B\u00e9r\u00e9govoy."}, "image": {"url": "https://commons.wikimedia.org/wiki/File:Bernard_Tapie_2012.JPG", "contentUrl": "http://t0.gstatic.com/images?q=tbn:ANd9GcSVV3LhaYAXayjALd3JMHgwsBqxJSSfhcq8TzDod3CtKUBhzQC0"}, "@id": "kg:/m/01w07b"}, "resultScore": 18.792067}]}