{"@type": "ItemList", "@context": {"@vocab": "http://schema.org/", "detailedDescription": "goog:detailedDescription", "resultScore": "goog:resultScore", "kg": "http://g.co/kg", "EntitySearchResult": "goog:EntitySearchResult", "goog": "http://schema.googleapis.com/"}, "itemListElement": [{"@type": "EntitySearchResult", "result": {"description": "American musician", "@id": "kg:/m/01w4bt1", "name": "Elijah Blue Allman", "detailedDescription": {"license": "https://en.wikipedia.org/wiki/Wikipedia:Text_of_Creative_Commons_Attribution-ShareAlike_3.0_Unported_License", "url": "https://en.wikipedia.org/wiki/Elijah_Blue_Allman", "articleBody": "Elijah Blue Allman, known professionally as P. Exeter Blue, is an American musician, and the son of singer Cher and her second husband Gregg Allman. He is a half-brother of Chaz Bono, Delilah Allman, Michael Allman, Layla Allman, and Devon Allman.\nThrough his mother Cher, Elijah is of Armenian, Irish, English, and German ancestry.\nOn December 1, 2013, he married Marieangela King, an English singer."}, "@type": ["Person", "Thing"]}, "resultScore": 18.424353}]}