{"@type": "ItemList", "@context": {"@vocab": "http://schema.org/", "detailedDescription": "goog:detailedDescription", "resultScore": "goog:resultScore", "kg": "http://g.co/kg", "EntitySearchResult": "goog:EntitySearchResult", "goog": "http://schema.googleapis.com/"}, "itemListElement": [{"@type": "EntitySearchResult", "result": {"description": "Jamaican musician", "@type": ["Person", "Thing"], "name": "Buju Banton", "detailedDescription": {"license": "https://en.wikipedia.org/wiki/Wikipedia:Text_of_Creative_Commons_Attribution-ShareAlike_3.0_Unported_License", "url": "https://en.wikipedia.org/wiki/Buju_Banton", "articleBody": "Buju Banton is a Jamaican dancehall and reggae musician. He has collaborated with international artists Busta Rhymes, Fat Joe, Trey Songz, Rancid, and Bob Marley's sons Stephen Marley and Damian Marley. "}, "image": {"url": "https://commons.wikimedia.org/wiki/File:Buju_Banton_mug_shot.jpg", "contentUrl": "http://t2.gstatic.com/images?q=tbn:ANd9GcQpk1lcHVS4NQ30nhauG5XfL17wCa_p9X2WnaijHtlM32khCfsn"}, "@id": "kg:/m/01w5809"}, "resultScore": 22.611031}]}