{"@type": "ItemList", "@context": {"@vocab": "http://schema.org/", "detailedDescription": "goog:detailedDescription", "resultScore": "goog:resultScore", "kg": "http://g.co/kg", "EntitySearchResult": "goog:EntitySearchResult", "goog": "http://schema.googleapis.com/"}, "itemListElement": [{"@type": "EntitySearchResult", "result": {"url": "http://www.fictionjunction.com/", "description": "Japanese musician", "@type": ["Person", "Thing"], "name": "Yuki Kajiura", "detailedDescription": {"license": "https://en.wikipedia.org/wiki/Wikipedia:Text_of_Creative_Commons_Attribution-ShareAlike_3.0_Unported_License", "url": "https://en.wikipedia.org/wiki/Yuki_Kajiura", "articleBody": "Yuki Kajiura is a Japanese musician, composer and record producer. She has provided the music for several popular anime series, such as the final Kimagure Orange Road movie, Noir, .hack//Sign, Aquarian Age, Madlax, My-HiME, My-Otome, Pandora Hearts, Puella Magi Madoka Magica, Fate/Zero, Sword Art Online, Tsubasa: Reservoir Chronicle and the Kara no Kyoukai movies. "}, "image": {"url": "https://zh.wikipedia.org/wiki/%E6%A2%B6%E6%B5%A6%E7%94%B1%E8%A8%98", "contentUrl": "http://t0.gstatic.com/images?q=tbn:ANd9GcQffgyaVKeZneTNE6QKb_HLrFrYawwLrOiM4oSkIRpNdezbsXhD"}, "@id": "kg:/m/01w57m"}, "resultScore": 20.880663}]}