{"@type": "ItemList", "@context": {"@vocab": "http://schema.org/", "detailedDescription": "goog:detailedDescription", "resultScore": "goog:resultScore", "kg": "http://g.co/kg", "EntitySearchResult": "goog:EntitySearchResult", "goog": "http://schema.googleapis.com/"}, "itemListElement": [{"@type": "EntitySearchResult", "result": {"url": "http://www.gilbertogil.com.br/", "description": "Former Minister of Culture of Brazil", "@type": ["Thing", "Person"], "name": "Gilberto Gil", "detailedDescription": {"license": "https://en.wikipedia.org/wiki/Wikipedia:Text_of_Creative_Commons_Attribution-ShareAlike_3.0_Unported_License", "url": "https://en.wikipedia.org/wiki/Gilberto_Gil", "articleBody": "Gilberto Passos Gil Moreira, known professionally as Gilberto Gil, is a Brazilian singer, guitarist, and songwriter, known for both his musical innovation and political activism. "}, "image": {"url": "https://commons.wikimedia.org/wiki/File:Gilberto_Gil_1719MC198.jpg", "contentUrl": "http://t1.gstatic.com/images?q=tbn:ANd9GcSUSoLB2JB78jDxc0RJjn7DKEoJW9aEoEkqqBjpH8yo1Q33N6q7"}, "@id": "kg:/m/01w632f"}, "resultScore": 22.139908}]}