{"@type": "ItemList", "@context": {"@vocab": "http://schema.org/", "detailedDescription": "goog:detailedDescription", "resultScore": "goog:resultScore", "kg": "http://g.co/kg", "EntitySearchResult": "goog:EntitySearchResult", "goog": "http://schema.googleapis.com/"}, "itemListElement": [{"@type": "EntitySearchResult", "result": {"url": "http://www.siouxsie.com/", "description": "Singer", "@type": ["Thing", "Person"], "name": "Siouxsie Sioux", "detailedDescription": {"license": "https://en.wikipedia.org/wiki/Wikipedia:Text_of_Creative_Commons_Attribution-ShareAlike_3.0_Unported_License", "url": "https://en.wikipedia.org/wiki/Siouxsie_Sioux", "articleBody": "Susan Janet Ballion, known professionally as Siouxsie Sioux, is an English singer, songwriter, musician and producer. She is best known as the lead singer of the alternative rock band Siouxsie and the Banshees and the drums-and-voice duo The Creatures. "}, "image": {"url": "https://commons.wikimedia.org/wiki/File:Sioux-edinburgh80.jpg", "contentUrl": "http://t2.gstatic.com/images?q=tbn:ANd9GcQC4SXMhNcQP_0_5B2z7YPzYTq2He7MLP4GZ34DslgST--Ix4wK"}, "@id": "kg:/m/01w6czm"}, "resultScore": 19.775415}]}