{"@type": "ItemList", "@context": {"@vocab": "http://schema.org/", "detailedDescription": "goog:detailedDescription", "resultScore": "goog:resultScore", "kg": "http://g.co/kg", "EntitySearchResult": "goog:EntitySearchResult", "goog": "http://schema.googleapis.com/"}, "itemListElement": [{"@type": "EntitySearchResult", "result": {"url": "http://www.nicksimper.com/", "description": "English bass guitarist", "@type": ["Person", "Thing"], "name": "Nick Simper", "detailedDescription": {"license": "https://en.wikipedia.org/wiki/Wikipedia:Text_of_Creative_Commons_Attribution-ShareAlike_3.0_Unported_License", "url": "https://en.wikipedia.org/wiki/Nick_Simper", "articleBody": "Nicholas John Simper is an English bass guitarist, who was a co-founding member of Deep Purple and Warhorse. In the 1960s, he began his professional career in bands such as Johnny Kidd &amp; the Pirates, The Flower Pot Men, and Lord Sutch's Savages."}, "image": {"url": "https://en.wikipedia.org/wiki/Nick_Simper", "contentUrl": "http://t2.gstatic.com/images?q=tbn:ANd9GcRsij2Uu6q4wzKeIpTBgnfAWs3b5Dme9_xINokx8VPAALeLVJud"}, "@id": "kg:/m/01w7x3p"}, "resultScore": 14.657638}]}