{"@type": "ItemList", "@context": {"@vocab": "http://schema.org/", "detailedDescription": "goog:detailedDescription", "resultScore": "goog:resultScore", "kg": "http://g.co/kg", "EntitySearchResult": "goog:EntitySearchResult", "goog": "http://schema.googleapis.com/"}, "itemListElement": [{"@type": "EntitySearchResult", "result": {"url": "http://rhythmzone.net/koda/", "description": "Japanese singer", "@type": ["Person", "Thing"], "name": "Kumi Koda", "detailedDescription": {"license": "https://en.wikipedia.org/wiki/Wikipedia:Text_of_Creative_Commons_Attribution-ShareAlike_3.0_Unported_License", "url": "https://en.wikipedia.org/wiki/Koda_Kumi", "articleBody": "Kumiko K\u014dda, known professionally as Koda Kumi, is a Japanese singer from Kyoto, known for her urban and R&amp;B songs. Having debuted in 2000 with the single \"Take Back\", Koda gained fame for her seventh single, \"Real Emotion/1000 no Kotoba\", the songs of which were used as themes for the video game Final Fantasy X-2. "}, "image": {"url": "https://ja.wikipedia.org/wiki/%E5%80%96%E7%94%B0%E4%BE%86%E6%9C%AA", "contentUrl": "http://t3.gstatic.com/images?q=tbn:ANd9GcS1-OPBox3bPZ_gdhoeh_1_GEsq8MDq21Lb5ATA6q-FNL9jj1B2"}, "@id": "kg:/m/01w73r7"}, "resultScore": 23.390915}]}