{"@type": "ItemList", "@context": {"@vocab": "http://schema.org/", "detailedDescription": "goog:detailedDescription", "resultScore": "goog:resultScore", "kg": "http://g.co/kg", "EntitySearchResult": "goog:EntitySearchResult", "goog": "http://schema.googleapis.com/"}, "itemListElement": [{"@type": "EntitySearchResult", "result": {"url": "http://www.ellenallien.de/", "description": "German musician", "@type": ["Person", "Thing"], "name": "Ellen Allien", "detailedDescription": {"license": "https://en.wikipedia.org/wiki/Wikipedia:Text_of_Creative_Commons_Attribution-ShareAlike_3.0_Unported_License", "url": "https://en.wikipedia.org/wiki/Ellen_Allien", "articleBody": "Ellen Allien is a German electronic musician, music producer, and the founder of BPitch Control music label. Her album Stadtkind was dedicated to the city of Berlin, and she cites the culture of reunified Berlin as one of the main inspirations for her music. "}, "image": {"url": "https://commons.wikimedia.org/wiki/File:Ellen_Allien_1.jpg", "contentUrl": "http://t3.gstatic.com/images?q=tbn:ANd9GcTutcAqZiKGBtj6xQs_b8uqW1zFIGcl4IexEcfq6BlYMkxiFcF1"}, "@id": "kg:/m/01w9jhf"}, "resultScore": 17.824392}]}