{"@type": "ItemList", "@context": {"@vocab": "http://schema.org/", "detailedDescription": "goog:detailedDescription", "resultScore": "goog:resultScore", "kg": "http://g.co/kg", "EntitySearchResult": "goog:EntitySearchResult", "goog": "http://schema.googleapis.com/"}, "itemListElement": [{"@type": "EntitySearchResult", "result": {"description": "American singer-songwriter", "@type": ["Thing", "Person"], "name": "Jake Shears", "detailedDescription": {"license": "https://en.wikipedia.org/wiki/Wikipedia:Text_of_Creative_Commons_Attribution-ShareAlike_3.0_Unported_License", "url": "https://en.wikipedia.org/wiki/Jake_Shears", "articleBody": "Jason F. Sellards, better known as Jake Shears, is an American singer and songwriter. He is best known as the lead male singer for the pop band Scissor Sisters."}, "image": {"url": "https://commons.wikimedia.org/wiki/File:Jake_Shears_of_the_Scissor_Sisters.jpg", "contentUrl": "http://t0.gstatic.com/images?q=tbn:ANd9GcRDf3ojNFSeppnelB-RZb8qmIx1qm84GMPB8j5dDA5tSNAEu094"}, "@id": "kg:/m/01wbrf2"}, "resultScore": 17.409725}]}