{"@type": "ItemList", "@context": {"@vocab": "http://schema.org/", "detailedDescription": "goog:detailedDescription", "resultScore": "goog:resultScore", "kg": "http://g.co/kg", "EntitySearchResult": "goog:EntitySearchResult", "goog": "http://schema.googleapis.com/"}, "itemListElement": [{"@type": "EntitySearchResult", "result": {"description": "American actress", "@type": ["Thing", "Person"], "name": "Kirstie Alley", "detailedDescription": {"license": "https://en.wikipedia.org/wiki/Wikipedia:Text_of_Creative_Commons_Attribution-ShareAlike_3.0_Unported_License", "url": "https://en.wikipedia.org/wiki/Kirstie_Alley", "articleBody": "Kirstie Louise Alley is an American actress and spokesmodel. She first achieved recognition in 1982, playing Saavik in the science fiction film Star Trek II: The Wrath of Khan. "}, "image": {"url": "https://commons.wikimedia.org/wiki/File:Kirstie_Alley_1994.jpg", "contentUrl": "http://t2.gstatic.com/images?q=tbn:ANd9GcQ8tBxCMAKe9kHV9px03dEwYu7hb0AXak1_qFMnsFSMJqw_AUkp"}, "@id": "kg:/m/01wc7p"}, "resultScore": 21.122749}]}