{"@type": "ItemList", "@context": {"@vocab": "http://schema.org/", "detailedDescription": "goog:detailedDescription", "resultScore": "goog:resultScore", "kg": "http://g.co/kg", "EntitySearchResult": "goog:EntitySearchResult", "goog": "http://schema.googleapis.com/"}, "itemListElement": [{"@type": "EntitySearchResult", "result": {"description": "American religious leader", "@type": ["Person", "Thing"], "name": "Gordon B. Hinckley", "detailedDescription": {"license": "https://en.wikipedia.org/wiki/Wikipedia:Text_of_Creative_Commons_Attribution-ShareAlike_3.0_Unported_License", "url": "https://en.wikipedia.org/wiki/Gordon_B._Hinckley", "articleBody": "Gordon Bitner Hinckley was an American religious leader and author who served as the 15th President of The Church of Jesus Christ of Latter-day Saints from March 12, 1995, until his death. "}, "image": {"url": "https://commons.wikimedia.org/wiki/File:Gordon_B._Hinckley_and_George_W._Bush.png", "contentUrl": "http://t1.gstatic.com/images?q=tbn:ANd9GcSJ_bEO4reTLIV-Q7aXEgwMqgtbctAmoNQbhpfPkhbnP0Co38Pd"}, "@id": "kg:/m/01wcgp"}, "resultScore": 17.545591}]}