{"@type": "ItemList", "@context": {"@vocab": "http://schema.org/", "detailedDescription": "goog:detailedDescription", "resultScore": "goog:resultScore", "kg": "http://g.co/kg", "EntitySearchResult": "goog:EntitySearchResult", "goog": "http://schema.googleapis.com/"}, "itemListElement": [{"@type": "EntitySearchResult", "result": {"url": "http://carolynwonderland.com/", "description": "American singer-songwriter", "@type": ["Person", "Thing"], "name": "Carolyn Wonderland", "detailedDescription": {"license": "https://en.wikipedia.org/wiki/Wikipedia:Text_of_Creative_Commons_Attribution-ShareAlike_3.0_Unported_License", "url": "https://en.wikipedia.org/wiki/Carolyn_Wonderland", "articleBody": "Carolyn Wonderland is an American blues singer-songwriter and musician. She is married to comedian and writer, A. Whitney Brown."}, "image": {"url": "https://en.wikipedia.org/wiki/Carolyn_Wonderland", "contentUrl": "http://t1.gstatic.com/images?q=tbn:ANd9GcRd_CDunTYRfVZs_wHAVpJk9eK443YqIrQgfqKIMIaIluJcxT9i"}, "@id": "kg:/m/01wd29x"}, "resultScore": 14.424585}]}