{"@type": "ItemList", "@context": {"@vocab": "http://schema.org/", "detailedDescription": "goog:detailedDescription", "resultScore": "goog:resultScore", "kg": "http://g.co/kg", "EntitySearchResult": "goog:EntitySearchResult", "goog": "http://schema.googleapis.com/"}, "itemListElement": [{"@type": "EntitySearchResult", "result": {"url": "http://www.e-type.se/", "description": "Swedish musician", "@type": ["Person", "Thing"], "name": "E-Type", "detailedDescription": {"license": "https://en.wikipedia.org/wiki/Wikipedia:Text_of_Creative_Commons_Attribution-ShareAlike_3.0_Unported_License", "url": "https://en.wikipedia.org/wiki/E-Type_(musician)", "articleBody": "Bo Martin Erik Eriksson, better known by his stage name E-Type, is a Swedish Eurodance musician."}, "image": {"url": "https://sv.wikipedia.org/wiki/Fil:Etype.JPG", "contentUrl": "http://t1.gstatic.com/images?q=tbn:ANd9GcQk9_7dwxPl05xGW1oUdmnWbqc-RsIX23JI7WW7ux1eifAs1TQr"}, "@id": "kg:/m/01wfwy3"}, "resultScore": 18.782009}]}