{"@type": "ItemList", "@context": {"@vocab": "http://schema.org/", "detailedDescription": "goog:detailedDescription", "resultScore": "goog:resultScore", "kg": "http://g.co/kg", "EntitySearchResult": "goog:EntitySearchResult", "goog": "http://schema.googleapis.com/"}, "itemListElement": [{"@type": "EntitySearchResult", "result": {"url": "http://deliciousvinyl.com/artists/tone-loc/", "description": "American rapper", "@type": ["Person", "Thing"], "name": "Tone Loc", "detailedDescription": {"license": "https://en.wikipedia.org/wiki/Wikipedia:Text_of_Creative_Commons_Attribution-ShareAlike_3.0_Unported_License", "url": "https://en.wikipedia.org/wiki/Tone_Loc", "articleBody": "Anthony Terrell Smith, better known by his stage name Tone Loc, is an American rapper, actor and producer. He is known for his raspy voice, his hit songs \"Wild Thing\" and \"Funky Cold Medina\", for which he was nominated for a Grammy Award, as well as being featured in \"We're All in the Same Gang\", a collaborative single by the West Coast Rap All-Stars."}, "@id": "kg:/m/01wf_f3"}, "resultScore": 17.969954}]}