{"@type": "ItemList", "@context": {"@vocab": "http://schema.org/", "detailedDescription": "goog:detailedDescription", "resultScore": "goog:resultScore", "kg": "http://g.co/kg", "EntitySearchResult": "goog:EntitySearchResult", "goog": "http://schema.googleapis.com/"}, "itemListElement": [{"@type": "EntitySearchResult", "result": {"url": "http://www.nnekaworld.com/", "description": "Singer", "@type": ["Person", "Thing"], "name": "Nneka", "detailedDescription": {"license": "https://en.wikipedia.org/wiki/Wikipedia:Text_of_Creative_Commons_Attribution-ShareAlike_3.0_Unported_License", "url": "https://en.wikipedia.org/wiki/Nneka_(singer)", "articleBody": "Nneka Egbuna is a Nigerian singer, songwriter and actress. She sings in English, Igbo and Nigerian Pidgin."}, "@id": "kg:/m/01wk0k4"}, "resultScore": 16.512428}]}