{"@type": "ItemList", "@context": {"@vocab": "http://schema.org/", "detailedDescription": "goog:detailedDescription", "resultScore": "goog:resultScore", "kg": "http://g.co/kg", "EntitySearchResult": "goog:EntitySearchResult", "goog": "http://schema.googleapis.com/"}, "itemListElement": [{"@type": "EntitySearchResult", "result": {"url": "http://www.bela-b.de/", "description": "German musician", "@type": ["Thing", "Person"], "name": "Bela B.", "detailedDescription": {"license": "https://en.wikipedia.org/wiki/Wikipedia:Text_of_Creative_Commons_Attribution-ShareAlike_3.0_Unported_License", "url": "https://en.wikipedia.org/wiki/Bela_B.", "articleBody": "Dirk Felsenheimer, better known under his stage name Bela B, is a German musician, singer and songwriter. He is best known for being the drummer and one of the singers in the German band Die \u00c4rzte. In 2006, he released his first solo album entitled Bingo. "}, "image": {"url": "https://ru.wikipedia.org/wiki/%D0%A4%D0%B0%D0%B9%D0%BB:BelaB_credit_JoergSteinmetz.jpg", "contentUrl": "http://t2.gstatic.com/images?q=tbn:ANd9GcS13PoZBmSOz6nekJ_-dRZiJD9cCnvvfVfzR-EKEFm2rkpDZXk1"}, "@id": "kg:/m/01wmcmw"}, "resultScore": 18.462172}]}