{"@type": "ItemList", "@context": {"@vocab": "http://schema.org/", "detailedDescription": "goog:detailedDescription", "resultScore": "goog:resultScore", "kg": "http://g.co/kg", "EntitySearchResult": "goog:EntitySearchResult", "goog": "http://schema.googleapis.com/"}, "itemListElement": [{"@type": "EntitySearchResult", "result": {"url": "http://www.ladykier.com/", "description": "American singer", "@type": ["Person", "Thing"], "name": "Lady Miss Kier", "detailedDescription": {"license": "https://en.wikipedia.org/wiki/Wikipedia:Text_of_Creative_Commons_Attribution-ShareAlike_3.0_Unported_License", "url": "https://en.wikipedia.org/wiki/Lady_Miss_Kier", "articleBody": "Kierin Magenta Kirby, better known as Lady Miss Kier, is an American singer, DJ, fashion icon, and activist. She was the vocalist for the internationally acclaimed band Deee-Lite, followed by a career as a DJ and solo songwriter. "}, "image": {"url": "https://commons.wikimedia.org/wiki/File:Lady_Miss_Kier.jpg", "contentUrl": "http://t3.gstatic.com/images?q=tbn:ANd9GcRb91BLoKKfz6CuWH0JtSi0O9FNd-yS_uQFr24CXtuNVNOVmTGk"}, "@id": "kg:/m/01wnb2y"}, "resultScore": 15.926343}]}