{"@type": "ItemList", "@context": {"@vocab": "http://schema.org/", "detailedDescription": "goog:detailedDescription", "resultScore": "goog:resultScore", "kg": "http://g.co/kg", "EntitySearchResult": "goog:EntitySearchResult", "goog": "http://schema.googleapis.com/"}, "itemListElement": [{"@type": "EntitySearchResult", "result": {"url": "http://www.behindthevoiceactors.com/Rika-Morinaga/", "description": "Japanese voice actress", "@type": ["Thing", "Person"], "name": "Rika Morinaga", "detailedDescription": {"license": "https://en.wikipedia.org/wiki/Wikipedia:Text_of_Creative_Commons_Attribution-ShareAlike_3.0_Unported_License", "url": "https://en.wikipedia.org/wiki/Rika_Morinaga", "articleBody": "Rika Morinaga is a Japanese voice actress and singer represented by Mausu Promotion. She is best known for her role as Souseiseki in Rozen Maiden and Makoto \"Mako-chan\" in Minami-ke. Morinaga is also the lead singer of the goth rock band function code."}, "@id": "kg:/m/01wntm6"}, "resultScore": 13.624506}]}