{"@type": "ItemList", "@context": {"@vocab": "http://schema.org/", "detailedDescription": "goog:detailedDescription", "resultScore": "goog:resultScore", "kg": "http://g.co/kg", "EntitySearchResult": "goog:EntitySearchResult", "goog": "http://schema.googleapis.com/"}, "itemListElement": [{"@type": "EntitySearchResult", "result": {"url": "http://fakefourinc.com/artist/busdriver", "description": "American rapper", "@type": ["Person", "Thing"], "name": "Busdriver", "detailedDescription": {"license": "https://en.wikipedia.org/wiki/Wikipedia:Text_of_Creative_Commons_Attribution-ShareAlike_3.0_Unported_License", "url": "https://en.wikipedia.org/wiki/Busdriver", "articleBody": "Regan Farquhar, better known by his stage name Busdriver, is an American rapper and producer from Los Angeles, California. He has collaborated with rappers such as Myka 9, Milo, Nocando, Open Mike Eagle, 2Mex, and Radioinactive. "}, "image": {"url": "https://en.wikipedia.org/wiki/Busdriver", "contentUrl": "http://t2.gstatic.com/images?q=tbn:ANd9GcSLq_Nm7woDIbWZ5ux41VRXAtwJs0edvrzHOuSisTsQlN9JPIi7"}, "@id": "kg:/m/01wnnng"}, "resultScore": 16.113804}]}