{"@type": "ItemList", "@context": {"@vocab": "http://schema.org/", "detailedDescription": "goog:detailedDescription", "resultScore": "goog:resultScore", "kg": "http://g.co/kg", "EntitySearchResult": "goog:EntitySearchResult", "goog": "http://schema.googleapis.com/"}, "itemListElement": [{"@type": "EntitySearchResult", "result": {"description": "Australian model", "@type": ["Person", "Thing"], "name": "Imogen Bailey", "detailedDescription": {"license": "https://en.wikipedia.org/wiki/Wikipedia:Text_of_Creative_Commons_Attribution-ShareAlike_3.0_Unported_License", "url": "https://en.wikipedia.org/wiki/Imogen_Bailey", "articleBody": "Imogen Bailey is an Australian model, actress and singer. As a model she has been featured on the cover of men's magazines, including Ralph, FHM Australia, Black+White. "}, "image": {"url": "https://en.wikipedia.org/wiki/Imogen_Bailey", "contentUrl": "http://t2.gstatic.com/images?q=tbn:ANd9GcSFVTjJ0JdfirWCXZ4R88lUQYmuQnRvIhVmHpgeG2irICnBsQ0O"}, "@id": "kg:/m/01wrxgf"}, "resultScore": 13.771039}]}