{"@type": "ItemList", "@context": {"@vocab": "http://schema.org/", "detailedDescription": "goog:detailedDescription", "resultScore": "goog:resultScore", "kg": "http://g.co/kg", "EntitySearchResult": "goog:EntitySearchResult", "goog": "http://schema.googleapis.com/"}, "itemListElement": [{"@type": "EntitySearchResult", "result": {"description": "American vocalist", "@id": "kg:/m/01x0j82", "name": "Susannah Melvoin", "detailedDescription": {"license": "https://en.wikipedia.org/wiki/Wikipedia:Text_of_Creative_Commons_Attribution-ShareAlike_3.0_Unported_License", "url": "https://en.wikipedia.org/wiki/Susannah_Melvoin", "articleBody": "Susannah Melvoin is an American vocalist and songwriter, best known for her association with Prince in the mid-1980s. Coming from a musical family, Melvoin is the twin sister of musician Wendy Melvoin, sister of Jonathan Melvoin, and daughter of jazz pianist Michael Melvoin."}, "@type": ["Person", "Thing"]}, "resultScore": 14.483122}]}