{"@type": "ItemList", "@context": {"@vocab": "http://schema.org/", "detailedDescription": "goog:detailedDescription", "resultScore": "goog:resultScore", "kg": "http://g.co/kg", "EntitySearchResult": "goog:EntitySearchResult", "goog": "http://schema.googleapis.com/"}, "itemListElement": [{"@type": "EntitySearchResult", "result": {"url": "http://koizumix.com/", "description": "Japanese singer", "@type": ["Person", "Thing"], "name": "Ky\u00f4ko Koizumi", "detailedDescription": {"license": "https://en.wikipedia.org/wiki/Wikipedia:Text_of_Creative_Commons_Attribution-ShareAlike_3.0_Unported_License", "url": "https://en.wikipedia.org/wiki/Ky%C5%8Dko_Koizumi", "articleBody": "Kyoko Koizumi is a Japanese singer and actress. She is signed to Victor Entertainment."}, "@id": "kg:/m/01x124x"}, "resultScore": 20.959522}]}