{"@type": "ItemList", "@context": {"@vocab": "http://schema.org/", "detailedDescription": "goog:detailedDescription", "resultScore": "goog:resultScore", "kg": "http://g.co/kg", "EntitySearchResult": "goog:EntitySearchResult", "goog": "http://schema.googleapis.com/"}, "itemListElement": [{"@type": "EntitySearchResult", "result": {"url": "http://elizabeth-perkins.org", "description": "American actress", "@type": ["Person", "Thing"], "name": "Elizabeth Perkins", "detailedDescription": {"license": "https://en.wikipedia.org/wiki/Wikipedia:Text_of_Creative_Commons_Attribution-ShareAlike_3.0_Unported_License", "url": "https://en.wikipedia.org/wiki/Elizabeth_Perkins", "articleBody": "Elizabeth Ann Perkins is an American actress. Her film roles have included About Last Night..., Big, The Flintstones, Miracle on 34th Street and Avalon. "}, "image": {"url": "https://en.wikipedia.org/wiki/Elizabeth_Perkins", "contentUrl": "http://t0.gstatic.com/images?q=tbn:ANd9GcRQVtqQjRH-vOeCL1W5If306JEvrNrMemD9OO-fRWybBahwc61L"}, "@id": "kg:/m/01x6jd"}, "resultScore": 19.336983}]}