{"@type": "ItemList", "@context": {"@vocab": "http://schema.org/", "detailedDescription": "goog:detailedDescription", "resultScore": "goog:resultScore", "kg": "http://g.co/kg", "EntitySearchResult": "goog:EntitySearchResult", "goog": "http://schema.googleapis.com/"}, "itemListElement": [{"@type": "EntitySearchResult", "result": {"description": "American author", "@type": ["Person", "Thing"], "name": "Helen Gurley Brown", "detailedDescription": {"license": "https://en.wikipedia.org/wiki/Wikipedia:Text_of_Creative_Commons_Attribution-ShareAlike_3.0_Unported_License", "url": "https://en.wikipedia.org/wiki/Helen_Gurley_Brown", "articleBody": "Helen Gurley Brown was an American author, publisher, and businesswoman. She was the editor-in-chief of Cosmopolitan magazine for 32 years."}, "image": {"url": "https://en.wikipedia.org/wiki/Helen_Gurley_Brown", "contentUrl": "http://t0.gstatic.com/images?q=tbn:ANd9GcRkFm0in_DyoU8bZ2cLDZBAXB9ng7HP2JbrTnIXXMhWd_UZSCKg"}, "@id": "kg:/m/01x8b5"}, "resultScore": 14.902021}]}