{"@type": "ItemList", "@context": {"@vocab": "http://schema.org/", "detailedDescription": "goog:detailedDescription", "resultScore": "goog:resultScore", "kg": "http://g.co/kg", "EntitySearchResult": "goog:EntitySearchResult", "goog": "http://schema.googleapis.com/"}, "itemListElement": [{"@type": "EntitySearchResult", "result": {"url": "http://m.mlb.com/player/425883/dontrelle-willis", "description": "Baseball pitcher", "@type": ["Person", "Thing"], "name": "Dontrelle Willis", "detailedDescription": {"license": "https://en.wikipedia.org/wiki/Wikipedia:Text_of_Creative_Commons_Attribution-ShareAlike_3.0_Unported_License", "url": "https://en.wikipedia.org/wiki/Dontrelle_Willis", "articleBody": "Dontrelle Wayne Willis, nicknamed \"The D-Train\", is an American former professional baseball pitcher. He played in Major League Baseball for the Florida Marlins, Detroit Tigers, Arizona Diamondbacks and Cincinnati Reds. "}, "image": {"url": "https://en.wikipedia.org/wiki/Dontrelle_Willis", "contentUrl": "http://t2.gstatic.com/images?q=tbn:ANd9GcQuH9YZ-Uw72h_zh9VFdyp_vHX5hQsYo7l8cMBpRyzhXYnRAcZ3"}, "@id": "kg:/m/01xdx6"}, "resultScore": 17.942408}]}