{"@type": "ItemList", "@context": {"@vocab": "http://schema.org/", "detailedDescription": "goog:detailedDescription", "resultScore": "goog:resultScore", "kg": "http://g.co/kg", "EntitySearchResult": "goog:EntitySearchResult", "goog": "http://schema.googleapis.com/"}, "itemListElement": [{"@type": "EntitySearchResult", "result": {"description": "American musician", "@id": "kg:/m/01xtrv", "name": "Eldon Hoke", "detailedDescription": {"license": "https://en.wikipedia.org/wiki/Wikipedia:Text_of_Creative_Commons_Attribution-ShareAlike_3.0_Unported_License", "url": "https://en.wikipedia.org/wiki/Eldon_Hoke", "articleBody": "Eldon Wayne Hoke, nicknamed El Duce, was an American musician best known as the drummer and lead singer of the shock rock band The Mentors. He was part of other acts, including Chinas Comidas and The Screamers before that."}, "@type": ["Person", "Thing"]}, "resultScore": 15.21933}]}