{"@type": "ItemList", "@context": {"@vocab": "http://schema.org/", "detailedDescription": "goog:detailedDescription", "resultScore": "goog:resultScore", "kg": "http://g.co/kg", "EntitySearchResult": "goog:EntitySearchResult", "goog": "http://schema.googleapis.com/"}, "itemListElement": [{"@type": "EntitySearchResult", "result": {"description": "American businessman", "@type": ["Thing", "Person"], "name": "William Kissam Vanderbilt", "detailedDescription": {"license": "https://en.wikipedia.org/wiki/Wikipedia:Text_of_Creative_Commons_Attribution-ShareAlike_3.0_Unported_License", "url": "https://en.wikipedia.org/wiki/William_Kissam_Vanderbilt", "articleBody": "William Kissam Vanderbilt I was an American heir, businessman, philanthropist and horsebreeder. Born into the Vanderbilt family, he managed his family's railroad investments."}, "image": {"url": "https://en.wikipedia.org/wiki/William_Kissam_Vanderbilt", "contentUrl": "http://t2.gstatic.com/images?q=tbn:ANd9GcQnADVXfaIke-_n9lCkePM2PfKrQy8bexSnRgpT6ORRV7idGwIQ"}, "@id": "kg:/m/01xvpb"}, "resultScore": 14.322844}]}