{"@type": "ItemList", "@context": {"@vocab": "http://schema.org/", "detailedDescription": "goog:detailedDescription", "resultScore": "goog:resultScore", "kg": "http://g.co/kg", "EntitySearchResult": "goog:EntitySearchResult", "goog": "http://schema.googleapis.com/"}, "itemListElement": [{"@type": "EntitySearchResult", "result": {"description": "Statistician", "@id": "kg:/m/01y_7s", "name": "E. F. Schumacher", "detailedDescription": {"license": "https://en.wikipedia.org/wiki/Wikipedia:Text_of_Creative_Commons_Attribution-ShareAlike_3.0_Unported_License", "url": "https://en.wikipedia.org/wiki/E._F._Schumacher", "articleBody": "Ernst Friedrich Schumacher was a German statistician and economist who is best known for his proposals for human-scale, decentralised and appropriate technologies. "}, "@type": ["Person", "Thing"]}, "resultScore": 15.256349}]}