{"@type": "ItemList", "@context": {"@vocab": "http://schema.org/", "detailedDescription": "goog:detailedDescription", "resultScore": "goog:resultScore", "kg": "http://g.co/kg", "EntitySearchResult": "goog:EntitySearchResult", "goog": "http://schema.googleapis.com/"}, "itemListElement": [{"@type": "EntitySearchResult", "result": {"description": "American astronomer", "@type": ["Person", "Thing"], "name": "Clyde Tombaugh", "detailedDescription": {"license": "https://en.wikipedia.org/wiki/Wikipedia:Text_of_Creative_Commons_Attribution-ShareAlike_3.0_Unported_License", "url": "https://en.wikipedia.org/wiki/Clyde_Tombaugh", "articleBody": "Clyde William Tombaugh was an American astronomer. He discovered Pluto in 1930, the first object to be discovered in what would later be identified as the Kuiper belt. "}, "image": {"url": "https://commons.wikimedia.org/wiki/File:Clyde_W._Tombaugh.jpeg", "contentUrl": "http://t3.gstatic.com/images?q=tbn:ANd9GcReet9AxbyBOYHkfmNCx0I9449Gwmf8AAT2XGGFre_rxNVfYcyz"}, "@id": "kg:/m/01ylz"}, "resultScore": 16.808111}]}