{"@type": "ItemList", "@context": {"@vocab": "http://schema.org/", "detailedDescription": "goog:detailedDescription", "resultScore": "goog:resultScore", "kg": "http://g.co/kg", "EntitySearchResult": "goog:EntitySearchResult", "goog": "http://schema.googleapis.com/"}, "itemListElement": [{"@type": "EntitySearchResult", "result": {"url": "http://www.hachettebookgroupusa.com/features/sidneysheldon/meet_ss.html", "description": "American writer", "@type": ["Thing", "Person"], "name": "Sidney Sheldon", "detailedDescription": {"license": "https://en.wikipedia.org/wiki/Wikipedia:Text_of_Creative_Commons_Attribution-ShareAlike_3.0_Unported_License", "url": "https://en.wikipedia.org/wiki/Sidney_Sheldon", "articleBody": "Sidney Sheldon was an American writer and producer.\nHe came to prominence in the 1930s, first working on Broadway plays and then in motion pictures, notably writing the successful comedy The Bachelor and the Bobby-Soxer which earned him an Academy Award. "}, "@id": "kg:/m/01ynzf"}, "resultScore": 19.810911}]}