{"@type": "ItemList", "@context": {"@vocab": "http://schema.org/", "detailedDescription": "goog:detailedDescription", "resultScore": "goog:resultScore", "kg": "http://g.co/kg", "EntitySearchResult": "goog:EntitySearchResult", "goog": "http://schema.googleapis.com/"}, "itemListElement": [{"@type": "EntitySearchResult", "result": {"url": "http://slayground.net/danny/", "description": "American actor", "@type": ["Person", "Thing"], "name": "Danny Strong", "detailedDescription": {"license": "https://en.wikipedia.org/wiki/Wikipedia:Text_of_Creative_Commons_Attribution-ShareAlike_3.0_Unported_License", "url": "https://en.wikipedia.org/wiki/Danny_Strong", "articleBody": "Daniel W. Strong is an American actor, screenwriter, television director, film director, and producer. As an actor, Strong is best known for his roles as Jonathan Levinson in Buffy the Vampire Slayer and Doyle McMaster in Gilmore Girls. "}, "image": {"url": "https://en.wikipedia.org/wiki/Danny_Strong", "contentUrl": "http://t1.gstatic.com/images?q=tbn:ANd9GcTMdcU3xltWVQKk9qcukkSkVAxiZSR4ABkPljrt4DB58uTQ0ob8"}, "@id": "kg:/m/01ypf3"}, "resultScore": 16.557957}]}