{"@type": "ItemList", "@context": {"@vocab": "http://schema.org/", "detailedDescription": "goog:detailedDescription", "resultScore": "goog:resultScore", "kg": "http://g.co/kg", "EntitySearchResult": "goog:EntitySearchResult", "goog": "http://schema.googleapis.com/"}, "itemListElement": [{"@type": "EntitySearchResult", "result": {"description": "American author", "@id": "kg:/m/01yr0s", "name": "Betty MacDonald", "detailedDescription": {"license": "https://en.wikipedia.org/wiki/Wikipedia:Text_of_Creative_Commons_Attribution-ShareAlike_3.0_Unported_License", "url": "https://en.wikipedia.org/wiki/Betty_MacDonald", "articleBody": "Betty MacDonald was an American author who specialized in humorous autobiographical tales, and is best known for her book The Egg and I. She also wrote the Mrs. Piggle-Wiggle series of children's books. She is associated with the Pacific Northwest, especially Washington state."}, "@type": ["Person", "Thing"]}, "resultScore": 13.726541}]}