{"@type": "ItemList", "@context": {"@vocab": "http://schema.org/", "detailedDescription": "goog:detailedDescription", "resultScore": "goog:resultScore", "kg": "http://g.co/kg", "EntitySearchResult": "goog:EntitySearchResult", "goog": "http://schema.googleapis.com/"}, "itemListElement": [{"@type": "EntitySearchResult", "result": {"description": "Football coach", "@type": ["Person", "Thing"], "name": "Hern\u00e1n Crespo", "detailedDescription": {"license": "https://en.wikipedia.org/wiki/Wikipedia:Text_of_Creative_Commons_Attribution-ShareAlike_3.0_Unported_License", "url": "https://en.wikipedia.org/wiki/Hern%C3%A1n_Crespo", "articleBody": "Hern\u00e1n Jorge Crespo is an Argentine professional football coach and former player who is the manager of Argentine Primera Divisi\u00f3n club Banfield. A prolific striker, he has scored over 300 goals in a career spanning 19 years. "}, "image": {"url": "https://zh.wikipedia.org/zh/File:Hern%C3%A1n_Crespo_-_07FEB2007_-_Francia_-_presidencia-govar.jpg", "contentUrl": "http://t1.gstatic.com/images?q=tbn:ANd9GcQusEZRxUOYkdeZ6fJCsJi8hQi_21rh0ftGuKgVLgH4Ua0HFgUe"}, "@id": "kg:/m/01yt5p"}, "resultScore": 21.1075}]}