{"@type": "ItemList", "@context": {"@vocab": "http://schema.org/", "detailedDescription": "goog:detailedDescription", "resultScore": "goog:resultScore", "kg": "http://g.co/kg", "EntitySearchResult": "goog:EntitySearchResult", "goog": "http://schema.googleapis.com/"}, "itemListElement": [{"@type": "EntitySearchResult", "result": {"description": "Novelist", "@id": "kg:/m/01zhmp", "name": "Margaret Forster", "detailedDescription": {"license": "https://en.wikipedia.org/wiki/Wikipedia:Text_of_Creative_Commons_Attribution-ShareAlike_3.0_Unported_License", "url": "https://en.wikipedia.org/wiki/Margaret_Forster", "articleBody": "Margaret Forster was an English novelist, biographer, memoirist, historian and literary critic. She is best known for her 1965 novel Georgy Girl, which was made into a successful film of the same name and inspired a hit song by The Seekers, as well as her 2003 novel Diary of an Ordinary Woman; her biographies of Daphne du Maurier and Elizabeth Barrett Browning; and her memoirs Hidden Lives and Precious Lives."}, "@type": ["Person", "Thing"]}, "resultScore": 13.444961}]}