{"@type": "ItemList", "@context": {"@vocab": "http://schema.org/", "detailedDescription": "goog:detailedDescription", "resultScore": "goog:resultScore", "kg": "http://g.co/kg", "EntitySearchResult": "goog:EntitySearchResult", "goog": "http://schema.googleapis.com/"}, "itemListElement": [{"@type": "EntitySearchResult", "result": {"description": "Indian actress", "@type": ["Person", "Thing"], "name": "Rani Mukerji", "detailedDescription": {"license": "https://en.wikipedia.org/wiki/Wikipedia:Text_of_Creative_Commons_Attribution-ShareAlike_3.0_Unported_License", "url": "https://en.wikipedia.org/wiki/Rani_Mukerji", "articleBody": "Rani Mukerji is an Indian actress. Known for her work in Hindi films, Mukerji is one of the country's most popular actresses and has received several awards, including seven Filmfare Awards. "}, "image": {"url": "https://incubator.wikimedia.org/wiki/Wp/bgn/%D8%B1%D8%A7%D9%86%DB%8C_%D9%85%D9%88%DA%A9%D8%B1%D8%AC%DB%8C", "contentUrl": "http://t3.gstatic.com/images?q=tbn:ANd9GcT8-e88hobQbE_uyMe2V9Zb_sVqUhQPqcvHu7BfabzfO8Rg03LG"}, "@id": "kg:/m/01zp33"}, "resultScore": 23.375727}]}