{"@type": "ItemList", "@context": {"@vocab": "http://schema.org/", "detailedDescription": "goog:detailedDescription", "resultScore": "goog:resultScore", "kg": "http://g.co/kg", "EntitySearchResult": "goog:EntitySearchResult", "goog": "http://schema.googleapis.com/"}, "itemListElement": [{"@type": "EntitySearchResult", "result": {"url": "http://www.mikulski.senate.gov/", "description": "Former United States Senator", "@type": ["Thing", "Person"], "name": "Barbara Mikulski", "detailedDescription": {"license": "https://en.wikipedia.org/wiki/Wikipedia:Text_of_Creative_Commons_Attribution-ShareAlike_3.0_Unported_License", "url": "https://en.wikipedia.org/wiki/Barbara_Mikulski", "articleBody": "Barbara Ann Mikulski is an American politician who served as a United States Senator from Maryland from 1987 to 2017. A member of the Democratic Party, she also served in the United States House of Representatives from 1977 to 1987. "}, "image": {"url": "https://commons.wikimedia.org/wiki/File:Barbara_Mikulski.jpg", "contentUrl": "http://t0.gstatic.com/images?q=tbn:ANd9GcQWLCfA8ctjdTQlTB6rs28pY48bmx3Y-nhRl-SkyNju4dlm7iXg"}, "@id": "kg:/m/0206nm"}, "resultScore": 17.430948}]}