{"@type": "ItemList", "@context": {"@vocab": "http://schema.org/", "detailedDescription": "goog:detailedDescription", "resultScore": "goog:resultScore", "kg": "http://g.co/kg", "EntitySearchResult": "goog:EntitySearchResult", "goog": "http://schema.googleapis.com/"}, "itemListElement": [{"@type": "EntitySearchResult", "result": {"description": "British actress", "@id": "kg:/m/020z1j", "name": "Jeannette Charles", "detailedDescription": {"license": "https://en.wikipedia.org/wiki/Wikipedia:Text_of_Creative_Commons_Attribution-ShareAlike_3.0_Unported_License", "url": "https://en.wikipedia.org/wiki/Jeannette_Charles", "articleBody": "Jeannette Charles is a British actress who often portrays Queen Elizabeth II due to her resemblance to the monarch."}, "@type": ["Person", "Thing"]}, "resultScore": 13.419098}]}