{"@type": "ItemList", "@context": {"@vocab": "http://schema.org/", "detailedDescription": "goog:detailedDescription", "resultScore": "goog:resultScore", "kg": "http://g.co/kg", "EntitySearchResult": "goog:EntitySearchResult", "goog": "http://schema.googleapis.com/"}, "itemListElement": [{"@type": "EntitySearchResult", "result": {"description": "American actress", "@type": ["Person", "Thing"], "name": "Yancy Butler", "detailedDescription": {"license": "https://en.wikipedia.org/wiki/Wikipedia:Text_of_Creative_Commons_Attribution-ShareAlike_3.0_Unported_License", "url": "https://en.wikipedia.org/wiki/Yancy_Butler", "articleBody": "Yancy Victoria Butler is an American actress. She is known for her roles as Natasha Binder in the 1993 film Hard Target, Jess Crossman in Drop Zone, and Detective Sara Pezzini on the TNT supernatural drama series Witchblade."}, "image": {"url": "https://commons.wikimedia.org/wiki/File:Yancy_Butler05.16.09.JPG", "contentUrl": "http://t2.gstatic.com/images?q=tbn:ANd9GcQRc0HxFbXMB07Ws2xhWzc6UvzjgruliOyC2F285CI4iqZu3ylO"}, "@id": "kg:/m/021hp8"}, "resultScore": 16.914406}]}