{"@type": "ItemList", "@context": {"@vocab": "http://schema.org/", "detailedDescription": "goog:detailedDescription", "resultScore": "goog:resultScore", "kg": "http://g.co/kg", "EntitySearchResult": "goog:EntitySearchResult", "goog": "http://schema.googleapis.com/"}, "itemListElement": [{"@type": "EntitySearchResult", "result": {"url": "http://www.juancarlosferrero.com", "description": "Spanish tennis player", "@type": ["Thing", "Person"], "name": "Juan Carlos Ferrero", "detailedDescription": {"license": "https://en.wikipedia.org/wiki/Wikipedia:Text_of_Creative_Commons_Attribution-ShareAlike_3.0_Unported_License", "url": "https://en.wikipedia.org/wiki/Juan_Carlos_Ferrero", "articleBody": "Juan Carlos Ferrero Donat is a Spanish former world No. 1 professional tennis player. He won the men's singles title at the 2003 French Open, and in September of that year, became the 21st player to hold the world No. 1 ranking. "}, "image": {"url": "https://commons.wikimedia.org/wiki/File:Juan_Carlos_Ferrero_at_the_2009_Brisbane_International.jpg", "contentUrl": "http://t1.gstatic.com/images?q=tbn:ANd9GcRV71-UP_yqAnWD_HRZu4TjQgazPUQzbCM6P6Oi27TFAUY7uzan"}, "@id": "kg:/m/021v2z"}, "resultScore": 18.978333}]}