{"@type": "ItemList", "@context": {"@vocab": "http://schema.org/", "detailedDescription": "goog:detailedDescription", "resultScore": "goog:resultScore", "kg": "http://g.co/kg", "EntitySearchResult": "goog:EntitySearchResult", "goog": "http://schema.googleapis.com/"}, "itemListElement": [{"@type": "EntitySearchResult", "result": {"description": "Chinese soccer player", "@id": "kg:/m/02436j", "name": "Sun Wen", "detailedDescription": {"license": "https://en.wikipedia.org/wiki/Wikipedia:Text_of_Creative_Commons_Attribution-ShareAlike_3.0_Unported_License", "url": "https://en.wikipedia.org/wiki/Sun_Wen_(footballer)", "articleBody": "Sun Wen is a retired Chinese professional football player. She previously captained the China women's national football team and the Atlanta Beat of the Women's United Soccer Association.\n"}, "@type": ["Person", "Thing"]}, "resultScore": 13.936215}]}