{"@type": "ItemList", "@context": {"@vocab": "http://schema.org/", "detailedDescription": "goog:detailedDescription", "resultScore": "goog:resultScore", "kg": "http://g.co/kg", "EntitySearchResult": "goog:EntitySearchResult", "goog": "http://schema.googleapis.com/"}, "itemListElement": [{"@type": "EntitySearchResult", "result": {"description": "Bodybuilder", "@type": ["Person", "Thing"], "name": "Dorian Yates", "detailedDescription": {"license": "https://en.wikipedia.org/wiki/Wikipedia:Text_of_Creative_Commons_Attribution-ShareAlike_3.0_Unported_License", "url": "https://en.wikipedia.org/wiki/Dorian_Yates", "articleBody": "Dorian Andrew Mientjez Yates is an English former professional bodybuilder. He won the Mr. Olympia title six consecutive times from 1992 to 1997. He has the fifth-highest number of Mr. "}, "image": {"url": "https://en.wikipedia.org/wiki/Dorian_Yates", "contentUrl": "http://t3.gstatic.com/images?q=tbn:ANd9GcTAnwFotIQKEFAambIWVUNkoKhScuQf1ym-8h77Kjjuw9MXSu7B"}, "@id": "kg:/m/02484g"}, "resultScore": 18.081709}]}