{"@type": "ItemList", "@context": {"@vocab": "http://schema.org/", "detailedDescription": "goog:detailedDescription", "resultScore": "goog:resultScore", "kg": "http://g.co/kg", "EntitySearchResult": "goog:EntitySearchResult", "goog": "http://schema.googleapis.com/"}, "itemListElement": [{"@type": "EntitySearchResult", "result": {"description": "Former U.S. Representative", "@type": ["Thing", "Person"], "name": "Carolyn McCarthy", "detailedDescription": {"license": "https://en.wikipedia.org/wiki/Wikipedia:Text_of_Creative_Commons_Attribution-ShareAlike_3.0_Unported_License", "url": "https://en.wikipedia.org/wiki/Carolyn_McCarthy", "articleBody": "Carolyn McCarthy is an American nurse and politician who served as the U.S. Representative for New York's 4th congressional district from 1997 to 2015. She is a member of the Democratic Party.\n"}, "image": {"url": "https://commons.wikimedia.org/wiki/File:Carolyn_McCarthy_113th_Congress.jpg", "contentUrl": "http://t2.gstatic.com/images?q=tbn:ANd9GcQ-9LweUOGf5I0NJCBrUSSHM3AO2rxRfJppPhTO3HZhep4emIPu"}, "@id": "kg:/m/024__d"}, "resultScore": 13.503489}]}