{"@type": "ItemList", "@context": {"@vocab": "http://schema.org/", "detailedDescription": "goog:detailedDescription", "resultScore": "goog:resultScore", "kg": "http://g.co/kg", "EntitySearchResult": "goog:EntitySearchResult", "goog": "http://schema.googleapis.com/"}, "itemListElement": [{"@type": "EntitySearchResult", "result": {"description": "Finnish artist", "@type": ["Person", "Thing"], "name": "Tom of Finland", "detailedDescription": {"license": "https://en.wikipedia.org/wiki/Wikipedia:Text_of_Creative_Commons_Attribution-ShareAlike_3.0_Unported_License", "url": "https://en.wikipedia.org/wiki/Tom_of_Finland", "articleBody": "Touko Valio Laaksonen, best known by his pseudonym Tom of Finland, was a Finnish artist known for his stylized highly masculinized homoerotic fetish art, and for his influence on late twentieth century gay culture. "}, "image": {"url": "https://es.wikipedia.org/wiki/Archivo:Touko-Laaksonen-1959.jpg", "contentUrl": "http://t0.gstatic.com/images?q=tbn:ANd9GcQAkL4MUSrICcBR0v81evcWFaljZY2rHyuuYyGhKT5yAsI00MbR"}, "@id": "kg:/m/024hjy"}, "resultScore": 18.171692}]}