{"@type": "ItemList", "@context": {"@vocab": "http://schema.org/", "detailedDescription": "goog:detailedDescription", "resultScore": "goog:resultScore", "kg": "http://g.co/kg", "EntitySearchResult": "goog:EntitySearchResult", "goog": "http://schema.googleapis.com/"}, "itemListElement": [{"@type": "EntitySearchResult", "result": {"url": "http://www.darrellgreen.com/", "description": "Former football player", "@type": ["Person", "Thing"], "name": "Darrell Green", "detailedDescription": {"license": "https://en.wikipedia.org/wiki/Wikipedia:Text_of_Creative_Commons_Attribution-ShareAlike_3.0_Unported_License", "url": "https://en.wikipedia.org/wiki/Darrell_Green", "articleBody": "Darrell Ray Green is a former American football cornerback in the National Football League who played for the Washington Redskins from 1983 to 2002. He is widely considered to be one of the greatest cornerbacks to ever play in the NFL. Green was inducted into the Pro Football Hall of Fame in 2008.\n"}, "image": {"url": "https://en.wikipedia.org/wiki/Darrell_Green", "contentUrl": "http://t1.gstatic.com/images?q=tbn:ANd9GcTDvditGRrGZElNt9guPbxJH6bXgyKMdh6aQ61ixx_Hbh_-Xv3y"}, "@id": "kg:/m/024msz"}, "resultScore": 18.40868}]}