{"@type": "ItemList", "@context": {"@vocab": "http://schema.org/", "detailedDescription": "goog:detailedDescription", "resultScore": "goog:resultScore", "kg": "http://g.co/kg", "EntitySearchResult": "goog:EntitySearchResult", "goog": "http://schema.googleapis.com/"}, "itemListElement": [{"@type": "EntitySearchResult", "result": {"description": "American character actress", "@type": ["Person", "Thing"], "name": "Jean Stapleton", "detailedDescription": {"license": "https://en.wikipedia.org/wiki/Wikipedia:Text_of_Creative_Commons_Attribution-ShareAlike_3.0_Unported_License", "url": "https://en.wikipedia.org/wiki/Jean_Stapleton", "articleBody": "Jean Stapleton was an American character actress of stage, television and film.\nStapleton is best known for playing Edith Bunker, the long-suffering yet devoted wife of Archie Bunker, on the 1970s sitcom All in the Family, a role that earned her three Emmys and two Golden Globes for Best Actress in a comedy series. "}, "image": {"url": "https://commons.wikimedia.org/wiki/File:Jean_Stapleton_1977.JPG", "contentUrl": "http://t3.gstatic.com/images?q=tbn:ANd9GcTIx5ELdwEKyboM5pxCmZNiwBOw7ove6Qx7ZHAtu-ce24eXnKdS"}, "@id": "kg:/m/024ryb"}, "resultScore": 18.411676}]}