{"@type": "ItemList", "@context": {"@vocab": "http://schema.org/", "detailedDescription": "goog:detailedDescription", "resultScore": "goog:resultScore", "kg": "http://g.co/kg", "EntitySearchResult": "goog:EntitySearchResult", "goog": "http://schema.googleapis.com/"}, "itemListElement": [{"@type": "EntitySearchResult", "result": {"url": "http://markudall.com/", "description": "Former United States Senator", "@type": ["Person", "Thing"], "name": "Mark Udall", "detailedDescription": {"license": "https://en.wikipedia.org/wiki/Wikipedia:Text_of_Creative_Commons_Attribution-ShareAlike_3.0_Unported_License", "url": "https://en.wikipedia.org/wiki/Mark_Udall", "articleBody": "Mark Emery Udall is an American politician who served as a United States Senator from Colorado from 2009 to 2015. A member of the Democratic Party, he previously served in the United States House of Representatives, representing Colorado's 2nd congressional district. "}, "image": {"url": "https://en.wikipedia.org/wiki/Mark_Udall", "contentUrl": "http://t3.gstatic.com/images?q=tbn:ANd9GcTqsVjiwZGPfWAdcdA82cR-GR2oenqKZ1LroZVyLGQ10punN14u"}, "@id": "kg:/m/024zbx"}, "resultScore": 15.153692}]}