{"@type": "ItemList", "@context": {"@vocab": "http://schema.org/", "detailedDescription": "goog:detailedDescription", "resultScore": "goog:resultScore", "kg": "http://g.co/kg", "EntitySearchResult": "goog:EntitySearchResult", "goog": "http://schema.googleapis.com/"}, "itemListElement": [{"@type": "EntitySearchResult", "result": {"description": "Japanese manga artist", "@id": "kg:/m/025181", "name": "Kiyohiko Azuma", "detailedDescription": {"license": "https://en.wikipedia.org/wiki/Wikipedia:Text_of_Creative_Commons_Attribution-ShareAlike_3.0_Unported_License", "url": "https://en.wikipedia.org/wiki/Kiyohiko_Azuma", "articleBody": "Kiyohiko Azuma is a Japanese manga artist. From 1999 to 2002, he released the four-panel manga series Azumanga Daioh, about a group of high school girls, which was adapted into an anime series. "}, "@type": ["Person", "Thing"]}, "resultScore": 14.641916}]}