{"@type": "ItemList", "@context": {"@vocab": "http://schema.org/", "detailedDescription": "goog:detailedDescription", "resultScore": "goog:resultScore", "kg": "http://g.co/kg", "EntitySearchResult": "goog:EntitySearchResult", "goog": "http://schema.googleapis.com/"}, "itemListElement": [{"@type": "EntitySearchResult", "result": {"url": "http://www.faithford.com/", "description": "American actress", "@type": ["Person", "Thing"], "name": "Faith Ford", "detailedDescription": {"license": "https://en.wikipedia.org/wiki/Wikipedia:Text_of_Creative_Commons_Attribution-ShareAlike_3.0_Unported_License", "url": "https://en.wikipedia.org/wiki/Faith_Ford", "articleBody": "Faith Alexis Ford is an American actress. She is known for her roles as Corky Sherwood on the CBS sitcom Murphy Brown, for which she received five Primetime Emmy Award nominations, and as Hope Shanowski on the ABC sitcom Hope &amp; Faith."}, "image": {"url": "https://commons.wikimedia.org/wiki/File:Faith_Ford_(2076491931).jpg", "contentUrl": "http://t1.gstatic.com/images?q=tbn:ANd9GcSp7nplNUqYVlB6W3qzZYjcZdZGAWIo7_Wl4hvG6rQRrSFz-V69"}, "@id": "kg:/m/025c2r"}, "resultScore": 18.122824}]}