{"@type": "ItemList", "@context": {"@vocab": "http://schema.org/", "detailedDescription": "goog:detailedDescription", "resultScore": "goog:resultScore", "kg": "http://g.co/kg", "EntitySearchResult": "goog:EntitySearchResult", "goog": "http://schema.googleapis.com/"}, "itemListElement": [{"@type": "EntitySearchResult", "result": {"url": "http://www.billiepiperofficial.com/", "description": "Actress", "@type": ["Person", "Thing"], "name": "Billie Piper", "detailedDescription": {"license": "https://en.wikipedia.org/wiki/Wikipedia:Text_of_Creative_Commons_Attribution-ShareAlike_3.0_Unported_License", "url": "https://en.wikipedia.org/wiki/Billie_Piper", "articleBody": "Billie Paul Piper is an English actress, dancer, and former singer, from Swindon, Wiltshire. She made her debut in Scratchy &amp; Co., and at the age of 15, she signed a recording contract and released her debut single \"Because We Want To\", which entered at the top of the UK Singles Chart and made her the youngest artist ever to enter at number one on the chart. "}, "image": {"url": "https://commons.wikimedia.org/wiki/File:Billie_Piper_2016_(cropped).jpg", "contentUrl": "http://t1.gstatic.com/images?q=tbn:ANd9GcQEecWNPGqd9plfG1gegAFlo1z_jijEyicFuJG5eB5HQYqb-HLv"}, "@id": "kg:/m/025mp5"}, "resultScore": 21.466652}]}