{"@type": "ItemList", "@context": {"@vocab": "http://schema.org/", "detailedDescription": "goog:detailedDescription", "resultScore": "goog:resultScore", "kg": "http://g.co/kg", "EntitySearchResult": "goog:EntitySearchResult", "goog": "http://schema.googleapis.com/"}, "itemListElement": [{"@type": "EntitySearchResult", "result": {"description": "Bulgarian tennis player", "@type": ["Thing", "Person"], "name": "Tsvetana Pironkova", "detailedDescription": {"license": "https://en.wikipedia.org/wiki/Wikipedia:Text_of_Creative_Commons_Attribution-ShareAlike_3.0_Unported_License", "url": "https://en.wikipedia.org/wiki/Tsvetana_Pironkova", "articleBody": "Tsvetana Kirilova Pironkova is a Bulgarian professional tennis player. She was the highest ranked Bulgarian tennis player for more than a decade and is also the country's most successful player in the history of the Fed Cup. "}, "image": {"url": "https://commons.wikimedia.org/wiki/File:Tsvetana_Pironkova_2011-06-14_A.jpg", "contentUrl": "http://t1.gstatic.com/images?q=tbn:ANd9GcTUZsklBTIv4iI67BrwRjp-W9rTtdoQaWiIAXVXQ7QJdxreK1D4"}, "@id": "kg:/m/025sv78"}, "resultScore": 16.710861}]}