{"@type": "ItemList", "@context": {"@vocab": "http://schema.org/", "detailedDescription": "goog:detailedDescription", "resultScore": "goog:resultScore", "kg": "http://g.co/kg", "EntitySearchResult": "goog:EntitySearchResult", "goog": "http://schema.googleapis.com/"}, "itemListElement": [{"@type": "EntitySearchResult", "result": {"description": "Musician", "@type": ["Person", "Thing"], "name": "Tomo Mili\u010devi\u0107", "detailedDescription": {"license": "https://en.wikipedia.org/wiki/Wikipedia:Text_of_Creative_Commons_Attribution-ShareAlike_3.0_Unported_License", "url": "https://en.wikipedia.org/wiki/Tomo_Mili%C4%8Devi%C4%87", "articleBody": "Tomislav \"Tomo\" Mili\u010devi\u0107 is an American musician and record producer. He was the lead guitarist of the rock band Thirty Seconds to Mars from 2003 to 2018. "}, "image": {"url": "https://commons.wikimedia.org/wiki/File:Tomo_Mili%C4%8Devi%C4%87_30_Seconds_to_Mars.jpg", "contentUrl": "http://t3.gstatic.com/images?q=tbn:ANd9GcSD3cR-yf42l0oGbnsmT0WmPBrF1XxMvRPgMxNHW2dbU-4KLAcO"}, "@id": "kg:/m/025tl6k"}, "resultScore": 15.645396}]}