{"@type": "ItemList", "@context": {"@vocab": "http://schema.org/", "detailedDescription": "goog:detailedDescription", "resultScore": "goog:resultScore", "kg": "http://g.co/kg", "EntitySearchResult": "goog:EntitySearchResult", "goog": "http://schema.googleapis.com/"}, "itemListElement": [{"@type": "EntitySearchResult", "result": {"description": "British actress", "@id": "kg:/m/025vkgz", "name": "Aimi MacDonald", "detailedDescription": {"license": "https://en.wikipedia.org/wiki/Wikipedia:Text_of_Creative_Commons_Attribution-ShareAlike_3.0_Unported_License", "url": "https://en.wikipedia.org/wiki/Aimi_MacDonald", "articleBody": "Aimi MacDonald is a British actress and dancer. She is best known for her role as \"The Lovely\" Aimi MacDonald in the television sketch comedy show, At Last the 1948 Show."}, "@type": ["Person", "Thing"]}, "resultScore": 12.863909}]}