{"@type": "ItemList", "@context": {"@vocab": "http://schema.org/", "detailedDescription": "goog:detailedDescription", "resultScore": "goog:resultScore", "kg": "http://g.co/kg", "EntitySearchResult": "goog:EntitySearchResult", "goog": "http://schema.googleapis.com/"}, "itemListElement": [{"@type": "EntitySearchResult", "result": {"url": "http://www.laminiaturakids.com/", "description": "American fashion designer", "@type": ["Person", "Thing"], "name": "Jeffrey Sebelia", "detailedDescription": {"license": "https://en.wikipedia.org/wiki/Wikipedia:Text_of_Creative_Commons_Attribution-ShareAlike_3.0_Unported_License", "url": "https://en.wikipedia.org/wiki/Jeffrey_Sebelia", "articleBody": "Jeffrey Sebelia is an American fashion designer and founder of the clothing label Cosa Nostra, which he headed from a loft on Broadway in downtown Los Angeles. He is best known as the winner of the third season of American reality show Project Runway."}, "image": {"url": "https://en.wikipedia.org/wiki/Jeffrey_Sebelia", "contentUrl": "http://t2.gstatic.com/images?q=tbn:ANd9GcSs2Gb2m8lC0L5dJsF5C57UgzxMDu55qUKPqO2phA-RE7DDK0m1"}, "@id": "kg:/m/025w7_w"}, "resultScore": 15.303216}]}