{"@type": "ItemList", "@context": {"@vocab": "http://schema.org/", "detailedDescription": "goog:detailedDescription", "resultScore": "goog:resultScore", "kg": "http://g.co/kg", "EntitySearchResult": "goog:EntitySearchResult", "goog": "http://schema.googleapis.com/"}, "itemListElement": [{"@type": "EntitySearchResult", "result": {"description": "Actor", "@id": "kg:/m/025w55l", "name": "John Stride", "detailedDescription": {"license": "https://en.wikipedia.org/wiki/Wikipedia:Text_of_Creative_Commons_Attribution-ShareAlike_3.0_Unported_License", "url": "https://en.wikipedia.org/wiki/John_Stride", "articleBody": "John Edward Stride was an English actor best known for his television work during the 1970s.\nStride was born in London, the son of Margaret and Alfred Teneriffe Stride. "}, "@type": ["Person", "Thing"]}, "resultScore": 13.144563}]}