{"@type": "ItemList", "@context": {"@vocab": "http://schema.org/", "detailedDescription": "goog:detailedDescription", "resultScore": "goog:resultScore", "kg": "http://g.co/kg", "EntitySearchResult": "goog:EntitySearchResult", "goog": "http://schema.googleapis.com/"}, "itemListElement": [{"@type": "EntitySearchResult", "result": {"description": "Actress", "@id": "kg:/m/025y61z", "name": "Jane Hazlegrove", "detailedDescription": {"license": "https://en.wikipedia.org/wiki/Wikipedia:Text_of_Creative_Commons_Attribution-ShareAlike_3.0_Unported_License", "url": "https://en.wikipedia.org/wiki/Jane_Hazlegrove", "articleBody": "Sarah Jane Hazlegrove is an English actress, best known for portraying Kathleen \"Dixie\" Dixon in Casualty. She has also appeared as Rosie in Making Out, Rosemary Mason in Silent Witness, Yvonne Bradley in London's Burning, and as well as roles in Jonathan Creek, The Bill, Doctors, Families, Lovejoy, Coronation Street, and Holby City.\n"}, "@type": ["Thing", "Person"]}, "resultScore": 12.908462}]}