{"@type": "ItemList", "@context": {"@vocab": "http://schema.org/", "detailedDescription": "goog:detailedDescription", "resultScore": "goog:resultScore", "kg": "http://g.co/kg", "EntitySearchResult": "goog:EntitySearchResult", "goog": "http://schema.googleapis.com/"}, "itemListElement": [{"@type": "EntitySearchResult", "result": {"description": "American baseball umpire", "@type": ["Thing", "Person"], "name": "Jim Joyce", "detailedDescription": {"license": "https://en.wikipedia.org/wiki/Wikipedia:Text_of_Creative_Commons_Attribution-ShareAlike_3.0_Unported_License", "url": "https://en.wikipedia.org/wiki/Jim_Joyce", "articleBody": "James Alfred Joyce III is a former American professional baseball umpire. He worked in the American League from 1987 to 1999 and throughout Major League Baseball from 2000 to 2016. He wore uniform number 66 for MLB and number 6 while in the AL. "}, "image": {"url": "https://commons.wikimedia.org/wiki/File:Jim_Joyce_2011.jpg", "contentUrl": "http://t2.gstatic.com/images?q=tbn:ANd9GcSgw557tdxlQuoLcN4rGCFeSgX5LgAoqWwiNyNCm7qlEg9HjIpa"}, "@id": "kg:/m/025ynbz"}, "resultScore": 13.345041}]}