{"@type": "ItemList", "@context": {"@vocab": "http://schema.org/", "detailedDescription": "goog:detailedDescription", "resultScore": "goog:resultScore", "kg": "http://g.co/kg", "EntitySearchResult": "goog:EntitySearchResult", "goog": "http://schema.googleapis.com/"}, "itemListElement": [{"@type": "EntitySearchResult", "result": {"description": "American writer", "@id": "kg:/m/025y5x3", "name": "Linda Bloodworth-Thomason", "detailedDescription": {"license": "https://en.wikipedia.org/wiki/Wikipedia:Text_of_Creative_Commons_Attribution-ShareAlike_3.0_Unported_License", "url": "https://en.wikipedia.org/wiki/Linda_Bloodworth-Thomason", "articleBody": "Linda Joyce Bloodworth-Thomason is an American writer and television producer. She is best known for creating, writing, and producing several television series, most successfully with the series Designing Women. "}, "@type": ["Person", "Thing"]}, "resultScore": 13.667688}]}