{"@type": "ItemList", "@context": {"@vocab": "http://schema.org/", "detailedDescription": "goog:detailedDescription", "resultScore": "goog:resultScore", "kg": "http://g.co/kg", "EntitySearchResult": "goog:EntitySearchResult", "goog": "http://schema.googleapis.com/"}, "itemListElement": [{"@type": "EntitySearchResult", "result": {"description": "American actress", "@id": "kg:/m/025zq0p", "name": "Mandy Musgrave", "detailedDescription": {"license": "https://en.wikipedia.org/wiki/Wikipedia:Text_of_Creative_Commons_Attribution-ShareAlike_3.0_Unported_License", "url": "https://en.wikipedia.org/wiki/Mandy_Musgrave", "articleBody": "Amanda Marie Musgrave is an American actress and singer. Best known for her portrayal of Ashley Davies on the television series South of Nowhere, as well as portraying Misty Monroe in the web series Girltrash! and the film Girltrash: All Night Long,\n"}, "@type": ["Person", "Thing"]}, "resultScore": 14.15733}]}