{"@type": "ItemList", "@context": {"@vocab": "http://schema.org/", "detailedDescription": "goog:detailedDescription", "resultScore": "goog:resultScore", "kg": "http://g.co/kg", "EntitySearchResult": "goog:EntitySearchResult", "goog": "http://schema.googleapis.com/"}, "itemListElement": [{"@type": "EntitySearchResult", "result": {"description": "Japanese novelist", "@id": "kg:/m/025zrl6", "name": "Ayako Miura", "detailedDescription": {"license": "https://en.wikipedia.org/wiki/Wikipedia:Text_of_Creative_Commons_Attribution-ShareAlike_3.0_Unported_License", "url": "https://en.wikipedia.org/wiki/Ayako_Miura", "articleBody": "Ayako Miura was a Japanese novelist. She published over eighty works of both fiction and non-fiction. Many of her works are considered best-sellers, and a number have been remade as feature-length films.\n"}, "@type": ["Person", "Thing"]}, "resultScore": 14.142138}]}