{"@type": "ItemList", "@context": {"@vocab": "http://schema.org/", "detailedDescription": "goog:detailedDescription", "resultScore": "goog:resultScore", "kg": "http://g.co/kg", "EntitySearchResult": "goog:EntitySearchResult", "goog": "http://schema.googleapis.com/"}, "itemListElement": [{"@type": "EntitySearchResult", "result": {"description": "Indian actress", "@type": ["Person", "Thing"], "name": "Mugdha Godse", "detailedDescription": {"license": "https://en.wikipedia.org/wiki/Wikipedia:Text_of_Creative_Commons_Attribution-ShareAlike_3.0_Unported_License", "url": "https://en.wikipedia.org/wiki/Mugdha_Godse", "articleBody": "Mugdha Veira Godse is an Indian actress and model who appears in Bollywood films. A former model, Godse was a semi-finalist at the Femina Miss India 2004 competition. She made her acting debut in Madhur Bhandarkar's 2008 film, Fashion. She was one of the judges in a Marathi reality show, Marathi Paul Padte Pudhe. Mugdha completed her B.Com from Marathwada Mitra Mandal College of Commerce, Pune. Godse is a vegetarian."}, "image": {"url": "https://en.wikipedia.org/wiki/Mugdha_Godse", "contentUrl": "http://t1.gstatic.com/images?q=tbn:ANd9GcTQ9-Yd9_TNK8zc1Wq-T8Bc_ZZAblcC2Rc8b1Bd5xmJhhl3U9SF"}, "@id": "kg:/m/0261sxn"}, "resultScore": 15.755945}]}