{"@type": "ItemList", "@context": {"@vocab": "http://schema.org/", "detailedDescription": "goog:detailedDescription", "resultScore": "goog:resultScore", "kg": "http://g.co/kg", "EntitySearchResult": "goog:EntitySearchResult", "goog": "http://schema.googleapis.com/"}, "itemListElement": [{"@type": "EntitySearchResult", "result": {"description": "Argentine-Italian soccer player", "@type": ["Thing", "Person"], "name": "Cristian Daniel Ledesma", "detailedDescription": {"license": "https://en.wikipedia.org/wiki/Wikipedia:Text_of_Creative_Commons_Attribution-ShareAlike_3.0_Unported_License", "url": "https://en.wikipedia.org/wiki/Cristian_Daniel_Ledesma", "articleBody": "Cristian Daniel Ledesma is an Argentine-born Italian footballer who plays as a central midfielder. A dual citizen of Argentina and Italy, he appeared with the latter's national team in November 2010. He now plays for Pro Piacenza in the Serie C.\n"}, "image": {"url": "https://en.wikipedia.org/wiki/Cristian_Daniel_Ledesma", "contentUrl": "http://t1.gstatic.com/images?q=tbn:ANd9GcQLutDqh60HP8IMfi25heX7IyRneml61kE-Y1zwmmp_qEv4m82Y"}, "@id": "kg:/m/0261qjk"}, "resultScore": 15.04296}]}