{"@type": "ItemList", "@context": {"@vocab": "http://schema.org/", "detailedDescription": "goog:detailedDescription", "resultScore": "goog:resultScore", "kg": "http://g.co/kg", "EntitySearchResult": "goog:EntitySearchResult", "goog": "http://schema.googleapis.com/"}, "itemListElement": [{"@type": "EntitySearchResult", "result": {"description": "Actress", "@id": "kg:/m/0263x1g", "name": "Jordan-Claire Green", "detailedDescription": {"license": "https://en.wikipedia.org/wiki/Wikipedia:Text_of_Creative_Commons_Attribution-ShareAlike_3.0_Unported_License", "url": "https://en.wikipedia.org/wiki/Jordan-Claire_Green", "articleBody": "Jordan-Claire Green is an American actress, a musician and singer. She is most well known for her role as Michelle in the film School of Rock. "}, "@type": ["Person", "Thing"]}, "resultScore": 14.201216}]}