{"@type": "ItemList", "@context": {"@vocab": "http://schema.org/", "detailedDescription": "goog:detailedDescription", "resultScore": "goog:resultScore", "kg": "http://g.co/kg", "EntitySearchResult": "goog:EntitySearchResult", "goog": "http://schema.googleapis.com/"}, "itemListElement": [{"@type": "EntitySearchResult", "result": {"description": "Former member of the House of Commons of Canada", "@type": ["Person", "Thing"], "name": "Belinda Stronach", "detailedDescription": {"license": "https://en.wikipedia.org/wiki/Wikipedia:Text_of_Creative_Commons_Attribution-ShareAlike_3.0_Unported_License", "url": "https://en.wikipedia.org/wiki/Belinda_Stronach", "articleBody": "Belinda Caroline Stronach, PC is a Canadian businesswoman, philanthropist and former politician. The National Post identified her in 2001 as the most powerful businesswoman in Canada. "}, "image": {"url": "https://en.wikipedia.org/wiki/Belinda_Stronach", "contentUrl": "http://t2.gstatic.com/images?q=tbn:ANd9GcQEbgdoD7MUGYymH8A3bPn_sVYBOBusgl9_9a-MWPh2SCAGzwMB"}, "@id": "kg:/m/0263js"}, "resultScore": 17.535301}]}