{"@type": "ItemList", "@context": {"@vocab": "http://schema.org/", "detailedDescription": "goog:detailedDescription", "resultScore": "goog:resultScore", "kg": "http://g.co/kg", "EntitySearchResult": "goog:EntitySearchResult", "goog": "http://schema.googleapis.com/"}, "itemListElement": [{"@type": "EntitySearchResult", "result": {"description": "American investor", "@id": "kg:/m/0264vqh", "name": "Daniel S. Loeb", "detailedDescription": {"license": "https://en.wikipedia.org/wiki/Wikipedia:Text_of_Creative_Commons_Attribution-ShareAlike_3.0_Unported_License", "url": "https://en.wikipedia.org/wiki/Daniel_S._Loeb", "articleBody": "Daniel Seth Loeb is an American investor, hedge fund manager, and philanthropist. He is the founder and chief executive of Third Point, a New York-based hedge fund focused on event-driven, value-oriented investing with $10.8 billion in assets under management, as of March 2016.\n"}, "@type": ["Person", "Thing"]}, "resultScore": 15.223003}]}