{"@type": "ItemList", "@context": {"@vocab": "http://schema.org/", "detailedDescription": "goog:detailedDescription", "resultScore": "goog:resultScore", "kg": "http://g.co/kg", "EntitySearchResult": "goog:EntitySearchResult", "goog": "http://schema.googleapis.com/"}, "itemListElement": [{"@type": "EntitySearchResult", "result": {"url": "http://www.mkhammer.squarespace.com/", "description": "American journalist", "@type": ["Person", "Thing"], "name": "Mary Katharine Ham", "detailedDescription": {"license": "https://en.wikipedia.org/wiki/Wikipedia:Text_of_Creative_Commons_Attribution-ShareAlike_3.0_Unported_License", "url": "https://en.wikipedia.org/wiki/Mary_Katharine_Ham", "articleBody": "Mary Katharine Ham is an American journalist and conservative commentator. She is a contributing editor for Townhall Magazine, a senior writer at The Federalist and a CNN contributor. "}, "image": {"url": "https://commons.wikimedia.org/wiki/File:Mary_Katharine_Ham_CPAC_2014_Portrait.jpg", "contentUrl": "http://t0.gstatic.com/images?q=tbn:ANd9GcRLwHjSJU3sP2UhO1BLARPmQvyLPtlH3IofOvwkIpLDlTFJIo4S"}, "@id": "kg:/m/02665k9"}, "resultScore": 15.083987}]}