{"@type": "ItemList", "@context": {"@vocab": "http://schema.org/", "detailedDescription": "goog:detailedDescription", "resultScore": "goog:resultScore", "kg": "http://g.co/kg", "EntitySearchResult": "goog:EntitySearchResult", "goog": "http://schema.googleapis.com/"}, "itemListElement": [{"@type": "EntitySearchResult", "result": {"url": "http://www.sylvia.org/", "description": "American author", "@type": ["Person", "Thing"], "name": "Sylvia Browne", "detailedDescription": {"license": "https://en.wikipedia.org/wiki/Wikipedia:Text_of_Creative_Commons_Attribution-ShareAlike_3.0_Unported_License", "url": "https://en.wikipedia.org/wiki/Sylvia_Browne", "articleBody": "Sylvia Celeste Browne was an American author who claimed to be a medium with psychic abilities. She appeared regularly on television and radio, including on The Montel Williams Show and Larry King Live TV shows and hosted an hour-long Internet radio show on Hay House Radio.\n"}, "@id": "kg:/m/0267rp"}, "resultScore": 17.54796}]}