{"@type": "ItemList", "@context": {"@vocab": "http://schema.org/", "detailedDescription": "goog:detailedDescription", "resultScore": "goog:resultScore", "kg": "http://g.co/kg", "EntitySearchResult": "goog:EntitySearchResult", "goog": "http://schema.googleapis.com/"}, "itemListElement": [{"@type": "EntitySearchResult", "result": {"description": "Indian film actor", "@type": ["Person", "Thing"], "name": "Allari Naresh", "detailedDescription": {"license": "https://en.wikipedia.org/wiki/Wikipedia:Text_of_Creative_Commons_Attribution-ShareAlike_3.0_Unported_License", "url": "https://en.wikipedia.org/wiki/Allari_Naresh", "articleBody": "Allari Naresh is an Indian film actor who appears in Tollywood films. He is the son of Telugu veteran director and producer E. V. V. Satyanarayana.\n"}, "image": {"url": "https://en.wikipedia.org/wiki/Allari_Naresh", "contentUrl": "http://t2.gstatic.com/images?q=tbn:ANd9GcQoy5tbJGbQ2_GE78hcVSL7VQ8-oUFZzw0gSaCQrU82sulWa143"}, "@id": "kg:/m/0267rkd"}, "resultScore": 17.320415}]}