{"@type": "ItemList", "@context": {"@vocab": "http://schema.org/", "detailedDescription": "goog:detailedDescription", "resultScore": "goog:resultScore", "kg": "http://g.co/kg", "EntitySearchResult": "goog:EntitySearchResult", "goog": "http://schema.googleapis.com/"}, "itemListElement": [{"@type": "EntitySearchResult", "result": {"description": "American businessman", "@id": "kg:/m/0267sv0", "name": "Robert F. X. Sillerman", "detailedDescription": {"license": "https://en.wikipedia.org/wiki/Wikipedia:Text_of_Creative_Commons_Attribution-ShareAlike_3.0_Unported_License", "url": "https://en.wikipedia.org/wiki/Robert_F._X._Sillerman", "articleBody": "Robert Francis Xavier Sillerman is an American businessman and media entrepreneur. Sillerman was the owner of a range of television and radio stations during the 1970s and 1980s, In 1993 he formed SFX Broadcasting, and then built SFX Entertainment\u2014a concert and stage performance promoter that was sold to Clear Channel in 2000 for $4.4 billion. "}, "@type": ["Thing", "Person"]}, "resultScore": 12.988645}]}