{"@type": "ItemList", "@context": {"@vocab": "http://schema.org/", "detailedDescription": "goog:detailedDescription", "resultScore": "goog:resultScore", "kg": "http://g.co/kg", "EntitySearchResult": "goog:EntitySearchResult", "goog": "http://schema.googleapis.com/"}, "itemListElement": [{"@type": "EntitySearchResult", "result": {"description": "Television presenter", "@type": ["Thing", "Person"], "name": "Julia Bradbury", "detailedDescription": {"license": "https://en.wikipedia.org/wiki/Wikipedia:Text_of_Creative_Commons_Attribution-ShareAlike_3.0_Unported_License", "url": "https://en.wikipedia.org/wiki/Julia_Bradbury", "articleBody": "Julia Bradbury is an English television presenter, employed by the BBC and ITV, specialising in documentaries and consumer affairs.\nShe is best known for co-presenting the BBC One programme Countryfile with Matt Baker from 2004 until 2014. "}, "image": {"url": "https://en.wikipedia.org/wiki/Julia_Bradbury", "contentUrl": "http://t0.gstatic.com/images?q=tbn:ANd9GcS0DLNczmkYPU3vjW2Y61bOrLMTrXAHS8PwP4OL33EQqMjiObmU"}, "@id": "kg:/m/026_018"}, "resultScore": 15.470738}]}