{"@type": "ItemList", "@context": {"@vocab": "http://schema.org/", "detailedDescription": "goog:detailedDescription", "resultScore": "goog:resultScore", "kg": "http://g.co/kg", "EntitySearchResult": "goog:EntitySearchResult", "goog": "http://schema.googleapis.com/"}, "itemListElement": [{"@type": "EntitySearchResult", "result": {"description": "Singer", "@id": "kg:/m/026bt4z", "name": "Raymond Cho", "detailedDescription": {"license": "https://en.wikipedia.org/wiki/Wikipedia:Text_of_Creative_Commons_Attribution-ShareAlike_3.0_Unported_License", "url": "https://en.wikipedia.org/wiki/Raymond_Cho_(actor)", "articleBody": "Raymond Cho Wing-Lim is a Hong Kong television star. He currently works for the television company, TVB. Raymond used to be a singer, winning a singing competition when he was 29 years old. "}, "@type": ["Person", "Thing"]}, "resultScore": 15.776252}]}