{"@type": "ItemList", "@context": {"@vocab": "http://schema.org/", "detailedDescription": "goog:detailedDescription", "resultScore": "goog:resultScore", "kg": "http://g.co/kg", "EntitySearchResult": "goog:EntitySearchResult", "goog": "http://schema.googleapis.com/"}, "itemListElement": [{"@type": "EntitySearchResult", "result": {"description": "Diplomat", "@type": ["Person", "Thing"], "name": "Chen Jitong", "detailedDescription": {"license": "https://en.wikipedia.org/wiki/Wikipedia:Text_of_Creative_Commons_Attribution-ShareAlike_3.0_Unported_License", "url": "https://en.wikipedia.org/wiki/Chen_Jitong", "articleBody": "Chen Jitong, courtesy name Jingru, also known as Tcheng Ki-tong, was a Chinese diplomat, general and scholar during the late Qing Dynasty. Chen was born in Houguan, in present-day Fuzhou. In 1869 he started to study the French language at the school attached to the Fuzhou shipyard. "}, "image": {"url": "https://zh.wikipedia.org/zh/File:Chen_Chi-tung.jpg", "contentUrl": "http://t3.gstatic.com/images?q=tbn:ANd9GcRQM3P5cjl5MQ9wKwFGdkXSu_IOiztK6VkyP2bIDXN5kmIUf0g0"}, "@id": "kg:/m/026dtkx"}, "resultScore": 9.961943}]}