{"@type": "ItemList", "@context": {"@vocab": "http://schema.org/", "detailedDescription": "goog:detailedDescription", "resultScore": "goog:resultScore", "kg": "http://g.co/kg", "EntitySearchResult": "goog:EntitySearchResult", "goog": "http://schema.googleapis.com/"}, "itemListElement": [{"@type": "EntitySearchResult", "result": {"description": "Dutch soccer player", "@type": ["Thing", "Person"], "name": "Boy Waterman", "detailedDescription": {"license": "https://en.wikipedia.org/wiki/Wikipedia:Text_of_Creative_Commons_Attribution-ShareAlike_3.0_Unported_License", "url": "https://en.wikipedia.org/wiki/Boy_Waterman", "articleBody": "Boy Waterman is a Dutch footballer who plays as a goalkeeper for Cypriot First Division side APOEL FC.\nHe was part of the Dutch Under-21 team to win the 2007 Under-21 European Football Championship."}, "image": {"url": "https://en.wikipedia.org/wiki/Boy_Waterman", "contentUrl": "http://t1.gstatic.com/images?q=tbn:ANd9GcQ_2hYT8YPGzxfjLtapGobfTv-vGgzKVg3oEQTLivcg2ecBqHOF"}, "@id": "kg:/m/026f9xy"}, "resultScore": 13.07721}]}