{"@type": "ItemList", "@context": {"@vocab": "http://schema.org/", "detailedDescription": "goog:detailedDescription", "resultScore": "goog:resultScore", "kg": "http://g.co/kg", "EntitySearchResult": "goog:EntitySearchResult", "goog": "http://schema.googleapis.com/"}, "itemListElement": [{"@type": "EntitySearchResult", "result": {"description": "French motorcycle racer", "@id": "kg:/m/026f9vw", "name": "Sylvain Guintoli", "detailedDescription": {"license": "https://en.wikipedia.org/wiki/Wikipedia:Text_of_Creative_Commons_Attribution-ShareAlike_3.0_Unported_License", "url": "https://en.wikipedia.org/wiki/Sylvain_Guintoli", "articleBody": "Sylvain Guintoli is a French professional motorcycle racer. In 2017, he competed in the British Superbike Championship aboard a Suzuki GSX-R1000. He spent the early years of his career in 250cc Grand-Prix World Championship on private bikes. He was a 500cc 2 stroke test rider for Yamaha and made a single MotoGP start in 2002. Best MotoGP rookie in 2007 for Yamaha, he raced for Ducati MotoGP in 2008. After a serious leg injury in 2009, he recovered and became World Superbike Champion in 2014 for Aprilia."}, "@type": ["Thing", "Person"]}, "resultScore": 15.228572}]}