{"@type": "ItemList", "@context": {"@vocab": "http://schema.org/", "detailedDescription": "goog:detailedDescription", "resultScore": "goog:resultScore", "kg": "http://g.co/kg", "EntitySearchResult": "goog:EntitySearchResult", "goog": "http://schema.googleapis.com/"}, "itemListElement": [{"@type": "EntitySearchResult", "result": {"description": "American-Cambodian actor", "@type": ["Person", "Thing"], "name": "Haing S. Ngor", "detailedDescription": {"license": "https://en.wikipedia.org/wiki/Wikipedia:Text_of_Creative_Commons_Attribution-ShareAlike_3.0_Unported_License", "url": "https://en.wikipedia.org/wiki/Haing_S._Ngor", "articleBody": "Dr. Haing Somnang Ngor was a Cambodian American gynecologist, obstetrician, actor and author. He is best remembered for winning the Academy Award for Best Supporting Actor in 1985 for his debut performance in the film The Killing Fields, in which he portrayed Cambodian journalist and refugee Dith Pran.\n"}, "image": {"url": "https://commons.wikimedia.org/wiki/File:JackOng_HSN_book_Oscar.JPG", "contentUrl": "http://t3.gstatic.com/images?q=tbn:ANd9GcRDG8IDg_pqiZxHOh3BCJUtzT0bOOMQdt56rHRxaWf072gnF5Jw"}, "@id": "kg:/m/026fv4"}, "resultScore": 16.188286}]}