{"@type": "ItemList", "@context": {"@vocab": "http://schema.org/", "detailedDescription": "goog:detailedDescription", "resultScore": "goog:resultScore", "kg": "http://g.co/kg", "EntitySearchResult": "goog:EntitySearchResult", "goog": "http://schema.googleapis.com/"}, "itemListElement": [{"@type": "EntitySearchResult", "result": {"description": "Bangladeshi actress", "@type": ["Thing", "Person"], "name": "Jaya Ahsan", "detailedDescription": {"license": "https://en.wikipedia.org/wiki/Wikipedia:Text_of_Creative_Commons_Attribution-ShareAlike_3.0_Unported_License", "url": "https://en.wikipedia.org/wiki/Jaya_Ahsan", "articleBody": "Jaya Ahsan is a Bangladeshi actress, model and producer. She works in Bangladeshi and Indian Bengali films. She won Bangladesh National Film Award for Best Actress three times for her performance in the films Guerrilla, Chorabali and Zero Degree and many other local and international awards for her other films."}, "image": {"url": "https://en.wikipedia.org/wiki/Jaya_Ahsan", "contentUrl": "http://t1.gstatic.com/images?q=tbn:ANd9GcRiJcr-KclT8TdFHl949_DD_FY053xAMKiPB03kf6sC5KrD0pFi"}, "@id": "kg:/m/026f6ty"}, "resultScore": 16.781237}]}