{"@type": "ItemList", "@context": {"@vocab": "http://schema.org/", "detailedDescription": "goog:detailedDescription", "resultScore": "goog:resultScore", "kg": "http://g.co/kg", "EntitySearchResult": "goog:EntitySearchResult", "goog": "http://schema.googleapis.com/"}, "itemListElement": [{"@type": "EntitySearchResult", "result": {"description": "American actress", "@type": ["Person", "Thing"], "name": "Julie Sommars", "detailedDescription": {"license": "https://en.wikipedia.org/wiki/Wikipedia:Text_of_Creative_Commons_Attribution-ShareAlike_3.0_Unported_License", "url": "https://en.wikipedia.org/wiki/Julie_Sommars", "articleBody": "Juliana Edith \"Julie\" Sommars is an American actress. She won a Golden Globe Award for Best Actress \u2013 Television Series Musical or Comedy for her role in The Governor &amp; J.J. in 1970, and was nominated for a Golden Globe Award for Best Supporting Actress on Television for Matlock in 1990."}, "image": {"url": "https://en.wikipedia.org/wiki/Julie_Sommars", "contentUrl": "http://t3.gstatic.com/images?q=tbn:ANd9GcTJZcBk6Sl6YFhZ17QHj6crldA9u4Iu_Wk18t6jGkNwaQEdScml"}, "@id": "kg:/m/026gb8b"}, "resultScore": 15.74693}]}