{"@type": "ItemList", "@context": {"@vocab": "http://schema.org/", "detailedDescription": "goog:detailedDescription", "resultScore": "goog:resultScore", "kg": "http://g.co/kg", "EntitySearchResult": "goog:EntitySearchResult", "goog": "http://schema.googleapis.com/"}, "itemListElement": [{"@type": "EntitySearchResult", "result": {"description": "Indian film actress", "@id": "kg:/m/026hd4g", "name": "Vijaya Nirmala", "detailedDescription": {"license": "https://en.wikipedia.org/wiki/Wikipedia:Text_of_Creative_Commons_Attribution-ShareAlike_3.0_Unported_License", "url": "https://en.wikipedia.org/wiki/Vijaya_Nirmala", "articleBody": "Vijaya Nirmala is an Indian film actress, producer and director known for her works predominantly in Telugu cinema. She has directed 44 films in Telugu. In 2002, she entered the Guinness Book of Records as the female director of the most films. In 2008, she received the Raghupathi Venkaiah Award for her contributions to Telugu cinema. "}, "@type": ["Person", "Thing"]}, "resultScore": 15.696025}]}