{"@type": "ItemList", "@context": {"@vocab": "http://schema.org/", "detailedDescription": "goog:detailedDescription", "resultScore": "goog:resultScore", "kg": "http://g.co/kg", "EntitySearchResult": "goog:EntitySearchResult", "goog": "http://schema.googleapis.com/"}, "itemListElement": [{"@type": "EntitySearchResult", "result": {"description": "Japanese actor", "@id": "kg:/m/026hjz6", "name": "Kiichi Nakai", "detailedDescription": {"license": "https://en.wikipedia.org/wiki/Wikipedia:Text_of_Creative_Commons_Attribution-ShareAlike_3.0_Unported_License", "url": "https://en.wikipedia.org/wiki/Kiichi_Nakai", "articleBody": "Kiichi Nakai is a Japanese actor. His name was given by Yasujir\u014d Ozu. His father, Keiji Sada, also a movie actor, died when Nakai was only two years old. "}, "@type": ["Person", "Thing"]}, "resultScore": 18.247137}]}