{"@type": "ItemList", "@context": {"@vocab": "http://schema.org/", "detailedDescription": "goog:detailedDescription", "resultScore": "goog:resultScore", "kg": "http://g.co/kg", "EntitySearchResult": "goog:EntitySearchResult", "goog": "http://schema.googleapis.com/"}, "itemListElement": [{"@type": "EntitySearchResult", "result": {"description": "Canadian actress", "@id": "kg:/m/026j6pp", "name": "Jayne Heitmeyer", "detailedDescription": {"license": "https://en.wikipedia.org/wiki/Wikipedia:Text_of_Creative_Commons_Attribution-ShareAlike_3.0_Unported_License", "url": "https://en.wikipedia.org/wiki/Jayne_Heitmeyer", "articleBody": "Jayne Heitmeyer is a Canadian actress appearing in many science fiction and horror movies and TV shows.\nHeitmeyer was born in Montreal, Quebec, Canada. She is known for playing Lt. "}, "@type": ["Thing", "Person"]}, "resultScore": 13.326827}]}