{"@type": "ItemList", "@context": {"@vocab": "http://schema.org/", "detailedDescription": "goog:detailedDescription", "resultScore": "goog:resultScore", "kg": "http://g.co/kg", "EntitySearchResult": "goog:EntitySearchResult", "goog": "http://schema.googleapis.com/"}, "itemListElement": [{"@type": "EntitySearchResult", "result": {"description": "American actor", "@id": "kg:/m/026l8bm", "name": "Murphy Dunne", "detailedDescription": {"license": "https://en.wikipedia.org/wiki/Wikipedia:Text_of_Creative_Commons_Attribution-ShareAlike_3.0_Unported_License", "url": "https://en.wikipedia.org/wiki/Murphy_Dunne", "articleBody": "Murphy Dunne is an American actor and musician. He is best known for being the keyboardist/pianist for the Blues Brothers in the 1980 film The Blues Brothers, a role he reprised in the sequel, Blues Brothers 2000. "}, "@type": ["Person", "Thing"]}, "resultScore": 13.61881}]}