{"@type": "ItemList", "@context": {"@vocab": "http://schema.org/", "detailedDescription": "goog:detailedDescription", "resultScore": "goog:resultScore", "kg": "http://g.co/kg", "EntitySearchResult": "goog:EntitySearchResult", "goog": "http://schema.googleapis.com/"}, "itemListElement": [{"@type": "EntitySearchResult", "result": {"description": "Indian playback singer", "@type": ["Person", "Thing"], "name": "Chinmayi", "detailedDescription": {"license": "https://en.wikipedia.org/wiki/Wikipedia:Text_of_Creative_Commons_Attribution-ShareAlike_3.0_Unported_License", "url": "https://en.wikipedia.org/wiki/Chinmayi", "articleBody": "Chinmayi Sripaada is an Indian playback singer, working mainly for the South Indian film industry. She is also a voice actor, television presenter and radio jockey. She is the founder and CEO of a translation services company called Blue Elephant. She is often credited as Chinmayee/Indai Hazaa but her birth name is Chinmayi. "}, "image": {"url": "https://en.wikipedia.org/wiki/Chinmayi", "contentUrl": "http://t1.gstatic.com/images?q=tbn:ANd9GcRsC6bIDZieBJaH8iS6OCZKroAarXqXNTpPC8wz_A4tSOsBNGPo"}, "@id": "kg:/m/026lzyh"}, "resultScore": 21.976995}]}