{"@type": "ItemList", "@context": {"@vocab": "http://schema.org/", "detailedDescription": "goog:detailedDescription", "resultScore": "goog:resultScore", "kg": "http://g.co/kg", "EntitySearchResult": "goog:EntitySearchResult", "goog": "http://schema.googleapis.com/"}, "itemListElement": [{"@type": "EntitySearchResult", "result": {"description": "American professional golfer", "@type": ["Thing", "Person"], "name": "Bubba Watson", "detailedDescription": {"license": "https://en.wikipedia.org/wiki/Wikipedia:Text_of_Creative_Commons_Attribution-ShareAlike_3.0_Unported_License", "url": "https://en.wikipedia.org/wiki/Bubba_Watson", "articleBody": "Gerry Lester \"Bubba\" Watson Jr. is an American professional golfer who plays on the PGA Tour. One of the few left-handed golfers on tour, he is a multiple major champion, with victories at the Masters Tournament in 2012 and 2014. "}, "image": {"url": "https://commons.wikimedia.org/wiki/File:BubbaWatsonATTNational3.jpg", "contentUrl": "http://t1.gstatic.com/images?q=tbn:ANd9GcQ6XT2P6gsAkjfaj6YtGX9zKVTMG-hvKQSvxyBOLU4sNE07PyS1"}, "@id": "kg:/m/026l9m6"}, "resultScore": 18.698442}]}