{"@type": "ItemList", "@context": {"@vocab": "http://schema.org/", "detailedDescription": "goog:detailedDescription", "resultScore": "goog:resultScore", "kg": "http://g.co/kg", "EntitySearchResult": "goog:EntitySearchResult", "goog": "http://schema.googleapis.com/"}, "itemListElement": [{"@type": "EntitySearchResult", "result": {"description": "Sri Lankan Politician", "@type": ["Thing", "Person"], "name": "Rosy Senanayake", "detailedDescription": {"license": "https://en.wikipedia.org/wiki/Wikipedia:Text_of_Creative_Commons_Attribution-ShareAlike_3.0_Unported_License", "url": "https://en.wikipedia.org/wiki/Rosy_Senanayake", "articleBody": ".\nBernadine Rose Senanayake, JP, UM is a Sri Lankan politician, current Mayoress of Colombo and Prime Minister's Spokesperson and the Deputy Head of the Prime Minister's Office for Prime Minister Ranil Wickramasinghe She was the former state minister for child development under President Maithripala Sirisena. "}, "image": {"url": "https://en.wikipedia.org/wiki/Rosy_Senanayake", "contentUrl": "http://t3.gstatic.com/images?q=tbn:ANd9GcQbls44VDm2ID2YPyK_6JqBrjdF63Wa11QxMCaehak3iwcgZCRd"}, "@id": "kg:/m/026mg5k"}, "resultScore": 15.90372}]}