{"@type": "ItemList", "@context": {"@vocab": "http://schema.org/", "detailedDescription": "goog:detailedDescription", "resultScore": "goog:resultScore", "kg": "http://g.co/kg", "EntitySearchResult": "goog:EntitySearchResult", "goog": "http://schema.googleapis.com/"}, "itemListElement": [{"@type": "EntitySearchResult", "result": {"description": "American aerospace engineer", "@type": ["Person", "Thing"], "name": "Burt Rutan", "detailedDescription": {"license": "https://en.wikipedia.org/wiki/Wikipedia:Text_of_Creative_Commons_Attribution-ShareAlike_3.0_Unported_License", "url": "https://en.wikipedia.org/wiki/Burt_Rutan", "articleBody": "Elbert Leander \"Burt\" Rutan is a retired American aerospace engineer noted for his originality in designing light, strong, unusual-looking, energy-efficient aircraft. "}, "image": {"url": "https://commons.wikimedia.org/wiki/File:Burt_Rutan_-_Cropped.JPG", "contentUrl": "http://t2.gstatic.com/images?q=tbn:ANd9GcRNyZGgGeUlHNCf5-AN_T50GFuv55uqlflJbkCksuwUz1LFac_g"}, "@id": "kg:/m/026nlb"}, "resultScore": 16.559591}]}