{"@type": "ItemList", "@context": {"@vocab": "http://schema.org/", "detailedDescription": "goog:detailedDescription", "resultScore": "goog:resultScore", "kg": "http://g.co/kg", "EntitySearchResult": "goog:EntitySearchResult", "goog": "http://schema.googleapis.com/"}, "itemListElement": [{"@type": "EntitySearchResult", "result": {"description": "Film actress", "@id": "kg:/m/026n778", "name": "Nina Arvesen", "detailedDescription": {"license": "https://en.wikipedia.org/wiki/Wikipedia:Text_of_Creative_Commons_Attribution-ShareAlike_3.0_Unported_License", "url": "https://en.wikipedia.org/wiki/Nina_Arvesen", "articleBody": "Nina Arvesen is an American film and television actress, model, dancer, and businesswoman. Best known for her performances in American soap operas, Arvesen landed her two most prominent acting roles as Cassandra Rawlins on The Young and the Restless and as Angela Raymond on the NBC television series Santa Barbara. "}, "@type": ["Thing", "Person"]}, "resultScore": 11.359322}]}