{"@type": "ItemList", "@context": {"@vocab": "http://schema.org/", "detailedDescription": "goog:detailedDescription", "resultScore": "goog:resultScore", "kg": "http://g.co/kg", "EntitySearchResult": "goog:EntitySearchResult", "goog": "http://schema.googleapis.com/"}, "itemListElement": [{"@type": "EntitySearchResult", "result": {"description": "Actress", "@id": "kg:/m/026p2vd", "name": "Jacqueline Tong", "detailedDescription": {"license": "https://en.wikipedia.org/wiki/Wikipedia:Text_of_Creative_Commons_Attribution-ShareAlike_3.0_Unported_License", "url": "https://en.wikipedia.org/wiki/Jacqueline_Tong", "articleBody": "Jacqueline Tong is an English actress who is best known for playing Daisy Barnes in the period drama Upstairs, Downstairs from 1973 to 1975. In 1975, she was nominated for Outstanding Supporting Actress in a Drama Series in the Primetime Emmy Awards. In 1982 she appeared in Coronation Street, babysitting for Gail's son Nicky."}, "@type": ["Person", "Thing"]}, "resultScore": 12.35501}]}