{"@type": "ItemList", "@context": {"@vocab": "http://schema.org/", "detailedDescription": "goog:detailedDescription", "resultScore": "goog:resultScore", "kg": "http://g.co/kg", "EntitySearchResult": "goog:EntitySearchResult", "goog": "http://schema.googleapis.com/"}, "itemListElement": [{"@type": "EntitySearchResult", "result": {"description": "Broadcaster", "@id": "kg:/m/026p8ld", "name": "Richelle Carey", "detailedDescription": {"license": "https://en.wikipedia.org/wiki/Wikipedia:Text_of_Creative_Commons_Attribution-ShareAlike_3.0_Unported_License", "url": "https://en.wikipedia.org/wiki/Richelle_Carey", "articleBody": "Richelle Carey is a US broadcast journalist. She is currently a news anchor for Al Jazeera English and was previously an anchor for Al Jazeera America.\n"}, "@type": ["Thing", "Person"]}, "resultScore": 13.903045}]}