{"@type": "ItemList", "@context": {"@vocab": "http://schema.org/", "detailedDescription": "goog:detailedDescription", "resultScore": "goog:resultScore", "kg": "http://g.co/kg", "EntitySearchResult": "goog:EntitySearchResult", "goog": "http://schema.googleapis.com/"}, "itemListElement": [{"@type": "EntitySearchResult", "result": {"url": "http://justinemusk.com/", "description": "Author", "@type": ["Thing", "Person"], "name": "Justine Musk", "detailedDescription": {"license": "https://en.wikipedia.org/wiki/Wikipedia:Text_of_Creative_Commons_Attribution-ShareAlike_3.0_Unported_License", "url": "https://en.wikipedia.org/wiki/Justine_Musk", "articleBody": "Justine Musk is a Canadian author. She is the first wife of Elon Musk."}, "@id": "kg:/m/026pmy7"}, "resultScore": 17.410448}]}