{"@type": "ItemList", "@context": {"@vocab": "http://schema.org/", "detailedDescription": "goog:detailedDescription", "resultScore": "goog:resultScore", "kg": "http://g.co/kg", "EntitySearchResult": "goog:EntitySearchResult", "goog": "http://schema.googleapis.com/"}, "itemListElement": [{"@type": "EntitySearchResult", "result": {"description": "Czech speed skater", "@type": ["Person", "Thing"], "name": "Martina S\u00e1bl\u00edkov\u00e1", "detailedDescription": {"license": "https://en.wikipedia.org/wiki/Wikipedia:Text_of_Creative_Commons_Attribution-ShareAlike_3.0_Unported_License", "url": "https://en.wikipedia.org/wiki/Martina_S%C3%A1bl%C3%ADkov%C3%A1", "articleBody": "Martina S\u00e1bl\u00edkov\u00e1 is a Czech speed skater, specializing in long track speed skating. She is an Olympic gold medal winner and a multiple European and World allround champion. "}, "image": {"url": "https://commons.wikimedia.org/wiki/File:Martina_Sablikova_(2006).jpg", "contentUrl": "http://t3.gstatic.com/images?q=tbn:ANd9GcTsUPxF-Oey7Ng9pXaVYZSpCVcQwwdq-Rpdu1xtRY0N4woNenBY"}, "@id": "kg:/m/026qyf8"}, "resultScore": 17.189875}]}