{"@type": "ItemList", "@context": {"@vocab": "http://schema.org/", "detailedDescription": "goog:detailedDescription", "resultScore": "goog:resultScore", "kg": "http://g.co/kg", "EntitySearchResult": "goog:EntitySearchResult", "goog": "http://schema.googleapis.com/"}, "itemListElement": [{"@type": "EntitySearchResult", "result": {"description": "American ice hockey player", "@type": ["Person", "Thing"], "name": "Joe Pavelski", "detailedDescription": {"license": "https://en.wikipedia.org/wiki/Wikipedia:Text_of_Creative_Commons_Attribution-ShareAlike_3.0_Unported_License", "url": "https://en.wikipedia.org/wiki/Joe_Pavelski", "articleBody": "Joseph James Pavelski is an American professional ice hockey player and captain for the San Jose Sharks of the National Hockey League. He scored a goal in his first NHL game, making him the 11th Sharks player in the history of the team to do so. "}, "image": {"url": "https://commons.wikimedia.org/wiki/File:Joe_Pavelski.jpg", "contentUrl": "http://t1.gstatic.com/images?q=tbn:ANd9GcSAPVmPYMMyRLcs3sF6PJedJ3V901uFc_gMWvvz8qPL10neJRyQ"}, "@id": "kg:/m/026q_7f"}, "resultScore": 16.991091}]}