{"@type": "ItemList", "@context": {"@vocab": "http://schema.org/", "detailedDescription": "goog:detailedDescription", "resultScore": "goog:resultScore", "kg": "http://g.co/kg", "EntitySearchResult": "goog:EntitySearchResult", "goog": "http://schema.googleapis.com/"}, "itemListElement": [{"@type": "EntitySearchResult", "result": {"description": "American actress", "@id": "kg:/m/026r73s", "name": "Melissa De Sousa", "detailedDescription": {"license": "https://en.wikipedia.org/wiki/Wikipedia:Text_of_Creative_Commons_Attribution-ShareAlike_3.0_Unported_License", "url": "https://en.wikipedia.org/wiki/Melissa_De_Sousa", "articleBody": "Melissa De Sousa is an American actress. She is best known for her role as Shelby in the 1999 romantic comedy-drama film The Best Man and its 2013 sequel The Best Man Holiday. De Sousa also starred as Gabriella Jimenez in BET's Reed Between the Lines. Born in New York City, De Sousa is of Panamanian descent."}, "@type": ["Person", "Thing"]}, "resultScore": 14.897626}]}