{"@type": "ItemList", "@context": {"@vocab": "http://schema.org/", "detailedDescription": "goog:detailedDescription", "resultScore": "goog:resultScore", "kg": "http://g.co/kg", "EntitySearchResult": "goog:EntitySearchResult", "goog": "http://schema.googleapis.com/"}, "itemListElement": [{"@type": "EntitySearchResult", "result": {"description": "Soccer player", "@type": ["Thing", "Person"], "name": "Tim Howard", "detailedDescription": {"license": "https://en.wikipedia.org/wiki/Wikipedia:Text_of_Creative_Commons_Attribution-ShareAlike_3.0_Unported_License", "url": "https://en.wikipedia.org/wiki/Tim_Howard", "articleBody": "Timothy Matthew Howard is an American soccer player who captains the MLS club Colorado Rapids as a goalkeeper.\nHoward began his career with the North Jersey Imperials, before making a move to the MetroStars. "}, "image": {"url": "https://commons.wikimedia.org/wiki/File:Tim-Howard.jpg", "contentUrl": "http://t3.gstatic.com/images?q=tbn:ANd9GcS9yplPZRPrTMiil_iOM4txsYqoBT5e0aA5g0T5pZrunLOi9gvo"}, "@id": "kg:/m/026s3n"}, "resultScore": 20.452185}]}