{"@type": "ItemList", "@context": {"@vocab": "http://schema.org/", "detailedDescription": "goog:detailedDescription", "resultScore": "goog:resultScore", "kg": "http://g.co/kg", "EntitySearchResult": "goog:EntitySearchResult", "goog": "http://schema.googleapis.com/"}, "itemListElement": [{"@type": "EntitySearchResult", "result": {"description": "Theo van Gogh's wife", "@type": ["Person", "Thing"], "name": "Johanna van Gogh-Bonger", "detailedDescription": {"license": "https://en.wikipedia.org/wiki/Wikipedia:Text_of_Creative_Commons_Attribution-ShareAlike_3.0_Unported_License", "url": "https://en.wikipedia.org/wiki/Johanna_van_Gogh-Bonger", "articleBody": "Johanna Gezina \"Jo\" van Gogh-Bonger was a Dutch editor and translator of the letters of the van Gogh brothers. She was the wife of Theo van Gogh, art dealer, and the sister-in-law of the painter Vincent van Gogh and became a key player in the growth of Vincent's fame."}, "image": {"url": "https://commons.wikimedia.org/wiki/File:WLANL_-_Pachango_-_Portret_van_Jo_van_Gogh-Bonger,_Isaac_Isra%C3%ABls_(1925).jpg", "contentUrl": "http://t3.gstatic.com/images?q=tbn:ANd9GcTNagV6kHkPYV1vB2lqALF2YaPCNKpoztZH7RtRSme8Wa3lEPyG"}, "@id": "kg:/m/026t5zl"}, "resultScore": 14.506138}]}