{"@type": "ItemList", "@context": {"@vocab": "http://schema.org/", "detailedDescription": "goog:detailedDescription", "resultScore": "goog:resultScore", "kg": "http://g.co/kg", "EntitySearchResult": "goog:EntitySearchResult", "goog": "http://schema.googleapis.com/"}, "itemListElement": [{"@type": "EntitySearchResult", "result": {"description": "American molecular biologist", "@type": ["Person", "Thing"], "name": "Carol W. Greider", "detailedDescription": {"license": "https://en.wikipedia.org/wiki/Wikipedia:Text_of_Creative_Commons_Attribution-ShareAlike_3.0_Unported_License", "url": "https://en.wikipedia.org/wiki/Carol_W._Greider", "articleBody": "Carolyn Widney \"Carol\" Greider is an American molecular biologist and Nobel laureate. She is a Bloomberg Distinguished Professor, Daniel Nathans Professor, and Director of Molecular Biology and Genetics at Johns Hopkins University. "}, "image": {"url": "https://ko.wikipedia.org/wiki/%ED%8C%8C%EC%9D%BC:GREIDER_Carol_2014_-_Less_vignetting.jpg", "contentUrl": "http://t2.gstatic.com/images?q=tbn:ANd9GcRIb_59tT3ghgz04JhRfidK2XqCOZOsX5cHFpVWJZtoMD8Jqf28"}, "@id": "kg:/m/026tb5d"}, "resultScore": 16.085194}]}