{"@type": "ItemList", "@context": {"@vocab": "http://schema.org/", "detailedDescription": "goog:detailedDescription", "resultScore": "goog:resultScore", "kg": "http://g.co/kg", "EntitySearchResult": "goog:EntitySearchResult", "goog": "http://schema.googleapis.com/"}, "itemListElement": [{"@type": "EntitySearchResult", "result": {"description": "Rugby league rugby centre", "@id": "kg:/m/026t7ts", "name": "Mick Cronin", "detailedDescription": {"license": "https://en.wikipedia.org/wiki/Wikipedia:Text_of_Creative_Commons_Attribution-ShareAlike_3.0_Unported_License", "url": "https://en.wikipedia.org/wiki/Mick_Cronin_(rugby_league)", "articleBody": "Michael William \"Mick\" Cronin OAM is an Australian former professional rugby league footballer and coach. He was a goal-kicking centre for the Australian national team and a stalwart for the Parramatta Eels club. "}, "@type": ["Person", "Thing"]}, "resultScore": 13.635863}]}