{"@type": "ItemList", "@context": {"@vocab": "http://schema.org/", "detailedDescription": "goog:detailedDescription", "resultScore": "goog:resultScore", "kg": "http://g.co/kg", "EntitySearchResult": "goog:EntitySearchResult", "goog": "http://schema.googleapis.com/"}, "itemListElement": [{"@type": "EntitySearchResult", "result": {"url": "http://www.essamelhadary.net", "description": "Egyptian soccer player", "@type": ["Person", "Thing"], "name": "Essam El-Hadary", "detailedDescription": {"license": "https://en.wikipedia.org/wiki/Wikipedia:Text_of_Creative_Commons_Attribution-ShareAlike_3.0_Unported_License", "url": "https://en.wikipedia.org/wiki/Essam_El-Hadary", "articleBody": "Essam Kamal Tawfiq El-Hadary is an Egyptian professional footballer who plays as a goalkeeper for Ismaily.\nNicknamed the \"High Dam\", he has spent the largest portion of his club career with Al-Ahly, with whom he won eight Egyptian Premier League titles, four Egypt Cups, four Egyptian Super Cups, four CAF Champions League titles, three CAF Super Cups, one Arab Club Champions Cup, and two Arab Super Cups. "}, "image": {"url": "https://en.wikipedia.org/wiki/Essam_El-Hadary", "contentUrl": "http://t1.gstatic.com/images?q=tbn:ANd9GcTeL8MKnfyhEQsgTaqKtSKftyZQEajLZYlhNuDNcI4_2s3T8jep"}, "@id": "kg:/m/026tsvh"}, "resultScore": 18.990454}]}