{"@type": "ItemList", "@context": {"@vocab": "http://schema.org/", "detailedDescription": "goog:detailedDescription", "resultScore": "goog:resultScore", "kg": "http://g.co/kg", "EntitySearchResult": "goog:EntitySearchResult", "goog": "http://schema.googleapis.com/"}, "itemListElement": [{"@type": "EntitySearchResult", "result": {"description": "Irish soccer player", "@type": ["Thing", "Person"], "name": "Gary Dicker", "detailedDescription": {"license": "https://en.wikipedia.org/wiki/Wikipedia:Text_of_Creative_Commons_Attribution-ShareAlike_3.0_Unported_License", "url": "https://en.wikipedia.org/wiki/Gary_Dicker", "articleBody": "Gary Richard Perry Dicker is an Irish footballer who plays as a midfielder for Kilmarnock of the Scottish Premiership. He previously played for League of Ireland club UCD and made more than 200 appearances in the English Football League."}, "image": {"url": "https://en.wikipedia.org/wiki/Gary_Dicker", "contentUrl": "http://t0.gstatic.com/images?q=tbn:ANd9GcQ8_CGBRcDnUfOqETtteAmQlvA5TYw9Kt03CG1Jh5hIOq_PlKmf"}, "@id": "kg:/m/026wmgd"}, "resultScore": 12.441175}]}