{"@type": "ItemList", "@context": {"@vocab": "http://schema.org/", "detailedDescription": "goog:detailedDescription", "resultScore": "goog:resultScore", "kg": "http://g.co/kg", "EntitySearchResult": "goog:EntitySearchResult", "goog": "http://schema.googleapis.com/"}, "itemListElement": [{"@type": "EntitySearchResult", "result": {"description": "American fashion model", "@type": ["Person", "Thing"], "name": "CariDee English", "detailedDescription": {"license": "https://en.wikipedia.org/wiki/Wikipedia:Text_of_Creative_Commons_Attribution-ShareAlike_3.0_Unported_License", "url": "https://en.wikipedia.org/wiki/CariDee_English", "articleBody": "CariDee English is an American fashion model and TV personality who won Cycle 7 of America's Next Top Model in December 2006. Her prize was a $100,000 contract with CoverGirl Cosmetics, a modeling contract with Elite Models, and a six-page fashion editorial and cover for Seventeen magazine. "}, "image": {"url": "https://en.wikipedia.org/wiki/CariDee_English", "contentUrl": "http://t2.gstatic.com/images?q=tbn:ANd9GcSryJsJZWFUL0TPfH4aoWUvvD6Qe_X9AaSrGKsFUyuNU4wCMCju"}, "@id": "kg:/m/026xl8z"}, "resultScore": 15.972488}]}