{"@type": "ItemList", "@context": {"@vocab": "http://schema.org/", "detailedDescription": "goog:detailedDescription", "resultScore": "goog:resultScore", "kg": "http://g.co/kg", "EntitySearchResult": "goog:EntitySearchResult", "goog": "http://schema.googleapis.com/"}, "itemListElement": [{"@type": "EntitySearchResult", "result": {"description": "American screenwriter", "@type": ["Thing", "Person"], "name": "Sandra Cassel", "detailedDescription": {"license": "https://en.wikipedia.org/wiki/Wikipedia:Text_of_Creative_Commons_Attribution-ShareAlike_3.0_Unported_License", "url": "https://en.wikipedia.org/wiki/Sandra_Peabody", "articleBody": "Sandra Peabody is an American script supervisor, screenwriter, producer, acting coach and former actress and model. While her acting career, on stage and film, only lasted from 1970 to 1974, she gained prominence for her role as the ill-fated Mari Collingwood in Wes Craven's debut film The Last House on the Left. "}, "image": {"url": "https://en.wikipedia.org/wiki/Sandra_Peabody", "contentUrl": "http://t2.gstatic.com/images?q=tbn:ANd9GcSOtwdQCRkPqtIcL461oCr-qdoGGzt9X7tUaM3mJ0WD5Nc2mS7O"}, "@id": "kg:/m/026y49b"}, "resultScore": 13.5622}]}