{"@type": "ItemList", "@context": {"@vocab": "http://schema.org/", "detailedDescription": "goog:detailedDescription", "resultScore": "goog:resultScore", "kg": "http://g.co/kg", "EntitySearchResult": "goog:EntitySearchResult", "goog": "http://schema.googleapis.com/"}, "itemListElement": [{"@type": "EntitySearchResult", "result": {"description": "Brazilian mixed martial artist", "@id": "kg:/m/026z0lc", "name": "Marcus Aur\u00e9lio", "detailedDescription": {"license": "https://en.wikipedia.org/wiki/Wikipedia:Text_of_Creative_Commons_Attribution-ShareAlike_3.0_Unported_License", "url": "https://en.wikipedia.org/wiki/Marcus_Aur%C3%A9lio", "articleBody": "Marcus Aur\u00e9lio Martins is a Brazilian mixed martial artist. He formerly fought for the PRIDE Fighting Championships and for the Ultimate Fighting Championship. He currently fights as a lightweight, and primarily employs Brazilian Jiu Jitsu. He is known for having never been finished in MMA competition."}, "@type": ["Thing", "Person"]}, "resultScore": 12.60396}]}