{"@type": "ItemList", "@context": {"@vocab": "http://schema.org/", "detailedDescription": "goog:detailedDescription", "resultScore": "goog:resultScore", "kg": "http://g.co/kg", "EntitySearchResult": "goog:EntitySearchResult", "goog": "http://schema.googleapis.com/"}, "itemListElement": [{"@type": "EntitySearchResult", "result": {"description": "American actress", "@type": ["Person", "Thing"], "name": "Madison Pettis", "detailedDescription": {"license": "https://en.wikipedia.org/wiki/Wikipedia:Text_of_Creative_Commons_Attribution-ShareAlike_3.0_Unported_License", "url": "https://en.wikipedia.org/wiki/Madison_Pettis", "articleBody": "Madison Michelle Pettis is an American actress, voice actress and model. She is known for her roles as Sophie Martinez on the Disney Channel comedy series Cory in the House, as Peyton Kelly in the 2007 film The Game Plan, and as Allie Brookes in the 2011 Canadian comedy series Life with Boys."}, "image": {"url": "https://en.wikipedia.org/wiki/Madison_Pettis", "contentUrl": "http://t1.gstatic.com/images?q=tbn:ANd9GcQO03TCfXAsgscOmxTtTFcGnQh9rW1Z-ZENiXWOLgvjQQ_0dFKi"}, "@id": "kg:/m/026z42f"}, "resultScore": 18.925144}]}