{"@type": "ItemList", "@context": {"@vocab": "http://schema.org/", "detailedDescription": "goog:detailedDescription", "resultScore": "goog:resultScore", "kg": "http://g.co/kg", "EntitySearchResult": "goog:EntitySearchResult", "goog": "http://schema.googleapis.com/"}, "itemListElement": [{"@type": "EntitySearchResult", "result": {"description": "Taiwanese actress", "@id": "kg:/m/0271jg2", "name": "Joyce Chao", "detailedDescription": {"license": "https://en.wikipedia.org/wiki/Wikipedia:Text_of_Creative_Commons_Attribution-ShareAlike_3.0_Unported_License", "url": "https://en.wikipedia.org/wiki/Joyce_Chao", "articleBody": "Joyce Chao or Chao Hung-chiao is a Taiwanese actress, singer and television host. She was a member of Taiwanese female group 7 Flowers. During years in school, her friends introduced her to a model company. After graduation, she entered Jungiery. "}, "@type": ["Person", "Thing"]}, "resultScore": 14.236833}]}