{"@type": "ItemList", "@context": {"@vocab": "http://schema.org/", "detailedDescription": "goog:detailedDescription", "resultScore": "goog:resultScore", "kg": "http://g.co/kg", "EntitySearchResult": "goog:EntitySearchResult", "goog": "http://schema.googleapis.com/"}, "itemListElement": [{"@type": "EntitySearchResult", "result": {"description": "American baseball player", "@type": ["Person", "Thing"], "name": "Branch Rickey", "detailedDescription": {"license": "https://en.wikipedia.org/wiki/Wikipedia:Text_of_Creative_Commons_Attribution-ShareAlike_3.0_Unported_License", "url": "https://en.wikipedia.org/wiki/Branch_Rickey", "articleBody": "Wesley Branch Rickey was an American baseball player and sports executive. He was perhaps best known for breaking Major League Baseball's color barriers by signing black player Jackie Robinson, as well as for creating the framework for the modern minor league farm system, for encouraging the Major Leagues to add new teams through his involvement in the proposed Continental League, and for introducing the batting helmet. "}, "image": {"url": "https://commons.wikimedia.org/wiki/File:Branch_Rickey_Cardinals.jpg", "contentUrl": "http://t2.gstatic.com/images?q=tbn:ANd9GcRT2zBRVzhH0Gk7QvNbyO1JYKvd8GuYoo42O2S1vdDO8GLoO9rb"}, "@id": "kg:/m/0272mc"}, "resultScore": 19.045496}]}