{"@type": "ItemList", "@context": {"@vocab": "http://schema.org/", "detailedDescription": "goog:detailedDescription", "resultScore": "goog:resultScore", "kg": "http://g.co/kg", "EntitySearchResult": "goog:EntitySearchResult", "goog": "http://schema.googleapis.com/"}, "itemListElement": [{"@type": "EntitySearchResult", "result": {"url": "http://www.colummccann.com", "description": "Writer", "@type": ["Person", "Thing"], "name": "Colum McCann", "detailedDescription": {"license": "https://en.wikipedia.org/wiki/Wikipedia:Text_of_Creative_Commons_Attribution-ShareAlike_3.0_Unported_License", "url": "https://en.wikipedia.org/wiki/Colum_McCann", "articleBody": "Colum McCann is an Irish writer of literary fiction. He was born in Dublin, Ireland and now lives in New York. He is a Distinguished Professor of Creative Writing in the Master of Fine Arts program at Hunter College, New York with fellow novelists Peter Carey and Tea Obreht, and has visited many universities and colleges all over the world.\n"}, "image": {"url": "https://zh.wikipedia.org/zh/File:Colum_McCann_Portrait.jpg", "contentUrl": "http://t2.gstatic.com/images?q=tbn:ANd9GcSEGLWFW_K4NdC94H1fLWNdL2JHgflkjkZ-a2BUnCYttlVBvc6P"}, "@id": "kg:/m/027204w"}, "resultScore": 15.794985}]}