{"@type": "ItemList", "@context": {"@vocab": "http://schema.org/", "detailedDescription": "goog:detailedDescription", "resultScore": "goog:resultScore", "kg": "http://g.co/kg", "EntitySearchResult": "goog:EntitySearchResult", "goog": "http://schema.googleapis.com/"}, "itemListElement": [{"@type": "EntitySearchResult", "result": {"description": "Professional baseball player", "@type": ["Person", "Thing"], "name": "Kevin Millwood", "detailedDescription": {"license": "https://en.wikipedia.org/wiki/Wikipedia:Text_of_Creative_Commons_Attribution-ShareAlike_3.0_Unported_License", "url": "https://en.wikipedia.org/wiki/Kevin_Millwood", "articleBody": "Kevin Austin Millwood is an American former professional baseball pitcher. He played for the Atlanta Braves, Philadelphia Phillies, Cleveland Indians, Texas Rangers, Baltimore Orioles, Colorado Rockies and Seattle Mariners.\n"}, "image": {"url": "https://en.wikipedia.org/wiki/Kevin_Millwood", "contentUrl": "http://t0.gstatic.com/images?q=tbn:ANd9GcTn2If-UnNj-2t3VgezShY6ao0Q9A_ikkvjOzPu8pgGX3VsccB7"}, "@id": "kg:/m/0273c_"}, "resultScore": 13.81342}]}