{"@type": "ItemList", "@context": {"@vocab": "http://schema.org/", "detailedDescription": "goog:detailedDescription", "resultScore": "goog:resultScore", "kg": "http://g.co/kg", "EntitySearchResult": "goog:EntitySearchResult", "goog": "http://schema.googleapis.com/"}, "itemListElement": [{"@type": "EntitySearchResult", "result": {"url": "http://www.limmy.com/", "description": "Scottish comedian", "@type": ["Thing", "Person"], "name": "Limmy", "detailedDescription": {"license": "https://en.wikipedia.org/wiki/Wikipedia:Text_of_Creative_Commons_Attribution-ShareAlike_3.0_Unported_License", "url": "https://en.wikipedia.org/wiki/Limmy", "articleBody": "Brian Limond, better known as Limmy, is a Scottish comedian and writer. He became known for his website and blog. In late 2006, his daily podcast Limmy's World of Glasgow received interest from the mainstream British media. "}, "@id": "kg:/m/0273v5w"}, "resultScore": 15.300303}]}