{"@type": "ItemList", "@context": {"@vocab": "http://schema.org/", "detailedDescription": "goog:detailedDescription", "resultScore": "goog:resultScore", "kg": "http://g.co/kg", "EntitySearchResult": "goog:EntitySearchResult", "goog": "http://schema.googleapis.com/"}, "itemListElement": [{"@type": "EntitySearchResult", "result": {"description": "German boxer", "@type": ["Person", "Thing"], "name": "Karl Mildenberger", "detailedDescription": {"license": "https://en.wikipedia.org/wiki/Wikipedia:Text_of_Creative_Commons_Attribution-ShareAlike_3.0_Unported_License", "url": "https://en.wikipedia.org/wiki/Karl_Mildenberger", "articleBody": "Karl Mildenberger was a German heavyweight boxer. He was the European Heavyweight Champion from 1964 to 1968, during which he retained the title six times. He unsuccessfully challenged Muhammad Ali for the World Heavyweight Title in September 1966."}, "image": {"url": "https://en.wikipedia.org/wiki/Karl_Mildenberger", "contentUrl": "http://t2.gstatic.com/images?q=tbn:ANd9GcQxbOF6CBnMiUfTB9ZnNk2vfUD0VT7TA_vznUdR7M5wob4PnS0f"}, "@id": "kg:/m/0275zq6"}, "resultScore": 16.116024}]}