{"@type": "ItemList", "@context": {"@vocab": "http://schema.org/", "detailedDescription": "goog:detailedDescription", "resultScore": "goog:resultScore", "kg": "http://g.co/kg", "EntitySearchResult": "goog:EntitySearchResult", "goog": "http://schema.googleapis.com/"}, "itemListElement": [{"@type": "EntitySearchResult", "result": {"description": "Russian athlete", "@id": "kg:/m/0275psw", "name": "Ivan Ukhov", "detailedDescription": {"license": "https://en.wikipedia.org/wiki/Wikipedia:Text_of_Creative_Commons_Attribution-ShareAlike_3.0_Unported_License", "url": "https://en.wikipedia.org/wiki/Ivan_Ukhov", "articleBody": "Ivan Sergeyevich Ukhov is a Russian high jumper. He won a gold medal at the 2010 IAAF World Indoor Championships and is a two-time European Indoor champion. "}, "@type": ["Person", "Thing"]}, "resultScore": 13.877722}]}