{"@type": "ItemList", "@context": {"@vocab": "http://schema.org/", "detailedDescription": "goog:detailedDescription", "resultScore": "goog:resultScore", "kg": "http://g.co/kg", "EntitySearchResult": "goog:EntitySearchResult", "goog": "http://schema.googleapis.com/"}, "itemListElement": [{"@type": "EntitySearchResult", "result": {"description": "Leon Trotsky's wife", "@type": ["Thing", "Person"], "name": "Natalia Sedova", "detailedDescription": {"license": "https://en.wikipedia.org/wiki/Wikipedia:Text_of_Creative_Commons_Attribution-ShareAlike_3.0_Unported_License", "url": "https://en.wikipedia.org/wiki/Natalia_Sedova", "articleBody": "Natalia Ivanovna Sedova is best known as the second wife of Leon Trotsky, the Russian revolutionary. She was also an active revolutionary and wrote on cultural matters pertaining to Marxism. Her father was a wealthy merchant.\n"}, "image": {"url": "https://it.wikipedia.org/wiki/File:Natalia_Sedova.jpg", "contentUrl": "http://t3.gstatic.com/images?q=tbn:ANd9GcTQ9DV4C4G31TQlwDikXr1R1NPuCGhhV0t72ze-gu3OIwXXKs9T"}, "@id": "kg:/m/0277j0"}, "resultScore": 14.364875}]}