{"@type": "ItemList", "@context": {"@vocab": "http://schema.org/", "detailedDescription": "goog:detailedDescription", "resultScore": "goog:resultScore", "kg": "http://g.co/kg", "EntitySearchResult": "goog:EntitySearchResult", "goog": "http://schema.googleapis.com/"}, "itemListElement": [{"@type": "EntitySearchResult", "result": {"description": "Brazilian actor", "@id": "kg:/m/027b4hj", "name": "Alexandre Rodrigues", "detailedDescription": {"license": "https://en.wikipedia.org/wiki/Wikipedia:Text_of_Creative_Commons_Attribution-ShareAlike_3.0_Unported_License", "url": "https://en.wikipedia.org/wiki/Alexandre_Rodrigues_(actor)", "articleBody": "Alexandre Rodrigues is a Brazilian actor. He is most famous for playing the part of Buscap\u00e9, the narrator and protagonist in the 2002 film Cidade de Deus. "}, "@type": ["Thing", "Person"]}, "resultScore": 14.25577}]}