{"@type": "ItemList", "@context": {"@vocab": "http://schema.org/", "detailedDescription": "goog:detailedDescription", "resultScore": "goog:resultScore", "kg": "http://g.co/kg", "EntitySearchResult": "goog:EntitySearchResult", "goog": "http://schema.googleapis.com/"}, "itemListElement": [{"@type": "EntitySearchResult", "result": {"description": "American journalist", "@type": ["Thing", "Person"], "name": "Byron Pitts", "detailedDescription": {"license": "https://en.wikipedia.org/wiki/Wikipedia:Text_of_Creative_Commons_Attribution-ShareAlike_3.0_Unported_License", "url": "https://en.wikipedia.org/wiki/Byron_Pitts", "articleBody": "Byron Pitts is an American journalist and author working for ABC News. As of 2018, he is a co-anchor of Nightline. Until 2013, he served as a chief national correspondent for The CBS Evening News and a contributor to the newsmagazine 60 Minutes. "}, "image": {"url": "https://en.wikipedia.org/wiki/Byron_Pitts", "contentUrl": "http://t2.gstatic.com/images?q=tbn:ANd9GcSg2FG7trbK7NrcYMh452uhqkndf9aFpWSKAuUQvDsai85xcSIp"}, "@id": "kg:/m/027bxs8"}, "resultScore": 14.095737}]}