{"@type": "ItemList", "@context": {"@vocab": "http://schema.org/", "detailedDescription": "goog:detailedDescription", "resultScore": "goog:resultScore", "kg": "http://g.co/kg", "EntitySearchResult": "goog:EntitySearchResult", "goog": "http://schema.googleapis.com/"}, "itemListElement": [{"@type": "EntitySearchResult", "result": {"url": "http://www.jasmin-ouschan.com", "description": "Austrian pool player", "@type": ["Thing", "Person"], "name": "Jasmin Ouschan", "detailedDescription": {"license": "https://en.wikipedia.org/wiki/Wikipedia:Text_of_Creative_Commons_Attribution-ShareAlike_3.0_Unported_License", "url": "https://en.wikipedia.org/wiki/Jasmin_Ouschan", "articleBody": "Jasmin Ouschan is an Austrian professional pool player from Klagenfurt, Carinthia. Her first professional competition occurred in 2002, but she did not officially become a professional member of the Women's Professional Billiards Association until 2007. "}, "image": {"url": "https://commons.wikimedia.org/wiki/File:Jasmin_Ouschan_Gala_Nacht_des_Sports_%C3%96sterreich_2015_2.jpg", "contentUrl": "http://t1.gstatic.com/images?q=tbn:ANd9GcRFO1AubVYCA58HnQDwmEDRjiUxUuk6Q8pMnb9pG5x4RIqEMgGv"}, "@id": "kg:/m/027bqfk"}, "resultScore": 13.601975}]}