{"@type": "ItemList", "@context": {"@vocab": "http://schema.org/", "detailedDescription": "goog:detailedDescription", "resultScore": "goog:resultScore", "kg": "http://g.co/kg", "EntitySearchResult": "goog:EntitySearchResult", "goog": "http://schema.googleapis.com/"}, "itemListElement": [{"@type": "EntitySearchResult", "result": {"description": "American musician", "@id": "kg:/m/027bfdb", "name": "Teresa Taylor", "detailedDescription": {"license": "https://en.wikipedia.org/wiki/Wikipedia:Text_of_Creative_Commons_Attribution-ShareAlike_3.0_Unported_License", "url": "https://en.wikipedia.org/wiki/Teresa_Taylor", "articleBody": "Teresa Taylor, also known as Teresa Nervosa, is an American musician and actress. She is best known as being a drummer for the American punk band Butthole Surfers."}, "@type": ["Thing", "Person"]}, "resultScore": 12.497118}]}