{"@type": "ItemList", "@context": {"@vocab": "http://schema.org/", "detailedDescription": "goog:detailedDescription", "resultScore": "goog:resultScore", "kg": "http://g.co/kg", "EntitySearchResult": "goog:EntitySearchResult", "goog": "http://schema.googleapis.com/"}, "itemListElement": [{"@type": "EntitySearchResult", "result": {"description": "Indian actress", "@type": ["Person", "Thing"], "name": "Tamannaah", "detailedDescription": {"license": "https://en.wikipedia.org/wiki/Wikipedia:Text_of_Creative_Commons_Attribution-ShareAlike_3.0_Unported_License", "url": "https://en.wikipedia.org/wiki/Tamannaah", "articleBody": "Tamannaah Bhatia known simply as Tamanna and occasionally as Thamannah, is an Indian actress who predominantly appears in Telugu and Tamil films. She has also appeared in several Hindi films. "}, "image": {"url": "https://commons.wikimedia.org/wiki/File:Tamannaah_Bhatia_at_Lakme_Fashion_Week,2015.jpg", "contentUrl": "http://t2.gstatic.com/images?q=tbn:ANd9GcSJBXShm4SGOo1wUkllNMUTOslmsG4MBDdVf-Zn2oWjREk9T-yx"}, "@id": "kg:/m/027cxm3"}, "resultScore": 22.612074}]}