{"@type": "ItemList", "@context": {"@vocab": "http://schema.org/", "detailedDescription": "goog:detailedDescription", "resultScore": "goog:resultScore", "kg": "http://g.co/kg", "EntitySearchResult": "goog:EntitySearchResult", "goog": "http://schema.googleapis.com/"}, "itemListElement": [{"@type": "EntitySearchResult", "result": {"url": "http://www.shontellemusic.com/", "description": "Barbadian singer", "@type": ["Thing", "Person"], "name": "Shontelle", "detailedDescription": {"license": "https://en.wikipedia.org/wiki/Wikipedia:Text_of_Creative_Commons_Attribution-ShareAlike_3.0_Unported_License", "url": "https://en.wikipedia.org/wiki/Shontelle", "articleBody": "Shontelle Layne, known professionally as Shontelle, is a Barbadian singer. She released her debut album Shontelligence in November 2008. Her second album, No Gravity, was released in September 2010. Her singles, \"T-Shirt\", and \"Impossible\", achieved international success. In 2016, Shontelle released \"Count On Me,\" a duet single featuring Barbadian singer Toni Norville."}, "image": {"url": "https://en.wikipedia.org/wiki/Shontelle", "contentUrl": "http://t2.gstatic.com/images?q=tbn:ANd9GcQcGnjOu1ogs2MVFGLEzaFSI-SrbddKyTtzpd1oIozu-io3wJWW"}, "@id": "kg:/m/027f6wp"}, "resultScore": 16.909756}]}