{"@type": "ItemList", "@context": {"@vocab": "http://schema.org/", "detailedDescription": "goog:detailedDescription", "resultScore": "goog:resultScore", "kg": "http://g.co/kg", "EntitySearchResult": "goog:EntitySearchResult", "goog": "http://schema.googleapis.com/"}, "itemListElement": [{"@type": "EntitySearchResult", "result": {"description": "American actor", "@type": ["Thing", "Person"], "name": "Lucien Littlefield", "detailedDescription": {"license": "https://en.wikipedia.org/wiki/Wikipedia:Text_of_Creative_Commons_Attribution-ShareAlike_3.0_Unported_License", "url": "https://en.wikipedia.org/wiki/Lucien_Littlefield", "articleBody": "Lucien Littlefield was an American actor who achieved a long career from silent films to the television era. He was noted for his versatility, playing a wide range of roles and already portraying old men before he was of voting age."}, "image": {"url": "https://en.wikipedia.org/wiki/Lucien_Littlefield", "contentUrl": "http://t3.gstatic.com/images?q=tbn:ANd9GcSA9s2xTtHbz9zSJPIbr3JEPMxjVFIpfmCeqsI5I6IEnK9zsDbp"}, "@id": "kg:/m/027j98h"}, "resultScore": 12.76871}]}