{"@type": "ItemList", "@context": {"@vocab": "http://schema.org/", "detailedDescription": "goog:detailedDescription", "resultScore": "goog:resultScore", "kg": "http://g.co/kg", "EntitySearchResult": "goog:EntitySearchResult", "goog": "http://schema.googleapis.com/"}, "itemListElement": [{"@type": "EntitySearchResult", "result": {"description": "American gospel music performer", "@type": ["Thing", "Person"], "name": "Kurt Carr", "detailedDescription": {"license": "https://en.wikipedia.org/wiki/Wikipedia:Text_of_Creative_Commons_Attribution-ShareAlike_3.0_Unported_License", "url": "https://en.wikipedia.org/wiki/Kurt_Carr", "articleBody": "Kurt Carr is an American gospel music composer and performer. While living in the city of Hartford, Connecticut, he served as Minister of Music at The First Baptist Church of Hartford located at the time on Greenfield Street."}, "image": {"url": "https://en.wikipedia.org/wiki/Kurt_Carr", "contentUrl": "http://t2.gstatic.com/images?q=tbn:ANd9GcS5amgZ65Y5RAj6osK1QTjxRY_spE7w1Sjs4rbG3Uf1v2rCX6Cq"}, "@id": "kg:/m/027j653"}, "resultScore": 13.895484}]}