{"@type": "ItemList", "@context": {"@vocab": "http://schema.org/", "detailedDescription": "goog:detailedDescription", "resultScore": "goog:resultScore", "kg": "http://g.co/kg", "EntitySearchResult": "goog:EntitySearchResult", "goog": "http://schema.googleapis.com/"}, "itemListElement": [{"@type": "EntitySearchResult", "result": {"description": "Irish soccer player", "@type": ["Thing", "Person"], "name": "Jon Daly", "detailedDescription": {"license": "https://en.wikipedia.org/wiki/Wikipedia:Text_of_Creative_Commons_Attribution-ShareAlike_3.0_Unported_License", "url": "https://en.wikipedia.org/wiki/Jon_Daly_(footballer)", "articleBody": "Jonathan Marvin Daly is an Irish professional football player and coach.\nDaly began his senior career in England, where he played for Stockport County and Hartlepool United; he also had loan spells with Bury and Grimsby Town. "}, "image": {"url": "https://en.wikipedia.org/wiki/Jon_Daly_(footballer)", "contentUrl": "http://t2.gstatic.com/images?q=tbn:ANd9GcSIvzRR42nXu78vohpX9qBv2mKqutlz5rNpbhAkfSpFEX2hrfhU"}, "@id": "kg:/m/027j5y6"}, "resultScore": 10.734271}]}