{"itemListElement": [{"resultScore": 11.586297, "@type": "EntitySearchResult", "result": {"@type": ["Thing", "Person"], "detailedDescription": {"articleBody": "Nina Jane Easton is an American author, journalist, TV commentator, and entrepreneur. In 2016, she co-founded SellersEaston Media, a private-client storytelling service that preserves the legacies of leaders in business, public service, and philanthropy. ", "url": "https://en.wikipedia.org/wiki/Nina_Easton", "license": "https://en.wikipedia.org/wiki/Wikipedia:Text_of_Creative_Commons_Attribution-ShareAlike_3.0_Unported_License"}, "description": "American author", "name": "Nina Easton", "@id": "kg:/m/027kd3x", "image": {"contentUrl": "http://t0.gstatic.com/images?q=tbn:ANd9GcROeziiwKS7q6oVJo5LP21AcyL5xtc-adJksduQHqqfIDtaKel2", "url": "https://en.wikipedia.org/wiki/Nina_Easton"}}}], "@context": {"resultScore": "goog:resultScore", "EntitySearchResult": "goog:EntitySearchResult", "kg": "http://g.co/kg", "@vocab": "http://schema.org/", "goog": "http://schema.googleapis.com/", "detailedDescription": "goog:detailedDescription"}, "@type": "ItemList"}