{"itemListElement": [{"resultScore": 12.892412, "@type": "EntitySearchResult", "result": {"@type": ["Person", "Thing"], "detailedDescription": {"articleBody": "Thomas Malcolm Rowe is an English footballer who primarily plays as a winger but can also operate at left back. He currently plays for League 1 side Doncaster Rovers.", "url": "https://en.wikipedia.org/wiki/Tommy_Rowe", "license": "https://en.wikipedia.org/wiki/Wikipedia:Text_of_Creative_Commons_Attribution-ShareAlike_3.0_Unported_License"}, "description": "English soccer player", "name": "Tommy Rowe", "@id": "kg:/m/027kd1h", "image": {"contentUrl": "http://t0.gstatic.com/images?q=tbn:ANd9GcRwBBSncPEAcQt3v2WNaoj4zE10u4JW0skO22CRBJPWR2Bk9riT", "url": "https://en.wikipedia.org/wiki/Tommy_Rowe"}}}], "@context": {"resultScore": "goog:resultScore", "EntitySearchResult": "goog:EntitySearchResult", "kg": "http://g.co/kg", "@vocab": "http://schema.org/", "goog": "http://schema.googleapis.com/", "detailedDescription": "goog:detailedDescription"}, "@type": "ItemList"}