{"itemListElement": [{"resultScore": 18.240301, "@type": "EntitySearchResult", "result": {"@type": ["Person", "Thing"], "detailedDescription": {"articleBody": "Michael Zimmer is an American football coach. He is currently the head coach of the Minnesota Vikings of the National Football League. He previously was a defensive coordinator for the Cincinnati Bengals, Atlanta Falcons, and Dallas Cowboys.", "url": "https://en.wikipedia.org/wiki/Mike_Zimmer", "license": "https://en.wikipedia.org/wiki/Wikipedia:Text_of_Creative_Commons_Attribution-ShareAlike_3.0_Unported_License"}, "description": "Football coach", "name": "Mike Zimmer", "@id": "kg:/m/027lqgk", "image": {"contentUrl": "http://t0.gstatic.com/images?q=tbn:ANd9GcReB1g5EviDpzMSR-lYfRrOtHXNjRc3TaFkxfqf7b11lnzQPrtx", "url": "https://commons.wikimedia.org/wiki/File:Mike_Zimmer_2014_MV_TC.jpg"}}}], "@context": {"resultScore": "goog:resultScore", "EntitySearchResult": "goog:EntitySearchResult", "kg": "http://g.co/kg", "@vocab": "http://schema.org/", "goog": "http://schema.googleapis.com/", "detailedDescription": "goog:detailedDescription"}, "@type": "ItemList"}