{"itemListElement": [{"resultScore": 14.067164, "@type": "EntitySearchResult", "result": {"@type": ["Person", "Thing"], "detailedDescription": {"articleBody": "Anwan Glover is an American musician and founding member of the Washington, D.C.-based go-go band \"BackYard Band\". Glover is also an actor, known for his portrayal of \"Slim Charles\" in the HBO crime-drama television series The Wire.", "url": "https://en.wikipedia.org/wiki/Anwan_Glover", "license": "https://en.wikipedia.org/wiki/Wikipedia:Text_of_Creative_Commons_Attribution-ShareAlike_3.0_Unported_License"}, "description": "American musician", "name": "Anwan Glover", "@id": "kg:/m/027m8c8", "image": {"contentUrl": "http://t2.gstatic.com/images?q=tbn:ANd9GcSOXD13mA14eTewvWTXINfSkoSMNdIykdK54hcysgXTVU5Oof8S", "url": "https://en.wikipedia.org/wiki/Anwan_Glover"}}}], "@context": {"resultScore": "goog:resultScore", "EntitySearchResult": "goog:EntitySearchResult", "kg": "http://g.co/kg", "@vocab": "http://schema.org/", "goog": "http://schema.googleapis.com/", "detailedDescription": "goog:detailedDescription"}, "@type": "ItemList"}