{"itemListElement": [{"resultScore": 14.575053, "@type": "EntitySearchResult", "result": {"@type": ["Person", "Thing"], "detailedDescription": {"articleBody": "Elizabeth Ann Jones is a British journalist.\nShe began her career as a fashion journalist, but her work has broadened into confessional writing. Jones divides opinion. ", "url": "https://en.wikipedia.org/wiki/Liz_Jones", "license": "https://en.wikipedia.org/wiki/Wikipedia:Text_of_Creative_Commons_Attribution-ShareAlike_3.0_Unported_License"}, "description": "Journalist", "name": "Liz Jones", "@id": "kg:/m/027m41b", "image": {"contentUrl": "http://t0.gstatic.com/images?q=tbn:ANd9GcQV-MwPVCsvi431mXiyrh5z4FSQgFMz08o5x9WFNDNbWCddhvUF", "url": "https://en.wikipedia.org/wiki/Liz_Jones"}}}], "@context": {"resultScore": "goog:resultScore", "EntitySearchResult": "goog:EntitySearchResult", "kg": "http://g.co/kg", "@vocab": "http://schema.org/", "goog": "http://schema.googleapis.com/", "detailedDescription": "goog:detailedDescription"}, "@type": "ItemList"}