{"itemListElement": [{"resultScore": 15.459787, "@type": "EntitySearchResult", "result": {"@type": ["Thing", "Person"], "detailedDescription": {"articleBody": "Sh\u014dko Hamada is a Japanese tarento, gravure idol and race queen. In addition, she has released several music CDs, mostly containing cover versions. ", "url": "https://en.wikipedia.org/wiki/Sh%C5%8Dko_Hamada_(television_personality)", "license": "https://en.wikipedia.org/wiki/Wikipedia:Text_of_Creative_Commons_Attribution-ShareAlike_3.0_Unported_License"}, "description": "Japanese tarento", "name": "Sh\u014dko Hamada", "@id": "kg:/m/027nqg3", "url": "http://hamadashoko.cocolog-nifty.com/"}}], "@context": {"resultScore": "goog:resultScore", "EntitySearchResult": "goog:EntitySearchResult", "kg": "http://g.co/kg", "@vocab": "http://schema.org/", "goog": "http://schema.googleapis.com/", "detailedDescription": "goog:detailedDescription"}, "@type": "ItemList"}