{"itemListElement": [{"resultScore": 14.899409, "@type": "EntitySearchResult", "result": {"name": "Hitomi Aizawa", "@type": ["Thing", "Person"], "@id": "kg:/m/027nqhv", "detailedDescription": {"articleBody": "Hitomi Aizawa is a Japanese actress, gravure idol and race queen.\nIn a 2006 article on an \"Air Guitar roadshow\" in which Aizawa participated, the website cinematopics.com noted that she was the top idol of the gravure world. ", "url": "https://en.wikipedia.org/wiki/Hitomi_Aizawa", "license": "https://en.wikipedia.org/wiki/Wikipedia:Text_of_Creative_Commons_Attribution-ShareAlike_3.0_Unported_License"}, "description": "Japanese actress"}}], "@context": {"resultScore": "goog:resultScore", "EntitySearchResult": "goog:EntitySearchResult", "kg": "http://g.co/kg", "@vocab": "http://schema.org/", "goog": "http://schema.googleapis.com/", "detailedDescription": "goog:detailedDescription"}, "@type": "ItemList"}