{"itemListElement": [{"resultScore": 14.375378, "@type": "EntitySearchResult", "result": {"@type": ["Person", "Thing"], "detailedDescription": {"articleBody": "Wilhelm Marx was a German lawyer, Catholic politician and a member of the Centre Party. He was Chancellor of Germany twice, from 1923 to 1925 and again from 1926 to 1928, and he also served briefly as Minister President of Prussia in 1925, during the Weimar Republic. ", "url": "https://en.wikipedia.org/wiki/Wilhelm_Marx", "license": "https://en.wikipedia.org/wiki/Wikipedia:Text_of_Creative_Commons_Attribution-ShareAlike_3.0_Unported_License"}, "description": "German lawyer", "name": "Wilhelm Marx", "@id": "kg:/m/027phx", "image": {"contentUrl": "http://t3.gstatic.com/images?q=tbn:ANd9GcR287yB3KbhEZwXRhyRpUbDfZIuyvO-PLkSW0lsixf3V6rbe5QJ", "url": "https://en.wikipedia.org/wiki/Wilhelm_Marx"}}}], "@context": {"resultScore": "goog:resultScore", "EntitySearchResult": "goog:EntitySearchResult", "kg": "http://g.co/kg", "@vocab": "http://schema.org/", "goog": "http://schema.googleapis.com/", "detailedDescription": "goog:detailedDescription"}, "@type": "ItemList"}