{"itemListElement": [{"resultScore": 16.019432, "@type": "EntitySearchResult", "result": {"@type": ["Person", "Thing"], "detailedDescription": {"articleBody": "Elijah Kelley is an American actor, singer, and dancer. He appeared in films such as 28 Days, Take the Lead, Hairspray, Red Tails, Lee Daniels' The Butler, NBC's live-musical event The Wiz Live!, as Ricky Bell in The New Edition Story, and Star.", "url": "https://en.wikipedia.org/wiki/Elijah_Kelley", "license": "https://en.wikipedia.org/wiki/Wikipedia:Text_of_Creative_Commons_Attribution-ShareAlike_3.0_Unported_License"}, "description": "American actor", "name": "Elijah Kelley", "@id": "kg:/m/027qhjc", "image": {"contentUrl": "http://t2.gstatic.com/images?q=tbn:ANd9GcSKpTfvFQ7l8YaYhQzURrou4TZHLZu-_Wx1jKgbSPVnOX_c_ro-", "url": "https://commons.wikimedia.org/wiki/File:ElijahKelley.png"}}}], "@context": {"resultScore": "goog:resultScore", "EntitySearchResult": "goog:EntitySearchResult", "kg": "http://g.co/kg", "@vocab": "http://schema.org/", "goog": "http://schema.googleapis.com/", "detailedDescription": "goog:detailedDescription"}, "@type": "ItemList"}