{"itemListElement": [{"resultScore": 14.023968, "@type": "EntitySearchResult", "result": {"name": "Reg Presley", "@type": ["Thing", "Person"], "@id": "kg:/m/027rnxz", "detailedDescription": {"articleBody": "Reginald Maurice Ball, known professionally as Reg Presley, was an English singer-songwriter. He was the lead singer with the 1960s rock and roll band the Troggs, the hits of which included \"Wild Thing\" and \"With a Girl Like You\". ", "url": "https://en.wikipedia.org/wiki/Reg_Presley", "license": "https://en.wikipedia.org/wiki/Wikipedia:Text_of_Creative_Commons_Attribution-ShareAlike_3.0_Unported_License"}, "description": "Singer"}}], "@context": {"resultScore": "goog:resultScore", "EntitySearchResult": "goog:EntitySearchResult", "kg": "http://g.co/kg", "@vocab": "http://schema.org/", "goog": "http://schema.googleapis.com/", "detailedDescription": "goog:detailedDescription"}, "@type": "ItemList"}