{"itemListElement": [{"resultScore": 17.636696, "@type": "EntitySearchResult", "result": {"@type": ["Thing", "Person"], "detailedDescription": {"articleBody": "Heather Vandeven is an American model, mainstream actress, and pornographic actress. She was chosen as a Penthouse Pet of the Month in 2006 and later became the magazine's 2007 Pet of the Year.", "url": "https://en.wikipedia.org/wiki/Heather_Vandeven", "license": "https://en.wikipedia.org/wiki/Wikipedia:Text_of_Creative_Commons_Attribution-ShareAlike_3.0_Unported_License"}, "description": "American model", "name": "Heather Vandeven", "@id": "kg:/m/027r9yh", "url": "http://www.myheathervandeven.com/", "image": {"contentUrl": "http://t3.gstatic.com/images?q=tbn:ANd9GcSOGX9E38Ta3Xh1K1sAcbC_6tfbTHfVNox2lFj3ZgMX5ONFWjrF", "url": "https://uk.wikipedia.org/wiki/%D0%A4%D0%B0%D0%B9%D0%BB:Heather_Vandeven,_January_10,_2007.JPG"}}}], "@context": {"resultScore": "goog:resultScore", "EntitySearchResult": "goog:EntitySearchResult", "kg": "http://g.co/kg", "@vocab": "http://schema.org/", "goog": "http://schema.googleapis.com/", "detailedDescription": "goog:detailedDescription"}, "@type": "ItemList"}