{"itemListElement": [{"resultScore": 14.399649, "@type": "EntitySearchResult", "result": {"@type": ["Thing", "Person"], "detailedDescription": {"articleBody": "Marion Burnside Randall, who acted under the name Sue Randall, was an American actress best known for her role as the kindly Miss Alice Landers, Theodore \"Beaver\" Cleaver's elementary school teacher in the CBS and ABC sitcom Leave It to Beaver.", "url": "https://en.wikipedia.org/wiki/Sue_Randall", "license": "https://en.wikipedia.org/wiki/Wikipedia:Text_of_Creative_Commons_Attribution-ShareAlike_3.0_Unported_License"}, "description": "American actress", "name": "Sue Randall", "@id": "kg:/m/027vt0g", "image": {"contentUrl": "http://t2.gstatic.com/images?q=tbn:ANd9GcQf8XvClZ7STtP8o2D2Y2a_k8zyrdz0xa6vSFzS_cktVSrMc0FN", "url": "https://en.wikipedia.org/wiki/Sue_Randall"}}}], "@context": {"resultScore": "goog:resultScore", "EntitySearchResult": "goog:EntitySearchResult", "kg": "http://g.co/kg", "@vocab": "http://schema.org/", "goog": "http://schema.googleapis.com/", "detailedDescription": "goog:detailedDescription"}, "@type": "ItemList"}