{"itemListElement": [{"resultScore": 13.179777, "@type": "EntitySearchResult", "result": {"@type": ["Thing", "Person"], "detailedDescription": {"articleBody": "Jan Charouz is a Czech motor racing driver. He won the 2009 Le Mans Series season and 2006 F3000 International Masters season, as well as taking fourth place in the 2009 24 Hours of Le Mans. ", "url": "https://en.wikipedia.org/wiki/Jan_Charouz", "license": "https://en.wikipedia.org/wiki/Wikipedia:Text_of_Creative_Commons_Attribution-ShareAlike_3.0_Unported_License"}, "description": "Czech racing driver", "name": "Jan Charouz", "@id": "kg:/m/027vdwj", "image": {"contentUrl": "http://t3.gstatic.com/images?q=tbn:ANd9GcQ-HfrAhPJaSaCK8ltJaV9eTLSk4I4cQAfsKXTRyBxu6LYzn5ek", "url": "https://en.wikipedia.org/wiki/Jan_Charouz"}}}], "@context": {"resultScore": "goog:resultScore", "EntitySearchResult": "goog:EntitySearchResult", "kg": "http://g.co/kg", "@vocab": "http://schema.org/", "goog": "http://schema.googleapis.com/", "detailedDescription": "goog:detailedDescription"}, "@type": "ItemList"}