{"itemListElement": [{"resultScore": 12.033183, "@type": "EntitySearchResult", "result": {"name": "Isabelle Lendl", "@type": ["Person", "Thing"], "@id": "kg:/m/027w0wb", "detailedDescription": {"articleBody": "Isabelle Lendl is an American amateur golfer. She finished second in the 2006 American Junior Golf Association girls standings. She ranked first in the Top Fives and was named a first team Rolex Junior All-American. Her father is Ivan Lendl, a member of the International Tennis Hall of Fame. She speaks two languages - Czech and English.\nShe was the youngest player to qualify for the 2004 U.S. Women's Amateur at the age of 12. ", "url": "https://en.wikipedia.org/wiki/Isabelle_Lendl", "license": "https://en.wikipedia.org/wiki/Wikipedia:Text_of_Creative_Commons_Attribution-ShareAlike_3.0_Unported_License"}, "description": "American golfer"}}], "@context": {"resultScore": "goog:resultScore", "EntitySearchResult": "goog:EntitySearchResult", "kg": "http://g.co/kg", "@vocab": "http://schema.org/", "goog": "http://schema.googleapis.com/", "detailedDescription": "goog:detailedDescription"}, "@type": "ItemList"}