{"itemListElement": [{"resultScore": 11.069178, "@type": "EntitySearchResult", "result": {"name": "Lama Hasan", "@type": ["Thing", "Person"], "@id": "kg:/m/027w66m", "detailedDescription": {"articleBody": "Lama Hasan is a London-based British journalist for ABC News and BBC News.\nLama Hasan has been an on-air contributor for ABC News since May 2003. Her field work has appeared on Good Morning America,\nWorld News Tonight, Nightline, ABC News Now\nand on ABC affiliate stations.\n", "url": "https://en.wikipedia.org/wiki/Lama_Hasan", "license": "https://en.wikipedia.org/wiki/Wikipedia:Text_of_Creative_Commons_Attribution-ShareAlike_3.0_Unported_License"}, "description": "British journalist"}}], "@context": {"resultScore": "goog:resultScore", "EntitySearchResult": "goog:EntitySearchResult", "kg": "http://g.co/kg", "@vocab": "http://schema.org/", "goog": "http://schema.googleapis.com/", "detailedDescription": "goog:detailedDescription"}, "@type": "ItemList"}