{"itemListElement": [{"resultScore": 16.964104, "@type": "EntitySearchResult", "result": {"@type": ["Thing", "Person"], "detailedDescription": {"articleBody": "Elizabeth \"Betsy\" Russell is an American actress who is best known for her roles in Private School and Tomboy, and as Jill Tuck, one of the primary characters of the Saw film series from 2006\u20132010.", "url": "https://en.wikipedia.org/wiki/Betsy_Russell", "license": "https://en.wikipedia.org/wiki/Wikipedia:Text_of_Creative_Commons_Attribution-ShareAlike_3.0_Unported_License"}, "description": "American actress", "name": "Betsy Russell", "@id": "kg:/m/027xdvp", "url": "http://imbetsyrussell.com/", "image": {"contentUrl": "http://t1.gstatic.com/images?q=tbn:ANd9GcTHW32gFHOeahLRbjl4gFajqsi8Aqxvk_gVEdjXA5hAQaQzIicA", "url": "https://en.wikipedia.org/wiki/Betsy_Russell"}}}], "@context": {"resultScore": "goog:resultScore", "EntitySearchResult": "goog:EntitySearchResult", "kg": "http://g.co/kg", "@vocab": "http://schema.org/", "goog": "http://schema.googleapis.com/", "detailedDescription": "goog:detailedDescription"}, "@type": "ItemList"}