{"itemListElement": [{"resultScore": 13.338743, "@type": "EntitySearchResult", "result": {"name": "Helene Tursten", "@type": ["Person", "Thing"], "@id": "kg:/m/027x0d_", "detailedDescription": {"articleBody": "Helene Tursten is a Swedish writer of crime fiction. The main character in her stories is Detective Inspector Irene Huss. Before becoming an author, Tursten worked as a nurse and then a dentist, but was forced to leave due to illness. ", "url": "https://en.wikipedia.org/wiki/Helene_Tursten", "license": "https://en.wikipedia.org/wiki/Wikipedia:Text_of_Creative_Commons_Attribution-ShareAlike_3.0_Unported_License"}, "description": "Swedish writer"}}], "@context": {"resultScore": "goog:resultScore", "EntitySearchResult": "goog:EntitySearchResult", "kg": "http://g.co/kg", "@vocab": "http://schema.org/", "goog": "http://schema.googleapis.com/", "detailedDescription": "goog:detailedDescription"}, "@type": "ItemList"}