{"itemListElement": [{"resultScore": 12.217775, "@type": "EntitySearchResult", "result": {"name": "Stephen Rahman-Hughes", "@type": ["Person", "Thing"], "@id": "kg:/m/027xwp6", "detailedDescription": {"articleBody": "Stephen Rahman-Hughes is an English actor who starred as DCI Vikesh Dasari in ITV's Emmerdale. He has previously starred in Bad Girls, Doctors and Sky One Dream Team. Stephen is of English, Welsh and Malay ancestry. Eastenders in 2018-\n", "url": "https://en.wikipedia.org/wiki/Stephen_Rahman-Hughes", "license": "https://en.wikipedia.org/wiki/Wikipedia:Text_of_Creative_Commons_Attribution-ShareAlike_3.0_Unported_License"}, "description": "Actor"}}], "@context": {"resultScore": "goog:resultScore", "EntitySearchResult": "goog:EntitySearchResult", "kg": "http://g.co/kg", "@vocab": "http://schema.org/", "goog": "http://schema.googleapis.com/", "detailedDescription": "goog:detailedDescription"}, "@type": "ItemList"}