{"itemListElement": [{"resultScore": 18.155556, "@type": "EntitySearchResult", "result": {"@type": ["Person", "Thing"], "detailedDescription": {"articleBody": "Mirai Aileen Nagasu is an American figure skater. She is a three-time Four Continents medalist, the 2007 JGP Final champion, a two-time World Junior medalist, and a seven-time U.S. national medalist.\n", "url": "https://en.wikipedia.org/wiki/Mirai_Nagasu", "license": "https://en.wikipedia.org/wiki/Wikipedia:Text_of_Creative_Commons_Attribution-ShareAlike_3.0_Unported_License"}, "description": "American figure skater", "name": "Mirai Nagasu", "@id": "kg:/m/027zr4r", "url": "http://figureskatersonline.com/mirainagasu/home/", "image": {"contentUrl": "http://t2.gstatic.com/images?q=tbn:ANd9GcSo_PE7Ey2LMZDg-Dy0kQ5tFFP7Deru9guzO1c9ul7YZFHTaVfU", "url": "https://commons.wikimedia.org/wiki/File:Mirai_Nagasu_at_2009_Skate_Canada.jpg"}}}], "@context": {"resultScore": "goog:resultScore", "EntitySearchResult": "goog:EntitySearchResult", "kg": "http://g.co/kg", "@vocab": "http://schema.org/", "goog": "http://schema.googleapis.com/", "detailedDescription": "goog:detailedDescription"}, "@type": "ItemList"}