{"itemListElement": [{"resultScore": 12.399361, "@type": "EntitySearchResult", "result": {"name": "Eddy Bosnar", "@type": ["Person", "Thing"], "@id": "kg:/m/0280bqm", "detailedDescription": {"articleBody": "Eddy Bosnar is an Australian professional footballer centre back who last plays for National Premier Leagues side Sydney United. He has scored numerous goals for his clubs with his free kicks.", "url": "https://en.wikipedia.org/wiki/Eddy_Bosnar", "license": "https://en.wikipedia.org/wiki/Wikipedia:Text_of_Creative_Commons_Attribution-ShareAlike_3.0_Unported_License"}, "description": "Australian soccer player"}}], "@context": {"resultScore": "goog:resultScore", "EntitySearchResult": "goog:EntitySearchResult", "kg": "http://g.co/kg", "@vocab": "http://schema.org/", "goog": "http://schema.googleapis.com/", "detailedDescription": "goog:detailedDescription"}, "@type": "ItemList"}