{"itemListElement": [{"resultScore": 12.870424, "@type": "EntitySearchResult", "result": {"name": "Pappu Kalani", "@type": ["Thing", "Person"], "@id": "kg:/m/0282l1k", "detailedDescription": {"articleBody": "Pappu Kalani is an Indian criminal-politician from Ulhasnagar. After emerging as the leader of an organized crime\nsyndicate in the 1980s, he won elections for the Maharashtra Legislative Assembly in\n1986 with the Indian National Congress party. ", "url": "https://en.wikipedia.org/wiki/Pappu_Kalani", "license": "https://en.wikipedia.org/wiki/Wikipedia:Text_of_Creative_Commons_Attribution-ShareAlike_3.0_Unported_License"}, "description": "Indian Politician"}}], "@context": {"resultScore": "goog:resultScore", "EntitySearchResult": "goog:EntitySearchResult", "kg": "http://g.co/kg", "@vocab": "http://schema.org/", "goog": "http://schema.googleapis.com/", "detailedDescription": "goog:detailedDescription"}, "@type": "ItemList"}