{"itemListElement": [{"resultScore": 20.319481, "@type": "EntitySearchResult", "result": {"@type": ["Person", "Thing"], "detailedDescription": {"articleBody": "Magdalena \"Lena\" Neuner is a retired German professional biathlete. She is the most successful woman of all time at Biathlon World Championships and a two-time Olympic gold medalist. ", "url": "https://en.wikipedia.org/wiki/Magdalena_Neuner", "license": "https://en.wikipedia.org/wiki/Wikipedia:Text_of_Creative_Commons_Attribution-ShareAlike_3.0_Unported_License"}, "description": "German biathlete", "name": "Magdalena Neuner", "@id": "kg:/m/0283fm5", "url": "http://www.magdalena-neuner.de/", "image": {"contentUrl": "http://t0.gstatic.com/images?q=tbn:ANd9GcRHySXRU3xGawlRLQMKGA96KQR_V33nyMxcd_s8YITmsXZcl0G1", "url": "https://commons.wikimedia.org/wiki/File:Magdalena_Neuner_Panoramaweg_2013_(2).jpg"}}}], "@context": {"resultScore": "goog:resultScore", "EntitySearchResult": "goog:EntitySearchResult", "kg": "http://g.co/kg", "@vocab": "http://schema.org/", "goog": "http://schema.googleapis.com/", "detailedDescription": "goog:detailedDescription"}, "@type": "ItemList"}