{"itemListElement": [{"resultScore": 13.191904, "@type": "EntitySearchResult", "result": {"name": "Ray Corrigan", "@type": ["Person", "Thing"], "@id": "kg:/m/02849b0", "detailedDescription": {"articleBody": "Ray \"Crash\" Corrigan, born Raymond Benard, was an American actor most famous for appearing in many B-Western films. He also was a stuntman and frequently acted as silver screen gorillas using his own gorilla costumes.\n", "url": "https://en.wikipedia.org/wiki/Ray_%22Crash%22_Corrigan", "license": "https://en.wikipedia.org/wiki/Wikipedia:Text_of_Creative_Commons_Attribution-ShareAlike_3.0_Unported_License"}, "description": "American actor"}}], "@context": {"resultScore": "goog:resultScore", "EntitySearchResult": "goog:EntitySearchResult", "kg": "http://g.co/kg", "@vocab": "http://schema.org/", "goog": "http://schema.googleapis.com/", "detailedDescription": "goog:detailedDescription"}, "@type": "ItemList"}