{"itemListElement": [{"resultScore": 16.974144, "@type": "EntitySearchResult", "result": {"@type": ["Person", "Thing"], "detailedDescription": {"articleBody": "Cedella Marley is a Jamaican singer, dancer, fashion designer, actress, and entrepreneur. She is the first-born daughter of reggae singers Bob Marley and Rita Marley and the mother of Skip Marley.", "url": "https://en.wikipedia.org/wiki/Cedella_Marley", "license": "https://en.wikipedia.org/wiki/Wikipedia:Text_of_Creative_Commons_Attribution-ShareAlike_3.0_Unported_License"}, "description": "Jamaican singer", "name": "Cedella Marley", "@id": "kg:/m/02875rd", "url": "http://www.cedellamarleydesign.com/"}}], "@context": {"resultScore": "goog:resultScore", "EntitySearchResult": "goog:EntitySearchResult", "kg": "http://g.co/kg", "@vocab": "http://schema.org/", "goog": "http://schema.googleapis.com/", "detailedDescription": "goog:detailedDescription"}, "@type": "ItemList"}