{"itemListElement": [{"resultScore": 17.235001, "@type": "EntitySearchResult", "result": {"name": "Marlene Favela", "@type": ["Person", "Thing"], "@id": "kg:/m/0289l8v", "detailedDescription": {"articleBody": "Marlene Favela is a Mexican actress. In Mexican television, as of 2013 she was best known as Esmeralda in the TV show Zorro, La Espada y la Rosa.\nIn 2013, she appeared as an award presenter at the Billboard Mexican Music Awards.", "url": "https://en.wikipedia.org/wiki/Marlene_Favela", "license": "https://en.wikipedia.org/wiki/Wikipedia:Text_of_Creative_Commons_Attribution-ShareAlike_3.0_Unported_License"}, "description": "Mexican actress"}}], "@context": {"resultScore": "goog:resultScore", "EntitySearchResult": "goog:EntitySearchResult", "kg": "http://g.co/kg", "@vocab": "http://schema.org/", "goog": "http://schema.googleapis.com/", "detailedDescription": "goog:detailedDescription"}, "@type": "ItemList"}