{"itemListElement": [{"resultScore": 13.566412, "@type": "EntitySearchResult", "result": {"name": "Manon von Gerkan", "@type": ["Thing", "Person"], "@id": "kg:/m/02897bw", "detailedDescription": {"articleBody": "Manon von Gerkan is a German model and actress. who reached the height of her popularity during the 1990s. She is the daughter of German architect Meinhard von Gerkan and a former girlfriend of American illusionist and stunt performer David Blaine. ", "url": "https://en.wikipedia.org/wiki/Manon_von_Gerkan", "license": "https://en.wikipedia.org/wiki/Wikipedia:Text_of_Creative_Commons_Attribution-ShareAlike_3.0_Unported_License"}, "description": "German model"}}], "@context": {"resultScore": "goog:resultScore", "EntitySearchResult": "goog:EntitySearchResult", "kg": "http://g.co/kg", "@vocab": "http://schema.org/", "goog": "http://schema.googleapis.com/", "detailedDescription": "goog:detailedDescription"}, "@type": "ItemList"}