{"itemListElement": [{"resultScore": 15.215942, "@type": "EntitySearchResult", "result": {"@type": ["Thing", "Person"], "detailedDescription": {"articleBody": "Sean Brian Gilder is an English stage, film and screen actor, he is also a playwright.\nGilder was born in Brampton, Cumbria, England. He is best known for his portrayal of Paddy Maguire on Shameless from 2005 to 2010, and as Styles on Hornblower. He has appeared in Doctor Who as well as New Tricks, Gangs of New York, and the 2004 film, King Arthur. In Mike Bassett: England Manager he was one of the journalists. ", "url": "https://en.wikipedia.org/wiki/Sean_Gilder", "license": "https://en.wikipedia.org/wiki/Wikipedia:Text_of_Creative_Commons_Attribution-ShareAlike_3.0_Unported_License"}, "description": "English film actor", "name": "Sean Gilder", "@id": "kg:/m/028b97p", "url": "http://www.seangilder.com/"}}], "@context": {"resultScore": "goog:resultScore", "EntitySearchResult": "goog:EntitySearchResult", "kg": "http://g.co/kg", "@vocab": "http://schema.org/", "goog": "http://schema.googleapis.com/", "detailedDescription": "goog:detailedDescription"}, "@type": "ItemList"}