{"itemListElement": [{"resultScore": 20.092369, "@type": "EntitySearchResult", "result": {"@type": ["Thing", "Person"], "detailedDescription": {"articleBody": "Sirima Ratwatte Dias Bandaranaike, commonly known as Sirimavo Bandaranaike, was a Sri Lankan stateswoman. She became the world's first non-hereditary female head of state or government in modern history, when she was elected Prime Minister of Sri Lanka in 1960. ", "url": "https://en.wikipedia.org/wiki/Sirimavo_Bandaranaike", "license": "https://en.wikipedia.org/wiki/Wikipedia:Text_of_Creative_Commons_Attribution-ShareAlike_3.0_Unported_License"}, "description": "Sri Lankan stateswoman", "name": "Sirimavo Bandaranaike", "@id": "kg:/m/028bbf", "image": {"contentUrl": "http://t1.gstatic.com/images?q=tbn:ANd9GcT5-d5hu6w8Qoip1C4civ9chyu2bkTaMiGssiP8yxgMlTgJb6sw", "url": "https://commons.wikimedia.org/wiki/File:Tissa_with_Mrs._Sirimavo_Bandaranaike_in_Russia_with_Alexei_Kosygin_Premier_of_the_Soviet_Union_fro.jpg"}}}], "@context": {"resultScore": "goog:resultScore", "EntitySearchResult": "goog:EntitySearchResult", "kg": "http://g.co/kg", "@vocab": "http://schema.org/", "goog": "http://schema.googleapis.com/", "detailedDescription": "goog:detailedDescription"}, "@type": "ItemList"}