{"itemListElement": [{"resultScore": 14.786057, "@type": "EntitySearchResult", "result": {"name": "Tina Malone", "@type": ["Person", "Thing"], "@id": "kg:/m/028b96n", "detailedDescription": {"articleBody": "Christina \"Tina\" Malone is an English actress, writer, director, and producer, best known for playing Mimi Maguire in the Channel 4 series Shameless. She also played Mo McGee in Brookside. She made a reality appearance in Celebrity Big Brother 6 in January 2009.", "url": "https://en.wikipedia.org/wiki/Tina_Malone", "license": "https://en.wikipedia.org/wiki/Wikipedia:Text_of_Creative_Commons_Attribution-ShareAlike_3.0_Unported_License"}, "description": "Actress"}}], "@context": {"resultScore": "goog:resultScore", "EntitySearchResult": "goog:EntitySearchResult", "kg": "http://g.co/kg", "@vocab": "http://schema.org/", "goog": "http://schema.googleapis.com/", "detailedDescription": "goog:detailedDescription"}, "@type": "ItemList"}