{"itemListElement": [{"resultScore": 16.671579, "@type": "EntitySearchResult", "result": {"@type": ["Person", "Thing"], "detailedDescription": {"articleBody": "Mar\u00eda Antonieta G\u00f3mez-Rodr\u00edguez, more commonly known by her stage name Mar\u00eda Antonieta de las Nieves, is a Mexican actress, comedian, and singer. ", "url": "https://en.wikipedia.org/wiki/Mar%C3%ADa_Antonieta_de_las_Nieves", "license": "https://en.wikipedia.org/wiki/Wikipedia:Text_of_Creative_Commons_Attribution-ShareAlike_3.0_Unported_License"}, "description": "Mexican actress", "name": "Mar\u00eda Antonieta de las Nieves", "@id": "kg:/m/028gkz", "url": "http://www.lachilindrina.com/indexch.php", "image": {"contentUrl": "http://t1.gstatic.com/images?q=tbn:ANd9GcT0kPK7tDL3RDrWVX93voxxiQnqchaoknHm5ywUbIkr1_86LnpV", "url": "https://en.wikipedia.org/wiki/Mar%C3%ADa_Antonieta_de_las_Nieves"}}}], "@context": {"resultScore": "goog:resultScore", "EntitySearchResult": "goog:EntitySearchResult", "kg": "http://g.co/kg", "@vocab": "http://schema.org/", "goog": "http://schema.googleapis.com/", "detailedDescription": "goog:detailedDescription"}, "@type": "ItemList"}