{"itemListElement": [{"resultScore": 18.278509, "@type": "EntitySearchResult", "result": {"@type": ["Person", "Thing"], "detailedDescription": {"articleBody": "Mulayam Singh Yadav is an Indian politician from Uttar Pradesh and the founder of the Samajwadi Party. He served for three non-consecutive terms as the Chief Minister of Uttar Pradesh from 1989 to 1991, 1993 to 1995, and 2003 to 2007 respectively and also served as the Minister of Defence of India from 1996 to 1998 in the United Front government. ", "url": "https://en.wikipedia.org/wiki/Mulayam_Singh_Yadav", "license": "https://en.wikipedia.org/wiki/Wikipedia:Text_of_Creative_Commons_Attribution-ShareAlike_3.0_Unported_License"}, "description": "Member of Parliament, Lok Sabha", "name": "Mulayam Singh Yadav", "@id": "kg:/m/028hgg", "url": "http://india.gov.in/my-government/indian-parliament/mulayam-singh-yadav"}}], "@context": {"resultScore": "goog:resultScore", "EntitySearchResult": "goog:EntitySearchResult", "kg": "http://g.co/kg", "@vocab": "http://schema.org/", "goog": "http://schema.googleapis.com/", "detailedDescription": "goog:detailedDescription"}, "@type": "ItemList"}