{"itemListElement": [{"resultScore": 16.162901, "@type": "EntitySearchResult", "result": {"@type": ["Person", "Thing"], "detailedDescription": {"articleBody": "Takeshi Kaga, real name Shigekatsu Katsuta, is a well-known stage and movie actor in Japan who is probably best known internationally for his portrayal of Chairman Kaga in the Japanese television show Iron Chef produced by Fuji TV.", "url": "https://en.wikipedia.org/wiki/Takeshi_Kaga", "license": "https://en.wikipedia.org/wiki/Wikipedia:Text_of_Creative_Commons_Attribution-ShareAlike_3.0_Unported_License"}, "description": "Movie actor", "name": "Takeshi Kaga", "@id": "kg:/m/028phv", "url": "http://www.office-k3.com/kaga/"}}], "@context": {"resultScore": "goog:resultScore", "EntitySearchResult": "goog:EntitySearchResult", "kg": "http://g.co/kg", "@vocab": "http://schema.org/", "goog": "http://schema.googleapis.com/", "detailedDescription": "goog:detailedDescription"}, "@type": "ItemList"}