{"itemListElement": [{"resultScore": 17.884722, "@type": "EntitySearchResult", "result": {"@type": ["Person", "Thing"], "detailedDescription": {"articleBody": "Arturo Benedetti Michelangeli was an Italian classical pianist. He is considered one of the greatest pianists of the twentieth century.", "url": "https://en.wikipedia.org/wiki/Arturo_Benedetti_Michelangeli", "license": "https://en.wikipedia.org/wiki/Wikipedia:Text_of_Creative_Commons_Attribution-ShareAlike_3.0_Unported_License"}, "description": "Italian classical pianist", "name": "Arturo Benedetti Michelangeli", "@id": "kg:/m/028p8h", "url": "http://www.arturobenedettimichelangeli.com/"}}], "@context": {"resultScore": "goog:resultScore", "EntitySearchResult": "goog:EntitySearchResult", "kg": "http://g.co/kg", "@vocab": "http://schema.org/", "goog": "http://schema.googleapis.com/", "detailedDescription": "goog:detailedDescription"}, "@type": "ItemList"}