{"itemListElement": [{"resultScore": 18.626156, "@type": "EntitySearchResult", "result": {"@type": ["Person", "Thing"], "detailedDescription": {"articleBody": "Julian Alexander Bream, CBE, is an English virtuoso classical guitarist and lutenist. One of the most distinguished classical guitarists of the 20th century, he played a significant role in improving the public perception of the classical guitar as a respectable instrument.", "url": "https://en.wikipedia.org/wiki/Julian_Bream", "license": "https://en.wikipedia.org/wiki/Wikipedia:Text_of_Creative_Commons_Attribution-ShareAlike_3.0_Unported_License"}, "description": "Guitarist", "name": "Julian Bream", "@id": "kg:/m/029v19", "image": {"contentUrl": "http://t1.gstatic.com/images?q=tbn:ANd9GcRx6kjG2erYcx2WQsoxklo_9S6WQbvIUT59Z5xmgzx-7GOm7Qw6", "url": "https://commons.wikimedia.org/wiki/File:Fabricio_Mattos_%26_Julian_Bream.JPG"}}}], "@context": {"resultScore": "goog:resultScore", "EntitySearchResult": "goog:EntitySearchResult", "kg": "http://g.co/kg", "@vocab": "http://schema.org/", "goog": "http://schema.googleapis.com/", "detailedDescription": "goog:detailedDescription"}, "@type": "ItemList"}