{"itemListElement": [{"resultScore": 23.321774, "@type": "EntitySearchResult", "result": {"@type": ["Thing", "Person"], "detailedDescription": {"articleBody": "Teresa Teng was a Taiwanese singer, one of the most famous and successful singers to originate from the Mandarin-speaking world. She is known to the Chinese community worldwide, even in groups who may not speak Mandarin as their primary Chinese dialect. ", "url": "https://en.wikipedia.org/wiki/Teresa_Teng", "license": "https://en.wikipedia.org/wiki/Wikipedia:Text_of_Creative_Commons_Attribution-ShareAlike_3.0_Unported_License"}, "description": "Singer", "name": "Teresa Teng", "@id": "kg:/m/029xr6", "url": "http://www.universal-music.co.jp/teresa-teng/", "image": {"contentUrl": "http://t0.gstatic.com/images?q=tbn:ANd9GcRPYtCm13yaR362coi7epO2OevI5nJmb-Dj0d4s4PaYihGdrFHh", "url": "https://commons.wikimedia.org/wiki/File:The_Home_of_Teresa_Teng_china.jpg"}}}], "@context": {"resultScore": "goog:resultScore", "EntitySearchResult": "goog:EntitySearchResult", "kg": "http://g.co/kg", "@vocab": "http://schema.org/", "goog": "http://schema.googleapis.com/", "detailedDescription": "goog:detailedDescription"}, "@type": "ItemList"}