{"itemListElement": [{"resultScore": 17.876474, "@type": "EntitySearchResult", "result": {"@type": ["Person", "Thing"], "detailedDescription": {"articleBody": "Charlene L. Tilton is an American actress and singer. She is best known for playing Lucy Ewing, the saucy niece of John \"J.R.\" Ewing Jr., on the television series Dallas.", "url": "https://en.wikipedia.org/wiki/Charlene_Tilton", "license": "https://en.wikipedia.org/wiki/Wikipedia:Text_of_Creative_Commons_Attribution-ShareAlike_3.0_Unported_License"}, "description": "American actress", "name": "Charlene Tilton", "@id": "kg:/m/02_1md", "image": {"contentUrl": "http://t1.gstatic.com/images?q=tbn:ANd9GcShiHlARK3PZebrobwDXPLaOvmG13gOXGeeS1NZET-zg1mXKjMJ", "url": "https://en.wikipedia.org/wiki/Charlene_Tilton"}}}], "@context": {"resultScore": "goog:resultScore", "EntitySearchResult": "goog:EntitySearchResult", "kg": "http://g.co/kg", "@vocab": "http://schema.org/", "goog": "http://schema.googleapis.com/", "detailedDescription": "goog:detailedDescription"}, "@type": "ItemList"}