{"itemListElement": [{"resultScore": 13.595806, "@type": "EntitySearchResult", "result": {"@type": ["Thing", "Person"], "detailedDescription": {"articleBody": "Alexander Porter Butterfield is an American retired military officer, public servant, and businessman. He served as the deputy assistant to President Richard Nixon from 1969 to 1973. ", "url": "https://en.wikipedia.org/wiki/Alexander_Butterfield", "license": "https://en.wikipedia.org/wiki/Wikipedia:Text_of_Creative_Commons_Attribution-ShareAlike_3.0_Unported_License"}, "description": "American military officer", "name": "Alexander Butterfield", "@id": "kg:/m/02_2fs", "image": {"contentUrl": "http://t2.gstatic.com/images?q=tbn:ANd9GcRDuAvsAUtV7DvYaCpj4oFmUptUx4h2GG0lCjWZEVSDv-LFEYCo", "url": "https://en.wikipedia.org/wiki/Alexander_Butterfield"}}}], "@context": {"resultScore": "goog:resultScore", "EntitySearchResult": "goog:EntitySearchResult", "kg": "http://g.co/kg", "@vocab": "http://schema.org/", "goog": "http://schema.googleapis.com/", "detailedDescription": "goog:detailedDescription"}, "@type": "ItemList"}