{"itemListElement": [{"resultScore": 15.335473, "@type": "EntitySearchResult", "result": {"@type": ["Person", "Thing"], "detailedDescription": {"articleBody": "Giacinto Scelsi was an Italian composer who also wrote surrealist poetry in French.\nHe is best known for writing music based around only one pitch, altered in all manners through microtonal oscillations, harmonic allusions, and changes in timbre and dynamics, as paradigmatically exemplified in his revolutionary Quattro pezzi su una nota sola. ", "url": "https://en.wikipedia.org/wiki/Giacinto_Scelsi", "license": "https://en.wikipedia.org/wiki/Wikipedia:Text_of_Creative_Commons_Attribution-ShareAlike_3.0_Unported_License"}, "description": "Italian composer", "name": "Giacinto Scelsi", "@id": "kg:/m/02_kzz", "image": {"contentUrl": "http://t2.gstatic.com/images?q=tbn:ANd9GcTNyF8x2u2VtgfaXzZnABWQrzRYg_fvdP5m8tftIASb2xE9W2Ie", "url": "https://commons.wikimedia.org/wiki/File:Scelsi-autografo.jpg"}}}], "@context": {"resultScore": "goog:resultScore", "EntitySearchResult": "goog:EntitySearchResult", "kg": "http://g.co/kg", "@vocab": "http://schema.org/", "goog": "http://schema.googleapis.com/", "detailedDescription": "goog:detailedDescription"}, "@type": "ItemList"}