{"itemListElement": [{"resultScore": 18.270283, "@type": "EntitySearchResult", "result": {"@type": ["Person", "Thing"], "detailedDescription": {"articleBody": "Christina Ann McNichol is an American actress and singer.\nShe is known for such roles as Angel in the film Little Darlings, Polly in the film Only When I Laugh, and Barbara Weston in the TV sitcom Empty Nest. ", "url": "https://en.wikipedia.org/wiki/Kristy_McNichol", "license": "https://en.wikipedia.org/wiki/Wikipedia:Text_of_Creative_Commons_Attribution-ShareAlike_3.0_Unported_License"}, "description": "American actress", "name": "Kristy McNichol", "@id": "kg:/m/02_wgp", "image": {"contentUrl": "http://t2.gstatic.com/images?q=tbn:ANd9GcSBEXO87u7CXQYSAHIFSyQCTcQPwm1T3eLIJ__LJwbTan8yeIrh", "url": "https://commons.wikimedia.org/wiki/File:Family_Kristy_McNichol_1976_No_3.jpg"}}}], "@context": {"resultScore": "goog:resultScore", "EntitySearchResult": "goog:EntitySearchResult", "kg": "http://g.co/kg", "@vocab": "http://schema.org/", "goog": "http://schema.googleapis.com/", "detailedDescription": "goog:detailedDescription"}, "@type": "ItemList"}