{"itemListElement": [{"resultScore": 16.661005, "@type": "EntitySearchResult", "result": {"@type": ["Thing", "Person"], "detailedDescription": {"articleBody": "Katherine Edwina \"Kay\" Francis was an American stage and film actress. After a brief period on Broadway in the late 1920s, she moved to film and achieved her greatest success between 1930 and 1936, when she was the number one female star at the Warner Brothers studio and the highest-paid American film actress. ", "url": "https://en.wikipedia.org/wiki/Kay_Francis", "license": "https://en.wikipedia.org/wiki/Wikipedia:Text_of_Creative_Commons_Attribution-ShareAlike_3.0_Unported_License"}, "description": "American film actress", "name": "Kay Francis", "@id": "kg:/m/02_wnq", "image": {"contentUrl": "http://t1.gstatic.com/images?q=tbn:ANd9GcTt7jdtjisas6VvRDGhiqd_W_5pr_r6VAZieTo3q40Qikp73rq7", "url": "https://en.wikipedia.org/wiki/Kay_Francis"}}}], "@context": {"resultScore": "goog:resultScore", "EntitySearchResult": "goog:EntitySearchResult", "kg": "http://g.co/kg", "@vocab": "http://schema.org/", "goog": "http://schema.googleapis.com/", "detailedDescription": "goog:detailedDescription"}, "@type": "ItemList"}