{"itemListElement": [{"resultScore": 20.148056, "@type": "EntitySearchResult", "result": {"@type": ["Person", "Thing"], "detailedDescription": {"articleBody": "Kathy Ann Najimy is an American actress and activist. She is best known for her roles in the films Sister Act, Hocus Pocus, and Rat Race, as well as her portrayal of Olive Massery on the NBC sitcom Veronica's Closet and for voicing Peggy Hill on the animated television series King of the Hill. ", "url": "https://en.wikipedia.org/wiki/Kathy_Najimy", "license": "https://en.wikipedia.org/wiki/Wikipedia:Text_of_Creative_Commons_Attribution-ShareAlike_3.0_Unported_License"}, "description": "American actress", "name": "Kathy Najimy", "@id": "kg:/m/02b6xq", "url": "http://www.kathynajimy.com/", "image": {"contentUrl": "http://t1.gstatic.com/images?q=tbn:ANd9GcTLWpiAqHVZwRyl2vz_UiQUSijug1DfP3iF876hnE2KZSOPDud_", "url": "https://commons.wikimedia.org/wiki/File:Kathy_Najimy.jpg"}}}], "@context": {"resultScore": "goog:resultScore", "EntitySearchResult": "goog:EntitySearchResult", "kg": "http://g.co/kg", "@vocab": "http://schema.org/", "goog": "http://schema.googleapis.com/", "detailedDescription": "goog:detailedDescription"}, "@type": "ItemList"}