{"itemListElement": [{"resultScore": 17.666819, "@type": "EntitySearchResult", "result": {"@type": ["Person", "Thing"], "detailedDescription": {"articleBody": "Nicholas Gregory Mankiw is an American macroeconomist, who is currently the Robert M. Beren Professor of Economics at Harvard University. Mankiw is best known in academia for his work on New Keynesian economics.\nMankiw has written widely on economics and economic policy. ", "url": "https://en.wikipedia.org/wiki/Greg_Mankiw", "license": "https://en.wikipedia.org/wiki/Wikipedia:Text_of_Creative_Commons_Attribution-ShareAlike_3.0_Unported_License"}, "description": "American professor", "name": "N. Gregory Mankiw", "@id": "kg:/m/02bfgs", "image": {"contentUrl": "http://t0.gstatic.com/images?q=tbn:ANd9GcQ3oDdLqkH9_huTQjuEjLJgUCybLA4LNjNOGZKq_4c2D-_CyoaB", "url": "https://en.wikipedia.org/wiki/Greg_Mankiw"}}}], "@context": {"resultScore": "goog:resultScore", "EntitySearchResult": "goog:EntitySearchResult", "kg": "http://g.co/kg", "@vocab": "http://schema.org/", "goog": "http://schema.googleapis.com/", "detailedDescription": "goog:detailedDescription"}, "@type": "ItemList"}