{"itemListElement": [{"resultScore": 17.918566, "@type": "EntitySearchResult", "result": {"@type": ["Person", "Thing"], "detailedDescription": {"articleBody": "Orson Bean is an American film, television, and stage actor, as well as a stand-up comedian, writer, and producer. He appeared frequently on televised game shows from the 1960s through the 1980s and was a long-time panelist on the television game show To Tell the Truth.", "url": "https://en.wikipedia.org/wiki/Orson_Bean", "license": "https://en.wikipedia.org/wiki/Wikipedia:Text_of_Creative_Commons_Attribution-ShareAlike_3.0_Unported_License"}, "description": "American film actor", "name": "Orson Bean", "@id": "kg:/m/02bg15", "image": {"contentUrl": "http://t3.gstatic.com/images?q=tbn:ANd9GcTy3g-g9-7iOHsO3kPhkpQ_ljS2B_ZEBgnsMcfBwSnB3m3jSbRw", "url": "https://en.wikipedia.org/wiki/Orson_Bean"}}}], "@context": {"resultScore": "goog:resultScore", "EntitySearchResult": "goog:EntitySearchResult", "kg": "http://g.co/kg", "@vocab": "http://schema.org/", "goog": "http://schema.googleapis.com/", "detailedDescription": "goog:detailedDescription"}, "@type": "ItemList"}