{"itemListElement": [{"resultScore": 19.932951, "@type": "EntitySearchResult", "result": {"@type": ["Thing", "Person"], "detailedDescription": {"articleBody": "Piper Lisa Perabo is an American film and television actress. She is best known for playing CIA Agent Annie Walker in the spy drama series Covert Affairs, which ran on the USA Network for five seasons between 2010 and 2014, receiving a Golden Globe nomination. ", "url": "https://en.wikipedia.org/wiki/Piper_Perabo", "license": "https://en.wikipedia.org/wiki/Wikipedia:Text_of_Creative_Commons_Attribution-ShareAlike_3.0_Unported_License"}, "description": "American film actress", "name": "Piper Perabo", "@id": "kg:/m/02bqxt", "image": {"contentUrl": "http://t1.gstatic.com/images?q=tbn:ANd9GcTsJnKzES7xW8SdKj52K6Y7JbwnPuwzciLKm2JNAf-UNmK-fvG6", "url": "https://commons.wikimedia.org/wiki/File:Piper_Perabo_Comic-Con_2,_2011.jpg"}}}], "@context": {"resultScore": "goog:resultScore", "EntitySearchResult": "goog:EntitySearchResult", "kg": "http://g.co/kg", "@vocab": "http://schema.org/", "goog": "http://schema.googleapis.com/", "detailedDescription": "goog:detailedDescription"}, "@type": "ItemList"}