{"itemListElement": [{"resultScore": 18.674479, "@type": "EntitySearchResult", "result": {"@type": ["Person", "Thing"], "detailedDescription": {"articleBody": "Estella Dawn Warren is a Canadian actress, fashion model, and former synchronized swimmer. During her swimming career she was a member of the Canadian national team and won three national titles. ", "url": "https://en.wikipedia.org/wiki/Estella_Warren", "license": "https://en.wikipedia.org/wiki/Wikipedia:Text_of_Creative_Commons_Attribution-ShareAlike_3.0_Unported_License"}, "description": "Canadian actress", "name": "Estella Warren", "@id": "kg:/m/02c_q_", "image": {"contentUrl": "http://t1.gstatic.com/images?q=tbn:ANd9GcQ4fItV2gQnuoNSAP-nfR-ILAkXkUXxG3NwS9kqgwWeyUY2cnMp", "url": "https://commons.wikimedia.org/wiki/File:Estella_Warren.jpg"}}}], "@context": {"resultScore": "goog:resultScore", "EntitySearchResult": "goog:EntitySearchResult", "kg": "http://g.co/kg", "@vocab": "http://schema.org/", "goog": "http://schema.googleapis.com/", "detailedDescription": "goog:detailedDescription"}, "@type": "ItemList"}