{"itemListElement": [{"resultScore": 12.253829, "@type": "EntitySearchResult", "result": {"name": "Susan Howatch", "@type": ["Thing", "Person"], "@id": "kg:/m/02cmrd", "detailedDescription": {"articleBody": "Susan Howatch is a British author. Her writing career has been distinguished by family saga-type novels which describe the lives of related characters for long periods of time. ", "url": "https://en.wikipedia.org/wiki/Susan_Howatch", "license": "https://en.wikipedia.org/wiki/Wikipedia:Text_of_Creative_Commons_Attribution-ShareAlike_3.0_Unported_License"}, "description": "British author"}}], "@context": {"resultScore": "goog:resultScore", "EntitySearchResult": "goog:EntitySearchResult", "kg": "http://g.co/kg", "@vocab": "http://schema.org/", "goog": "http://schema.googleapis.com/", "detailedDescription": "goog:detailedDescription"}, "@type": "ItemList"}