{"itemListElement": [{"resultScore": 19.532513, "@type": "EntitySearchResult", "result": {"@type": ["Thing", "Person"], "detailedDescription": {"articleBody": "Sir Jonathan Paul Ive, KBE, HonFREng, RDI is a British industrial designer who is currently the chief design officer of Apple and Chancellor of the Royal College of Art in London. He joined Apple in 1992. ", "url": "https://en.wikipedia.org/wiki/Jony_Ive", "license": "https://en.wikipedia.org/wiki/Wikipedia:Text_of_Creative_Commons_Attribution-ShareAlike_3.0_Unported_License"}, "description": "Industrial design", "name": "Jony Ive", "@id": "kg:/m/02cw6w", "image": {"contentUrl": "http://t1.gstatic.com/images?q=tbn:ANd9GcQy18Q1Mss33BYZN59CVrPbs0ct4kY5lpd4ZS0FVpSwvNnP8HUb", "url": "https://commons.wikimedia.org/wiki/File:Jonathan_Ive_(OTRS).jpg"}}}], "@context": {"resultScore": "goog:resultScore", "EntitySearchResult": "goog:EntitySearchResult", "kg": "http://g.co/kg", "@vocab": "http://schema.org/", "goog": "http://schema.googleapis.com/", "detailedDescription": "goog:detailedDescription"}, "@type": "ItemList"}