{"itemListElement": [{"resultScore": 22.49851, "@type": "EntitySearchResult", "result": {"@type": ["Person", "Thing"], "detailedDescription": {"articleBody": "Alison Maria Krauss is an American bluegrass-country singer and musician. She entered the music industry at an early age, winning local contests by the age of 10 and recording for the first time at 14. ", "url": "https://en.wikipedia.org/wiki/Alison_Krauss", "license": "https://en.wikipedia.org/wiki/Wikipedia:Text_of_Creative_Commons_Attribution-ShareAlike_3.0_Unported_License"}, "description": "American singer", "name": "Alison Krauss", "@id": "kg:/m/02cx90", "url": "http://alisonkrauss.com/", "image": {"contentUrl": "http://t2.gstatic.com/images?q=tbn:ANd9GcRHEcjJIAsKlOHXB_p3lBfmoqT7MaVBxDQrAhBu2jI3QU1ybt3o", "url": "https://commons.wikimedia.org/wiki/File:Alison_Krauss_TFF.JPG"}}}], "@context": {"resultScore": "goog:resultScore", "EntitySearchResult": "goog:EntitySearchResult", "kg": "http://g.co/kg", "@vocab": "http://schema.org/", "goog": "http://schema.googleapis.com/", "detailedDescription": "goog:detailedDescription"}, "@type": "ItemList"}