{"itemListElement": [{"resultScore": 18.819788, "@type": "EntitySearchResult", "result": {"@type": ["Person", "Thing"], "detailedDescription": {"articleBody": "Sue Taylor Grafton was an American author of detective novels. She is best known as the author of the \"alphabet series\" featuring private investigator Kinsey Millhone in the fictional city of Santa Teresa, California. The daughter of detective novelist C. W. ", "url": "https://en.wikipedia.org/wiki/Sue_Grafton", "license": "https://en.wikipedia.org/wiki/Wikipedia:Text_of_Creative_Commons_Attribution-ShareAlike_3.0_Unported_License"}, "description": "American author", "name": "Sue Grafton", "@id": "kg:/m/02dc3_", "url": "http://www.suegrafton.com/", "image": {"contentUrl": "http://t2.gstatic.com/images?q=tbn:ANd9GcSk_Z70kzSBJTk-KsjtC56yahYUiaEThXZLKd3AYXwAWpywpIUH", "url": "https://en.wikipedia.org/wiki/Sue_Grafton"}}}], "@context": {"resultScore": "goog:resultScore", "EntitySearchResult": "goog:EntitySearchResult", "kg": "http://g.co/kg", "@vocab": "http://schema.org/", "goog": "http://schema.googleapis.com/", "detailedDescription": "goog:detailedDescription"}, "@type": "ItemList"}