{"itemListElement": [{"resultScore": 13.144149, "@type": "EntitySearchResult", "result": {"name": "Yinka Dare", "@type": ["Person", "Thing"], "@id": "kg:/m/02ddtc", "detailedDescription": {"articleBody": "Yinka Dare was a Nigerian professional basketball player. A 7'1\u00bd\", 265-pound center, he played four seasons in the National Basketball Association.", "url": "https://en.wikipedia.org/wiki/Yinka_Dare", "license": "https://en.wikipedia.org/wiki/Wikipedia:Text_of_Creative_Commons_Attribution-ShareAlike_3.0_Unported_License"}, "description": "Nigerian basketball player"}}], "@context": {"resultScore": "goog:resultScore", "EntitySearchResult": "goog:EntitySearchResult", "kg": "http://g.co/kg", "@vocab": "http://schema.org/", "goog": "http://schema.googleapis.com/", "detailedDescription": "goog:detailedDescription"}, "@type": "ItemList"}