{"itemListElement": [{"resultScore": 18.72542, "@type": "EntitySearchResult", "result": {"@type": ["Person", "Thing"], "detailedDescription": {"articleBody": "Yasmine Amanda Bleeth is an American former actress. Her television roles include Caroline Holden in the long-running series Baywatch, and LeeAnn Demerest on the soap opera One Life to Live.", "url": "https://en.wikipedia.org/wiki/Yasmine_Bleeth", "license": "https://en.wikipedia.org/wiki/Wikipedia:Text_of_Creative_Commons_Attribution-ShareAlike_3.0_Unported_License"}, "description": "American actress", "name": "Yasmine Bleeth", "@id": "kg:/m/02dpkj", "image": {"contentUrl": "http://t2.gstatic.com/images?q=tbn:ANd9GcRqKDzsotim1MYeALRofIyWAVd8VMOn7bprDqRWYX1joob1DrTE", "url": "https://commons.wikimedia.org/wiki/File:Yasmine_Bleeth_%26_Joy_Cantilo.jpg"}}}], "@context": {"resultScore": "goog:resultScore", "EntitySearchResult": "goog:EntitySearchResult", "kg": "http://g.co/kg", "@vocab": "http://schema.org/", "goog": "http://schema.googleapis.com/", "detailedDescription": "goog:detailedDescription"}, "@type": "ItemList"}