{"itemListElement": [{"resultScore": 12.160696, "@type": "EntitySearchResult", "result": {"@type": ["Person", "Thing"], "detailedDescription": {"articleBody": "Steven Cojocaru, is a Canadian television fashion critic. He was born in Montreal, Quebec to Romanian parents. Cojocaru started out as a magazine columnist and eventually began working on American television shows as a correspondent and interviewer on Entertainment Tonight, The Today Show, The Insider and Access Hollywood.\n", "url": "https://en.wikipedia.org/wiki/Steven_Cojocaru", "license": "https://en.wikipedia.org/wiki/Wikipedia:Text_of_Creative_Commons_Attribution-ShareAlike_3.0_Unported_License"}, "description": "Canadian columnist", "name": "Steven Cojocaru", "@id": "kg:/m/02drm3", "image": {"contentUrl": "http://t1.gstatic.com/images?q=tbn:ANd9GcThR_yOxLpARfjgCW5Hhjnp6lRsoX6HzGLhVHTjjv6fGSAyCqhB", "url": "https://en.wikipedia.org/wiki/Steven_Cojocaru"}}}], "@context": {"resultScore": "goog:resultScore", "EntitySearchResult": "goog:EntitySearchResult", "kg": "http://g.co/kg", "@vocab": "http://schema.org/", "goog": "http://schema.googleapis.com/", "detailedDescription": "goog:detailedDescription"}, "@type": "ItemList"}