{"itemListElement": [{"resultScore": 16.274151, "@type": "EntitySearchResult", "result": {"@type": ["Person", "Thing"], "detailedDescription": {"articleBody": "Kinuyo Tanaka was a Japanese actress and director. She had a career lasting over 50 years with more than 250 credited films, and was best known for her roles in collaboration with director Kenji Mizoguchi over 15 films between 1940 and 1954. ", "url": "https://en.wikipedia.org/wiki/Kinuyo_Tanaka", "license": "https://en.wikipedia.org/wiki/Wikipedia:Text_of_Creative_Commons_Attribution-ShareAlike_3.0_Unported_License"}, "description": "Japanese actress", "name": "Kinuyo Tanaka", "@id": "kg:/m/02dw38", "image": {"contentUrl": "http://t3.gstatic.com/images?q=tbn:ANd9GcQnYVUSdCfC8sNSxn706QTfUDSWE4_JOM2zfpc6vJi9StFi7t11", "url": "https://en.m.wikipedia.org/wiki/Kinuyo_Tanaka"}}}], "@context": {"resultScore": "goog:resultScore", "EntitySearchResult": "goog:EntitySearchResult", "kg": "http://g.co/kg", "@vocab": "http://schema.org/", "goog": "http://schema.googleapis.com/", "detailedDescription": "goog:detailedDescription"}, "@type": "ItemList"}