{"itemListElement": [{"resultScore": 12.431291, "@type": "EntitySearchResult", "result": {"name": "Al Neuharth", "@type": ["Thing", "Person"], "@id": "kg:/m/02fz5b", "detailedDescription": {"articleBody": "Allen Harold \"Al\" Neuharth was an American businessman, author, and columnist born in Eureka, South Dakota. He was the founder of USA Today, The Freedom Forum, and its Newseum.", "url": "https://en.wikipedia.org/wiki/Al_Neuharth", "license": "https://en.wikipedia.org/wiki/Wikipedia:Text_of_Creative_Commons_Attribution-ShareAlike_3.0_Unported_License"}, "description": "American businessman"}}], "@context": {"resultScore": "goog:resultScore", "EntitySearchResult": "goog:EntitySearchResult", "kg": "http://g.co/kg", "@vocab": "http://schema.org/", "goog": "http://schema.googleapis.com/", "detailedDescription": "goog:detailedDescription"}, "@type": "ItemList"}