{"itemListElement": [{"resultScore": 16.318161, "@type": "EntitySearchResult", "result": {"@type": ["Person", "Thing"], "detailedDescription": {"articleBody": "Edward Allen is an American author and television personality. He was the food and wine connoisseur on the Bravo network's television program Queer Eye, and has been the host of the TV cooking competition series Chopped since its launch in 2009, as well as Chopped Junior, which began in mid-2015. ", "url": "https://en.wikipedia.org/wiki/Ted_Allen", "license": "https://en.wikipedia.org/wiki/Wikipedia:Text_of_Creative_Commons_Attribution-ShareAlike_3.0_Unported_License"}, "description": "American author", "name": "Ted Allen", "@id": "kg:/m/02gnfn", "url": "http://www.tedallen.net/", "image": {"contentUrl": "http://t0.gstatic.com/images?q=tbn:ANd9GcQ63XCNEklk1kZr7srU7U-qK1p42_850NYgkmEa7bEDP1XsPu4j", "url": "https://en.wikipedia.org/wiki/Ted_Allen"}}}], "@context": {"resultScore": "goog:resultScore", "EntitySearchResult": "goog:EntitySearchResult", "kg": "http://g.co/kg", "@vocab": "http://schema.org/", "goog": "http://schema.googleapis.com/", "detailedDescription": "goog:detailedDescription"}, "@type": "ItemList"}