{"itemListElement": [{"resultScore": 22.296865, "@type": "EntitySearchResult", "result": {"@type": ["Person", "Thing"], "detailedDescription": {"articleBody": "Shaun Mark Bean, also spelled as Sean Bean, is an English actor. After graduating from the Royal Academy of Dramatic Art, Bean made his professional debut in a theatre production of Romeo and Juliet in 1983. ", "url": "https://en.wikipedia.org/wiki/Sean_Bean", "license": "https://en.wikipedia.org/wiki/Wikipedia:Text_of_Creative_Commons_Attribution-ShareAlike_3.0_Unported_License"}, "description": "Actor", "name": "Sean Bean", "@id": "kg:/m/02gvwz", "image": {"contentUrl": "http://t0.gstatic.com/images?q=tbn:ANd9GcR-F6oRE_WcRO7yxEqN4biXxNpEtsdYUmB9CxFrmkAqfgrRcPtg", "url": "https://cy.wikipedia.org/wiki/Delwedd:Sean_Bean_TIFF_2015.jpg"}}}], "@context": {"resultScore": "goog:resultScore", "EntitySearchResult": "goog:EntitySearchResult", "kg": "http://g.co/kg", "@vocab": "http://schema.org/", "goog": "http://schema.googleapis.com/", "detailedDescription": "goog:detailedDescription"}, "@type": "ItemList"}