{"itemListElement": [{"resultScore": 15.044906, "@type": "EntitySearchResult", "result": {"@type": ["Thing", "Person"], "detailedDescription": {"articleBody": "Naomi Shihab Nye, is a poet, songwriter, and novelist. She was born to a Palestinian father and an American mother. Although she calls herself a \"wandering poet\", she refers to San Antonio as her home. ", "url": "https://en.wikipedia.org/wiki/Naomi_Shihab_Nye", "license": "https://en.wikipedia.org/wiki/Wikipedia:Text_of_Creative_Commons_Attribution-ShareAlike_3.0_Unported_License"}, "description": "Poet", "name": "Naomi Shihab Nye", "@id": "kg:/m/02h07y", "url": "https://www.boaeditions.org/collections/naomi-shihab-nye", "image": {"contentUrl": "http://t1.gstatic.com/images?q=tbn:ANd9GcTg-YrFGFDl0aRstViZOZGvZSP-6rWxsTKjRQxoGlhtlfN0e8hO", "url": "https://commons.wikimedia.org/wiki/File:Naomishihabnye.jpg"}}}], "@context": {"resultScore": "goog:resultScore", "EntitySearchResult": "goog:EntitySearchResult", "kg": "http://g.co/kg", "@vocab": "http://schema.org/", "goog": "http://schema.googleapis.com/", "detailedDescription": "goog:detailedDescription"}, "@type": "ItemList"}