{"itemListElement": [{"resultScore": 18.306688, "@type": "EntitySearchResult", "result": {"@type": ["Person", "Thing"], "detailedDescription": {"articleBody": "Erin Gray is an American actress, perhaps best known for her roles as Colonel Wilma Deering in the science fiction television series Buck Rogers in the 25th Century and as Kate Summers-Stratton in the situation comedy Silver Spoons.", "url": "https://en.wikipedia.org/wiki/Erin_Gray", "license": "https://en.wikipedia.org/wiki/Wikipedia:Text_of_Creative_Commons_Attribution-ShareAlike_3.0_Unported_License"}, "description": "American actress", "name": "Erin Gray", "@id": "kg:/m/02hg84", "url": "http://www.eringray.com", "image": {"contentUrl": "http://t0.gstatic.com/images?q=tbn:ANd9GcSX7W5Lqk6XtFnnXqUTCUaNGQB145fUTmVfNDwIfFqZMp9WrLC2", "url": "https://commons.wikimedia.org/wiki/File:Erin_Gray,_2014_Supanova_Pop_Culture_Expo_2.jpg"}}}], "@context": {"resultScore": "goog:resultScore", "EntitySearchResult": "goog:EntitySearchResult", "kg": "http://g.co/kg", "@vocab": "http://schema.org/", "goog": "http://schema.googleapis.com/", "detailedDescription": "goog:detailedDescription"}, "@type": "ItemList"}