{"itemListElement": [{"resultScore": 15.323669, "@type": "EntitySearchResult", "result": {"@type": ["Thing", "Person"], "detailedDescription": {"articleBody": "Louis Alexander Slotin was a Canadian physicist and chemist who took part in the Manhattan Project. He was born and raised in the North End of Winnipeg, Manitoba. ", "url": "https://en.wikipedia.org/wiki/Louis_Slotin", "license": "https://en.wikipedia.org/wiki/Wikipedia:Text_of_Creative_Commons_Attribution-ShareAlike_3.0_Unported_License"}, "description": "Canadian physicist", "name": "Louis Slotin", "@id": "kg:/m/02jqhg", "image": {"contentUrl": "http://t1.gstatic.com/images?q=tbn:ANd9GcR0XYTB7gwO35vSxsmCoUekTNIIiZm0n8xVGZUzZx2zp3dZs2XZ", "url": "https://commons.wikimedia.org/wiki/File:Slotin_Los_Alamos.jpg"}}}], "@context": {"resultScore": "goog:resultScore", "EntitySearchResult": "goog:EntitySearchResult", "kg": "http://g.co/kg", "@vocab": "http://schema.org/", "goog": "http://schema.googleapis.com/", "detailedDescription": "goog:detailedDescription"}, "@type": "ItemList"}