{"itemListElement": [{"resultScore": 19.106546, "@type": "EntitySearchResult", "result": {"@type": ["Person", "Thing"], "detailedDescription": {"articleBody": "Mary Eileen McDonnell is an American film, stage, and television actress. She received Academy Award nominations for her roles as Stands With A Fist in Dances with Wolves and May-Alice Culhane in Passion Fish. ", "url": "https://en.wikipedia.org/wiki/Mary_McDonnell", "license": "https://en.wikipedia.org/wiki/Wikipedia:Text_of_Creative_Commons_Attribution-ShareAlike_3.0_Unported_License"}, "description": "American film actress", "name": "Mary McDonnell", "@id": "kg:/m/02js9p", "image": {"contentUrl": "http://t1.gstatic.com/images?q=tbn:ANd9GcSvH71VhOBy3wBRAZpXtA6l2mQlnM_gh5PGrAuCR--QLTiXC2_S", "url": "https://commons.wikimedia.org/wiki/File:Mary_McDonnell_cropped.jpg"}}}], "@context": {"resultScore": "goog:resultScore", "EntitySearchResult": "goog:EntitySearchResult", "kg": "http://g.co/kg", "@vocab": "http://schema.org/", "goog": "http://schema.googleapis.com/", "detailedDescription": "goog:detailedDescription"}, "@type": "ItemList"}