{"itemListElement": [{"resultScore": 11.808743, "@type": "EntitySearchResult", "result": {"name": "Chic Young", "@type": ["Person", "Thing"], "@id": "kg:/m/02jzm1", "detailedDescription": {"articleBody": "Murat Bernard \"Chic\" Young was an American cartoonist who created the comic strip Blondie. His 1919 William McKinley High School Yearbook cites his nickname as Chicken, source of his familiar pen name and signature. ", "url": "https://en.wikipedia.org/wiki/Chic_Young", "license": "https://en.wikipedia.org/wiki/Wikipedia:Text_of_Creative_Commons_Attribution-ShareAlike_3.0_Unported_License"}, "description": "American cartoonist"}}], "@context": {"resultScore": "goog:resultScore", "EntitySearchResult": "goog:EntitySearchResult", "kg": "http://g.co/kg", "@vocab": "http://schema.org/", "goog": "http://schema.googleapis.com/", "detailedDescription": "goog:detailedDescription"}, "@type": "ItemList"}