{"itemListElement": [{"resultScore": 17.210075, "@type": "EntitySearchResult", "result": {"@type": ["Person", "Thing"], "detailedDescription": {"articleBody": "Lesley Garrett, CBE is an English soprano singer, musician, broadcaster and media personality. She is noted for being at home in opera and \"crossover music\".", "url": "https://en.wikipedia.org/wiki/Lesley_Garrett", "license": "https://en.wikipedia.org/wiki/Wikipedia:Text_of_Creative_Commons_Attribution-ShareAlike_3.0_Unported_License"}, "description": "Soprano", "name": "Lesley Garrett", "@id": "kg:/m/02k3t5", "url": "http://www.lesleygarrett.co.uk/"}}], "@context": {"resultScore": "goog:resultScore", "EntitySearchResult": "goog:EntitySearchResult", "kg": "http://g.co/kg", "@vocab": "http://schema.org/", "goog": "http://schema.googleapis.com/", "detailedDescription": "goog:detailedDescription"}, "@type": "ItemList"}