{"itemListElement": [{"resultScore": 14.722158, "@type": "EntitySearchResult", "result": {"name": "Otis Blackwell", "@type": ["Person", "Thing"], "@id": "kg:/m/02k4cj", "detailedDescription": {"articleBody": "Otis Blackwell was an African-American songwriter, singer, and pianist, whose work significantly influenced rock and roll. His compositions include \"Fever\", recorded by Little Willie John; \"Great Balls of Fire\" and \"Breathless\", recorded by Jerry Lee Lewis; \"Don't Be Cruel\", \"All Shook Up\" and \"Return to Sender\", recorded by Elvis Presley; and \"Handy Man\", recorded by Jimmy Jones. ", "url": "https://en.wikipedia.org/wiki/Otis_Blackwell", "license": "https://en.wikipedia.org/wiki/Wikipedia:Text_of_Creative_Commons_Attribution-ShareAlike_3.0_Unported_License"}, "description": "American songwriter"}}], "@context": {"resultScore": "goog:resultScore", "EntitySearchResult": "goog:EntitySearchResult", "kg": "http://g.co/kg", "@vocab": "http://schema.org/", "goog": "http://schema.googleapis.com/", "detailedDescription": "goog:detailedDescription"}, "@type": "ItemList"}