{"itemListElement": [{"resultScore": 23.278147, "@type": "EntitySearchResult", "result": {"@type": ["Thing", "Person"], "detailedDescription": {"articleBody": "Wesley Wales Anderson is an American filmmaker. His films are known for their distinctive visual and narrative styles. Anderson is regarded by many as a modern-day example of the auteur. ", "url": "https://en.wikipedia.org/wiki/Wes_Anderson", "license": "https://en.wikipedia.org/wiki/Wikipedia:Text_of_Creative_Commons_Attribution-ShareAlike_3.0_Unported_License"}, "description": "American filmmaker", "name": "Wes Anderson", "@id": "kg:/m/02ld6x", "image": {"contentUrl": "http://t0.gstatic.com/images?q=tbn:ANd9GcS_o5m_AKqVuCOtJKz-_AiYSwZ4SQwY9sZNLwIA6X9JYVGFGhuf", "url": "https://commons.wikimedia.org/wiki/File:Wes_Anderson_2012.jpg"}}}], "@context": {"resultScore": "goog:resultScore", "EntitySearchResult": "goog:EntitySearchResult", "kg": "http://g.co/kg", "@vocab": "http://schema.org/", "goog": "http://schema.googleapis.com/", "detailedDescription": "goog:detailedDescription"}, "@type": "ItemList"}