{"itemListElement": [{"resultScore": 19.241018, "@type": "EntitySearchResult", "result": {"@type": ["Person", "Thing"], "detailedDescription": {"articleBody": "Michael York, OBE is an English actor. A two-time Emmy Award nominee, for ABC Afterschool Special: Are You My Mother? and the AMC series The Lot, he has appeared in more than 70 films, including Romeo and Juliet, Cabaret, The Three Musketeers, Logan's Run, and the Austin Powers film series.", "url": "https://en.wikipedia.org/wiki/Michael_York", "license": "https://en.wikipedia.org/wiki/Wikipedia:Text_of_Creative_Commons_Attribution-ShareAlike_3.0_Unported_License"}, "description": "Actor", "name": "Michael York", "@id": "kg:/m/02lq10", "url": "http://www.michaelyork.net/", "image": {"contentUrl": "http://t0.gstatic.com/images?q=tbn:ANd9GcREQdZmyFWpcYOk40KgZc8fv0wAyxXalaEX4bx_lHZ3_8TJd4wl", "url": "https://commons.wikimedia.org/wiki/File:Michael_York_33_Allan_Warren.jpg"}}}], "@context": {"resultScore": "goog:resultScore", "EntitySearchResult": "goog:EntitySearchResult", "kg": "http://g.co/kg", "@vocab": "http://schema.org/", "goog": "http://schema.googleapis.com/", "detailedDescription": "goog:detailedDescription"}, "@type": "ItemList"}