{"itemListElement": [{"resultScore": 17.217871, "@type": "EntitySearchResult", "result": {"@type": ["Person", "Thing"], "detailedDescription": {"articleBody": "Susan Kay Bogguss is an American country music singer and songwriter. She began her career in the 1980s as a solo singer. In the 1990s, six of her songs were top-ten hits, three albums achieved gold status, and one album achieved platinum status. ", "url": "https://en.wikipedia.org/wiki/Suzy_Bogguss", "license": "https://en.wikipedia.org/wiki/Wikipedia:Text_of_Creative_Commons_Attribution-ShareAlike_3.0_Unported_License"}, "description": "American singer-songwriter", "name": "Suzy Bogguss", "@id": "kg:/m/02myvw", "url": "http://www.suzybogguss.com/", "image": {"contentUrl": "http://t0.gstatic.com/images?q=tbn:ANd9GcTtndKeF3SLKXJ-Vx690YKKJ_cQR-vYOD_D5YuK4x4r4oFky8tA", "url": "https://en.wikipedia.org/wiki/Suzy_Bogguss"}}}], "@context": {"resultScore": "goog:resultScore", "EntitySearchResult": "goog:EntitySearchResult", "kg": "http://g.co/kg", "@vocab": "http://schema.org/", "goog": "http://schema.googleapis.com/", "detailedDescription": "goog:detailedDescription"}, "@type": "ItemList"}