{"itemListElement": [{"resultScore": 21.716448, "@type": "EntitySearchResult", "result": {"@type": ["Thing", "Person"], "detailedDescription": {"articleBody": "Solange Piaget Knowles, also known as Solange, is an American singer, songwriter and actress. Expressing an interest in music from an early age, Knowles had several temporary stints as a backup dancer for Destiny's Child, which featured among the members her sister, before signing with her father Mathew Knowles's Music World Entertainment label. ", "url": "https://en.wikipedia.org/wiki/Solange_Knowles", "license": "https://en.wikipedia.org/wiki/Wikipedia:Text_of_Creative_Commons_Attribution-ShareAlike_3.0_Unported_License"}, "description": "American singer-songwriter", "name": "Solange Knowles", "@id": "kg:/m/02ngbf", "url": "http://www.solangemusic.com/", "image": {"contentUrl": "http://t3.gstatic.com/images?q=tbn:ANd9GcR8bq73x4T59lILhCX6M06n8Pdl_UbDjdXHkFmkgsw7JwidjnAj", "url": "https://commons.wikimedia.org/wiki/File:Solange_Knowles_at_the_Ruby_Lounge.jpg"}}}], "@context": {"resultScore": "goog:resultScore", "EntitySearchResult": "goog:EntitySearchResult", "kg": "http://g.co/kg", "@vocab": "http://schema.org/", "goog": "http://schema.googleapis.com/", "detailedDescription": "goog:detailedDescription"}, "@type": "ItemList"}