{"itemListElement": [{"resultScore": 15.036377, "@type": "EntitySearchResult", "result": {"@type": ["Thing", "Person"], "detailedDescription": {"articleBody": "Brian Patrick Herbert is an American author who lives in Washington state. He is the elder son of science fiction author Frank Herbert.\nBrian Herbert's novels include Sidney's Comet, Prisoners of Arionn, Man of Two Worlds, and Sudanna Sudanna. In 2003, Herbert wrote a biography of his father: Dreamer of Dune: The Biography of Frank Herbert. The younger Herbert has edited The Songs of Muad'dib and the Notebooks of Frank Herbert's Dune. ", "url": "https://en.wikipedia.org/wiki/Brian_Herbert", "license": "https://en.wikipedia.org/wiki/Wikipedia:Text_of_Creative_Commons_Attribution-ShareAlike_3.0_Unported_License"}, "description": "American author", "name": "Brian Herbert", "@id": "kg:/m/02nlps", "url": "http://brianherbertnovels.com/", "image": {"contentUrl": "http://t0.gstatic.com/images?q=tbn:ANd9GcTIp22ibW0NtE2U4yv8Vnrdpt4jJOlt_W3FTMwlf0zGuYH7_Kmq", "url": "https://en.wikipedia.org/wiki/Brian_Herbert"}}}], "@context": {"resultScore": "goog:resultScore", "EntitySearchResult": "goog:EntitySearchResult", "kg": "http://g.co/kg", "@vocab": "http://schema.org/", "goog": "http://schema.googleapis.com/", "detailedDescription": "goog:detailedDescription"}, "@type": "ItemList"}