{"itemListElement": [{"resultScore": 19.559361, "@type": "EntitySearchResult", "result": {"@type": ["Person", "Thing"], "detailedDescription": {"articleBody": "Lili Anne Taylor is an American actress notable for her appearances in such award-winning indie films as Mystic Pizza, Say Anything..., Dogfight, Short Cuts and I Shot Andy Warhol, as well as several big-budget films such as Ransom, The Haunting, The Conjuring, Public Enemies and Maze Runner: The Scorch Trials.\n", "url": "https://en.wikipedia.org/wiki/Lili_Taylor", "license": "https://en.wikipedia.org/wiki/Wikipedia:Text_of_Creative_Commons_Attribution-ShareAlike_3.0_Unported_License"}, "description": "American actress", "name": "Lili Taylor", "@id": "kg:/m/02nwxc", "image": {"contentUrl": "http://t2.gstatic.com/images?q=tbn:ANd9GcThcc-JO58rXI9iF9dNzhYCvNMEgMP-RVYdVltJNMIk5rpkstfb", "url": "https://commons.wikimedia.org/wiki/File:Lili_Taylor_2013.jpg"}}}], "@context": {"resultScore": "goog:resultScore", "EntitySearchResult": "goog:EntitySearchResult", "kg": "http://g.co/kg", "@vocab": "http://schema.org/", "goog": "http://schema.googleapis.com/", "detailedDescription": "goog:detailedDescription"}, "@type": "ItemList"}