{"itemListElement": [{"resultScore": 12.917344, "@type": "EntitySearchResult", "result": {"@type": ["Thing", "Person"], "detailedDescription": {"articleBody": "Clara Westhoff, also known as Clara Rilke or Clara Rilke-Westhoff was a German sculptor and the wife of poet Rainer Maria Rilke.\nAt the early age of 17, Clara Westhoff went to Munich, where she attended a private art school. In 1898, she moved to Worpswede and learned sculpture with Fritz Mackensen. ", "url": "https://en.wikipedia.org/wiki/Clara_Westhoff", "license": "https://en.wikipedia.org/wiki/Wikipedia:Text_of_Creative_Commons_Attribution-ShareAlike_3.0_Unported_License"}, "description": "German sculptor", "name": "Clara Westhoff", "@id": "kg:/m/02p3cl", "image": {"contentUrl": "http://t3.gstatic.com/images?q=tbn:ANd9GcQMlWSEJsKU4Y4t7BNGRMAZg85tRjx-sPf8wDCH_LrxNO3Bbhvw", "url": "https://commons.wikimedia.org/wiki/File:Clara_Rilke-Westhoff.jpg"}}}], "@context": {"resultScore": "goog:resultScore", "EntitySearchResult": "goog:EntitySearchResult", "kg": "http://g.co/kg", "@vocab": "http://schema.org/", "goog": "http://schema.googleapis.com/", "detailedDescription": "goog:detailedDescription"}, "@type": "ItemList"}