{"itemListElement": [{"resultScore": 18.528486, "@type": "EntitySearchResult", "result": {"@type": ["Person", "Thing"], "detailedDescription": {"articleBody": "Jeordie Osbourne White, once known professionally as Twiggy Ramirez, shortened to just Twiggy since 2008, and sometimes referred to by his real name, is an American musician, mostly known as the former bassist and guitarist of the band Marilyn Manson. ", "url": "https://en.wikipedia.org/wiki/Twiggy_Ramirez", "license": "https://en.wikipedia.org/wiki/Wikipedia:Text_of_Creative_Commons_Attribution-ShareAlike_3.0_Unported_License"}, "description": "American musician", "name": "Twiggy Ramirez", "@id": "kg:/m/02p380", "url": "http://www.basetendencies.com/", "image": {"contentUrl": "http://t0.gstatic.com/images?q=tbn:ANd9GcTTLYkGs_a72weVHjHb5zfW3MOI3cziUj1RVP9anDAQsZFj-CRh", "url": "https://commons.wikimedia.org/wiki/File:Antichrist_Live.jpg"}}}], "@context": {"resultScore": "goog:resultScore", "EntitySearchResult": "goog:EntitySearchResult", "kg": "http://g.co/kg", "@vocab": "http://schema.org/", "goog": "http://schema.googleapis.com/", "detailedDescription": "goog:detailedDescription"}, "@type": "ItemList"}