{"itemListElement": [{"resultScore": 12.30709, "@type": "EntitySearchResult", "result": {"@type": ["Person", "Thing"], "detailedDescription": {"articleBody": "Yojiro \"Yoji\" Harada is a Japanese tattoo artist and musician who gained fame from his appearances in the TLC reality show Miami Ink.", "url": "https://en.wikipedia.org/wiki/Yoji_Harada", "license": "https://en.wikipedia.org/wiki/Wikipedia:Text_of_Creative_Commons_Attribution-ShareAlike_3.0_Unported_License"}, "description": "Japanese tattoo artist", "name": "Yoji Harada", "@id": "kg:/m/02p_yt3", "image": {"contentUrl": "http://t1.gstatic.com/images?q=tbn:ANd9GcTcfvlXnX7bFqpLt5Pnrr5FY1CDBJLK0U4o8sLt5FVFJSDCsfNv", "url": "https://en.wikipedia.org/wiki/Yoji_Harada"}}}], "@context": {"resultScore": "goog:resultScore", "EntitySearchResult": "goog:EntitySearchResult", "kg": "http://g.co/kg", "@vocab": "http://schema.org/", "goog": "http://schema.googleapis.com/", "detailedDescription": "goog:detailedDescription"}, "@type": "ItemList"}