{"itemListElement": [{"resultScore": 17.933151, "@type": "EntitySearchResult", "result": {"@type": ["Person", "Thing"], "detailedDescription": {"articleBody": "Melina Eleni Kanakaredes Constantinides is an American actress. She is widely known for her roles in U.S. primetime television dramas as Dr. ", "url": "https://en.wikipedia.org/wiki/Melina_Kanakaredes", "license": "https://en.wikipedia.org/wiki/Wikipedia:Text_of_Creative_Commons_Attribution-ShareAlike_3.0_Unported_License"}, "description": "Actress", "name": "Melina Kanakaredes", "@id": "kg:/m/02pbhg", "image": {"contentUrl": "http://t1.gstatic.com/images?q=tbn:ANd9GcR9mRkd2Ml1r5CusAmvTRwnJRVAnRFNN8230LRWjdblmrlZHfbT", "url": "https://en.wikipedia.org/wiki/Melina_Kanakaredes"}}}], "@context": {"resultScore": "goog:resultScore", "EntitySearchResult": "goog:EntitySearchResult", "kg": "http://g.co/kg", "@vocab": "http://schema.org/", "goog": "http://schema.googleapis.com/", "detailedDescription": "goog:detailedDescription"}, "@type": "ItemList"}