{"itemListElement": [{"resultScore": 18.522034, "@type": "EntitySearchResult", "result": {"@type": ["Person", "Thing"], "detailedDescription": {"articleBody": "Jeff Probst is an American game show host and an executive producer. He is best known as the Emmy Award-winning host of the U.S. version of the reality television show Survivor. ", "url": "https://en.wikipedia.org/wiki/Jeff_Probst", "license": "https://en.wikipedia.org/wiki/Wikipedia:Text_of_Creative_Commons_Attribution-ShareAlike_3.0_Unported_License"}, "description": "American game show host", "name": "Jeff Probst", "@id": "kg:/m/02pbp9", "image": {"contentUrl": "http://t2.gstatic.com/images?q=tbn:ANd9GcQCnmRf3hh6dCxtsp0P3NSWdjRFoXEZ0YcHOwPDQ5TvrHZ6y8er", "url": "https://commons.wikimedia.org/wiki/File:Jeff_Probst.jpg"}}}], "@context": {"resultScore": "goog:resultScore", "EntitySearchResult": "goog:EntitySearchResult", "kg": "http://g.co/kg", "@vocab": "http://schema.org/", "goog": "http://schema.googleapis.com/", "detailedDescription": "goog:detailedDescription"}, "@type": "ItemList"}