{"itemListElement": [{"resultScore": 12.62146, "@type": "EntitySearchResult", "result": {"@type": ["Person", "Thing"], "detailedDescription": {"articleBody": "Lashinda Demus is an American hurdler who specializes in the 400 meter hurdles, an event in which she was the 2011 world champion and 2012 Olympic silver medalist.\n", "url": "https://en.wikipedia.org/wiki/Lashinda_Demus", "license": "https://en.wikipedia.org/wiki/Wikipedia:Text_of_Creative_Commons_Attribution-ShareAlike_3.0_Unported_License"}, "description": "Olympic athlete", "name": "Lashinda Demus", "@id": "kg:/m/02ph6xt", "image": {"contentUrl": "http://t2.gstatic.com/images?q=tbn:ANd9GcQieaJUcSNrFTvrogvJpZ_Em_JbGZ_tBcwFIdkH89e_Wml7dEB9", "url": "https://en.wikipedia.org/wiki/Lashinda_Demus"}}}], "@context": {"resultScore": "goog:resultScore", "EntitySearchResult": "goog:EntitySearchResult", "kg": "http://g.co/kg", "@vocab": "http://schema.org/", "goog": "http://schema.googleapis.com/", "detailedDescription": "goog:detailedDescription"}, "@type": "ItemList"}