{"itemListElement": [{"resultScore": 18.258423, "@type": "EntitySearchResult", "result": {"@type": ["Person", "Thing"], "detailedDescription": {"articleBody": "Margaret Astrid Lindholm Ogden, better known by her pen names Robin Hobb and Megan Lindholm, is an American writer. She has written five series set in the Realm of the Elderlings, which started in 1995 with the publication of Assassin's Apprentice and ended with Assassin's Fate in 2017. ", "url": "https://en.wikipedia.org/wiki/Robin_Hobb", "license": "https://en.wikipedia.org/wiki/Wikipedia:Text_of_Creative_Commons_Attribution-ShareAlike_3.0_Unported_License"}, "description": "American writer", "name": "Robin Hobb", "@id": "kg:/m/02pj15", "url": "http://robinhobb.com/", "image": {"contentUrl": "http://t0.gstatic.com/images?q=tbn:ANd9GcSMM-e7JB2ztAHXfhQYrxUU3c043B9FkJ9TSyTYCBITpWvyoWDG", "url": "https://commons.wikimedia.org/wiki/File:Mons091_Robin_Hobb.jpg"}}}], "@context": {"resultScore": "goog:resultScore", "EntitySearchResult": "goog:EntitySearchResult", "kg": "http://g.co/kg", "@vocab": "http://schema.org/", "goog": "http://schema.googleapis.com/", "detailedDescription": "goog:detailedDescription"}, "@type": "ItemList"}