{"itemListElement": [{"resultScore": 12.375072, "@type": "EntitySearchResult", "result": {"name": "Naru Nanao", "@type": ["Thing", "Person"], "@id": "kg:/m/02pk8h2", "detailedDescription": {"articleBody": "Naru Nanao is the pseudonym of a female Japanese artist from Okinawa, Japan. Nanao's choice of her pseudonym stems from Circus' game Aries, in which one of the characters was named Runa Nanao. ", "url": "https://en.wikipedia.org/wiki/Naru_Nanao", "license": "https://en.wikipedia.org/wiki/Wikipedia:Text_of_Creative_Commons_Attribution-ShareAlike_3.0_Unported_License"}, "description": "Japanese artist"}}], "@context": {"resultScore": "goog:resultScore", "EntitySearchResult": "goog:EntitySearchResult", "kg": "http://g.co/kg", "@vocab": "http://schema.org/", "goog": "http://schema.googleapis.com/", "detailedDescription": "goog:detailedDescription"}, "@type": "ItemList"}