{"itemListElement": [{"resultScore": 13.063993, "@type": "EntitySearchResult", "result": {"@type": ["Person", "Thing"], "detailedDescription": {"articleBody": "Andr\u00e9 Weinfeld is a French and American film and television producer, director, screenwriter, cinematographer, photographer, and journalist. He is an alumnus of the prestigious Lyc\u00e9e Louis-le-Grand and the Sorbonne University in Paris.", "url": "https://en.wikipedia.org/wiki/Andr%C3%A9_Weinfeld", "license": "https://en.wikipedia.org/wiki/Wikipedia:Text_of_Creative_Commons_Attribution-ShareAlike_3.0_Unported_License"}, "description": "American-French film producer", "name": "Andr\u00e9 Weinfeld", "@id": "kg:/m/02ppxfg", "image": {"contentUrl": "http://t0.gstatic.com/images?q=tbn:ANd9GcQDCwLLmDBZF-Y4kIhPujFeVweyXQt_b6QM3nHYZxPLZmbNDO-R", "url": "https://en.wikipedia.org/wiki/Andr%C3%A9_Weinfeld"}}}], "@context": {"resultScore": "goog:resultScore", "EntitySearchResult": "goog:EntitySearchResult", "kg": "http://g.co/kg", "@vocab": "http://schema.org/", "goog": "http://schema.googleapis.com/", "detailedDescription": "goog:detailedDescription"}, "@type": "ItemList"}