{"itemListElement": [{"resultScore": 13.739489, "@type": "EntitySearchResult", "result": {"name": "Saikumar", "@type": ["Person", "Thing"], "@id": "kg:/m/02pp77c", "detailedDescription": {"articleBody": "Saikumaaar, also credited as Sai Kumar, is a veteran Indian film actor who appears in Malayalam films. He is the son of Malayalam actor Kottarakkara Sreedharan Nair.", "url": "https://en.wikipedia.org/wiki/Saikumar_(actor)", "license": "https://en.wikipedia.org/wiki/Wikipedia:Text_of_Creative_Commons_Attribution-ShareAlike_3.0_Unported_License"}, "description": "Indian film actor"}}], "@context": {"resultScore": "goog:resultScore", "EntitySearchResult": "goog:EntitySearchResult", "kg": "http://g.co/kg", "@vocab": "http://schema.org/", "goog": "http://schema.googleapis.com/", "detailedDescription": "goog:detailedDescription"}, "@type": "ItemList"}