{"itemListElement": [{"resultScore": 12.447904, "@type": "EntitySearchResult", "result": {"@type": ["Thing", "Person"], "detailedDescription": {"articleBody": "Neal Conan is an American radio journalist, producer, editor, and correspondent. He worked for National Public Radio for over 36 years and was the senior host of its talk show Talk of the Nation. ", "url": "https://en.wikipedia.org/wiki/Neal_Conan", "license": "https://en.wikipedia.org/wiki/Wikipedia:Text_of_Creative_Commons_Attribution-ShareAlike_3.0_Unported_License"}, "description": "American journalist", "name": "Neal Conan", "@id": "kg:/m/02pqjp", "image": {"contentUrl": "http://t3.gstatic.com/images?q=tbn:ANd9GcRjc8jXVGfv1tI-TMozQ9S7KXYtFH-bx5NOip53-xwqJ47Qom6r", "url": "https://en.wikipedia.org/wiki/Neal_Conan"}}}], "@context": {"resultScore": "goog:resultScore", "EntitySearchResult": "goog:EntitySearchResult", "kg": "http://g.co/kg", "@vocab": "http://schema.org/", "goog": "http://schema.googleapis.com/", "detailedDescription": "goog:detailedDescription"}, "@type": "ItemList"}