{"itemListElement": [{"resultScore": 15.025551, "@type": "EntitySearchResult", "result": {"@type": ["Person", "Thing"], "detailedDescription": {"articleBody": "Kristie Lu Stout is an American journalist and news anchor for CNN International. She hosts the daily news show News Stream, which emphasizes news connected with technology, and the monthly news discussion programme, On China.", "url": "https://en.wikipedia.org/wiki/Kristie_Lu_Stout", "license": "https://en.wikipedia.org/wiki/Wikipedia:Text_of_Creative_Commons_Attribution-ShareAlike_3.0_Unported_License"}, "description": "Journalist", "name": "Kristie Lu Stout", "@id": "kg:/m/02psvln", "image": {"contentUrl": "http://t1.gstatic.com/images?q=tbn:ANd9GcQcUCrmAbRm__L7Y_xxKRV7EUrOMv_LuIoeqHkhVeSPrCRKmknl", "url": "https://commons.wikimedia.org/wiki/File:Kristie_Lu_Stout.jpg"}}}], "@context": {"resultScore": "goog:resultScore", "EntitySearchResult": "goog:EntitySearchResult", "kg": "http://g.co/kg", "@vocab": "http://schema.org/", "goog": "http://schema.googleapis.com/", "detailedDescription": "goog:detailedDescription"}, "@type": "ItemList"}