{"itemListElement": [{"resultScore": 12.947935, "@type": "EntitySearchResult", "result": {"@type": ["Thing", "Person"], "detailedDescription": {"articleBody": "Susan George is an American and French political and social scientist, activist and writer on global social justice, Third World poverty, underdevelopment and debt. She is a fellow and president of the board of the Transnational Institute in Amsterdam. ", "url": "https://en.wikipedia.org/wiki/Susan_George_(political_scientist)", "license": "https://en.wikipedia.org/wiki/Wikipedia:Text_of_Creative_Commons_Attribution-ShareAlike_3.0_Unported_License"}, "description": "American-French political scientist", "name": "Susan George", "@id": "kg:/m/02ps5lk", "image": {"contentUrl": "http://t0.gstatic.com/images?q=tbn:ANd9GcT7cneqSrwEFCtTMQHuaQPYHy67pIm_ojiUqYxCMyuS32g0_RnG", "url": "https://en.wikipedia.org/wiki/Susan_George_(political_scientist)"}}}], "@context": {"resultScore": "goog:resultScore", "EntitySearchResult": "goog:EntitySearchResult", "kg": "http://g.co/kg", "@vocab": "http://schema.org/", "goog": "http://schema.googleapis.com/", "detailedDescription": "goog:detailedDescription"}, "@type": "ItemList"}