{"itemListElement": [{"resultScore": 13.795137, "@type": "EntitySearchResult", "result": {"@type": ["Person", "Thing"], "detailedDescription": {"articleBody": "Michael Alan Katsidis is an Australian professional boxer. He held the WBO interim lightweight title twice between 2007 and 2010, and has challenged twice for the lineal lightweight title in 2008 and 2010. ", "url": "https://en.wikipedia.org/wiki/Michael_Katsidis", "license": "https://en.wikipedia.org/wiki/Wikipedia:Text_of_Creative_Commons_Attribution-ShareAlike_3.0_Unported_License"}, "description": "Australian boxer", "name": "Michael Katsidis", "@id": "kg:/m/02pt8t_", "url": "https://www.olympic.org/michael-katsidis", "image": {"contentUrl": "http://t3.gstatic.com/images?q=tbn:ANd9GcS8M7ilS41KGVnqzqoJpawuKTGfV-V4PvwGyCpvnUyOF6fpyYd6", "url": "https://en.wikipedia.org/wiki/Michael_Katsidis"}}}], "@context": {"resultScore": "goog:resultScore", "EntitySearchResult": "goog:EntitySearchResult", "kg": "http://g.co/kg", "@vocab": "http://schema.org/", "goog": "http://schema.googleapis.com/", "detailedDescription": "goog:detailedDescription"}, "@type": "ItemList"}