{"itemListElement": [{"resultScore": 20.966877, "@type": "EntitySearchResult", "result": {"@type": ["Person", "Thing"], "detailedDescription": {"articleBody": "Therese Johaug is a Norwegian cross-country skier who has competed for the clubs Tynset IF and IL Nansen. In world championships she has won four individual gold medals along with three gold medals in relays and she is a three-time Olympic medallist.", "url": "https://en.wikipedia.org/wiki/Therese_Johaug", "license": "https://en.wikipedia.org/wiki/Wikipedia:Text_of_Creative_Commons_Attribution-ShareAlike_3.0_Unported_License"}, "description": "Norwegian cross-country skier", "name": "Therese Johaug", "@id": "kg:/m/02ptc4m", "url": "http://www.theresejohaug.no/", "image": {"contentUrl": "http://t2.gstatic.com/images?q=tbn:ANd9GcSzk_bJ7o2hzJaYczHJ9ABWM-4kSB7qYEMUFNfswtqX6vlngJpn", "url": "https://commons.wikimedia.org/wiki/File:Therese_Johaug_by_S%C5%82awek.jpg"}}}], "@context": {"resultScore": "goog:resultScore", "EntitySearchResult": "goog:EntitySearchResult", "kg": "http://g.co/kg", "@vocab": "http://schema.org/", "goog": "http://schema.googleapis.com/", "detailedDescription": "goog:detailedDescription"}, "@type": "ItemList"}