{"itemListElement": [{"resultScore": 15.78275, "@type": "EntitySearchResult", "result": {"name": "Nadia Buari", "@type": ["Person", "Thing"], "@id": "kg:/m/02pwbbk", "detailedDescription": {"articleBody": "Nadia Buari is a Ghanaian actress. She received two nominations for Best Actress in a Leading Role at the African Movie Academy Awards in 2001 and 2009.", "url": "https://en.wikipedia.org/wiki/Nadia_Buari", "license": "https://en.wikipedia.org/wiki/Wikipedia:Text_of_Creative_Commons_Attribution-ShareAlike_3.0_Unported_License"}, "description": "Ghanaian actress"}}], "@context": {"resultScore": "goog:resultScore", "EntitySearchResult": "goog:EntitySearchResult", "kg": "http://g.co/kg", "@vocab": "http://schema.org/", "goog": "http://schema.googleapis.com/", "detailedDescription": "goog:detailedDescription"}, "@type": "ItemList"}