{"itemListElement": [{"resultScore": 11.133154, "@type": "EntitySearchResult", "result": {"@type": ["Person", "Thing"], "detailedDescription": {"articleBody": "Lori Fullington is an American retired professional wrestling manager. She is best known for her appearances with Extreme Championship Wrestling under her real name and as Peaches.", "url": "https://en.wikipedia.org/wiki/Lori_Fullington", "license": "https://en.wikipedia.org/wiki/Wikipedia:Text_of_Creative_Commons_Attribution-ShareAlike_3.0_Unported_License"}, "description": "Professional wrestler", "name": "Lori Fullington", "@id": "kg:/m/02pw7z6", "image": {"contentUrl": "http://t1.gstatic.com/images?q=tbn:ANd9GcRHOyxioaTcIDH-GSfpLjysyZFsUF1VithLDweBDzzgCtxxvWoP", "url": "https://en.wikipedia.org/wiki/Lori_Fullington"}}}], "@context": {"resultScore": "goog:resultScore", "EntitySearchResult": "goog:EntitySearchResult", "kg": "http://g.co/kg", "@vocab": "http://schema.org/", "goog": "http://schema.googleapis.com/", "detailedDescription": "goog:detailedDescription"}, "@type": "ItemList"}