{"itemListElement": [{"resultScore": 15.826419, "@type": "EntitySearchResult", "result": {"name": "Juliet Aubrey", "@type": ["Person", "Thing"], "@id": "kg:/m/02pypy_", "detailedDescription": {"articleBody": "Juliet Aubrey is an English actress of theatre, film, and television. She won the 1995 BAFTA TV Award for Best Actress for playing Dorothea in the BBC serial Middlemarch. She is also known for her role as Helen Cutter in the ITV series Primeval. Her film appearances include Still Crazy, The Constant Gardener and The Infiltrator.", "url": "https://en.wikipedia.org/wiki/Juliet_Aubrey", "license": "https://en.wikipedia.org/wiki/Wikipedia:Text_of_Creative_Commons_Attribution-ShareAlike_3.0_Unported_License"}, "description": "Actress"}}], "@context": {"resultScore": "goog:resultScore", "EntitySearchResult": "goog:EntitySearchResult", "kg": "http://g.co/kg", "@vocab": "http://schema.org/", "goog": "http://schema.googleapis.com/", "detailedDescription": "goog:detailedDescription"}, "@type": "ItemList"}