{"itemListElement": [{"resultScore": 12.419176, "@type": "EntitySearchResult", "result": {"name": "Jennifer Baxter", "@type": ["Person", "Thing"], "@id": "kg:/m/02pz01t", "detailedDescription": {"articleBody": "Jennifer Baxter is a Canadian actress and comedian formerly based out of Toronto and currently living in Los Angeles with her husband Mike Beaver.\nHer best-known roles include Number 9 in George A. Romero's Land of the Dead, Wanda on The Eleventh Hour, and lawyer Robin Howland on Billable Hours. She is also a well recognized face in a multitude of television commercials in Canada.\n", "url": "https://en.wikipedia.org/wiki/Jennifer_Baxter", "license": "https://en.wikipedia.org/wiki/Wikipedia:Text_of_Creative_Commons_Attribution-ShareAlike_3.0_Unported_License"}, "description": "Canadian actress"}}], "@context": {"resultScore": "goog:resultScore", "EntitySearchResult": "goog:EntitySearchResult", "kg": "http://g.co/kg", "@vocab": "http://schema.org/", "goog": "http://schema.googleapis.com/", "detailedDescription": "goog:detailedDescription"}, "@type": "ItemList"}