{"itemListElement": [{"resultScore": 13.233636, "@type": "EntitySearchResult", "result": {"name": "Cindy Au", "@type": ["Person", "Thing"], "@id": "kg:/m/02q0d9k", "detailedDescription": {"articleBody": "Cindy Au Sin-yi is a Hong Kong TVB actress. She plays major supporting roles in drama serials.", "url": "https://en.wikipedia.org/wiki/Cindy_Au", "license": "https://en.wikipedia.org/wiki/Wikipedia:Text_of_Creative_Commons_Attribution-ShareAlike_3.0_Unported_License"}, "description": "Actress"}}], "@context": {"resultScore": "goog:resultScore", "EntitySearchResult": "goog:EntitySearchResult", "kg": "http://g.co/kg", "@vocab": "http://schema.org/", "goog": "http://schema.googleapis.com/", "detailedDescription": "goog:detailedDescription"}, "@type": "ItemList"}