{"itemListElement": [{"resultScore": 13.107812, "@type": "EntitySearchResult", "result": {"name": "Bo D\u00edaz", "@type": ["Thing", "Person"], "@id": "kg:/m/02q1y4", "detailedDescription": {"articleBody": "Baudilio Jos\u00e9 D\u00edaz Seijas was a Venezuelan professional baseball player. He played in Major League Baseball as a catcher for the Boston Red Sox, Cleveland Indians, Philadelphia Phillies and the Cincinnati Reds from 1977 to 1989. ", "url": "https://en.wikipedia.org/wiki/Bo_D%C3%ADaz", "license": "https://en.wikipedia.org/wiki/Wikipedia:Text_of_Creative_Commons_Attribution-ShareAlike_3.0_Unported_License"}, "description": "Professional baseball player"}}], "@context": {"resultScore": "goog:resultScore", "EntitySearchResult": "goog:EntitySearchResult", "kg": "http://g.co/kg", "@vocab": "http://schema.org/", "goog": "http://schema.googleapis.com/", "detailedDescription": "goog:detailedDescription"}, "@type": "ItemList"}