{"itemListElement": [{"resultScore": 12.769313, "@type": "EntitySearchResult", "result": {"name": "Jay Paulson", "@type": ["Thing", "Person"], "@id": "kg:/m/02q288t", "detailedDescription": {"articleBody": "Joseph Andrew \"Jay\" Hughes Paulson is an American actor. He was born in New York City, where he lived until 1984, when his father moved the family to Los Angeles. ", "url": "https://en.wikipedia.org/wiki/Jay_Paulson", "license": "https://en.wikipedia.org/wiki/Wikipedia:Text_of_Creative_Commons_Attribution-ShareAlike_3.0_Unported_License"}, "description": "American actor"}}], "@context": {"resultScore": "goog:resultScore", "EntitySearchResult": "goog:EntitySearchResult", "kg": "http://g.co/kg", "@vocab": "http://schema.org/", "goog": "http://schema.googleapis.com/", "detailedDescription": "goog:detailedDescription"}, "@type": "ItemList"}