{"itemListElement": [{"resultScore": 15.596767, "@type": "EntitySearchResult", "result": {"@type": ["Person", "Thing"], "detailedDescription": {"articleBody": "Jamie Hector is an American actor of Haitian descent who is known for his portrayal of drug kingpin Marlo Stanfield on the HBO drama series The Wire and as Detective Jerry Edgar in the drama series Bosch.", "url": "https://en.wikipedia.org/wiki/Jamie_Hector", "license": "https://en.wikipedia.org/wiki/Wikipedia:Text_of_Creative_Commons_Attribution-ShareAlike_3.0_Unported_License"}, "description": "American actor", "name": "Jamie Hector", "@id": "kg:/m/02q24ts", "url": "https://www.movingmountainsnyc.org/", "image": {"contentUrl": "http://t3.gstatic.com/images?q=tbn:ANd9GcRgMB1etVvgbfxcQwFCmUsPZPVv4naywXKTbSD6OlV6AZ7RraUK", "url": "https://en.wikipedia.org/wiki/Jamie_Hector"}}}], "@context": {"resultScore": "goog:resultScore", "EntitySearchResult": "goog:EntitySearchResult", "kg": "http://g.co/kg", "@vocab": "http://schema.org/", "goog": "http://schema.googleapis.com/", "detailedDescription": "goog:detailedDescription"}, "@type": "ItemList"}