{"itemListElement": [{"resultScore": 15.992723, "@type": "EntitySearchResult", "result": {"name": "Lord Frederick Windsor", "@type": ["Thing", "Person"], "@id": "kg:/m/02q3_4", "detailedDescription": {"articleBody": "Lord Frederick Windsor, also nicknamed Freddie Windsor, is a British financial analyst, and the only son of Prince and Princess Michael of Kent. He is currently 48th in line to the succession of the British throne. ", "url": "https://en.wikipedia.org/wiki/Lord_Frederick_Windsor", "license": "https://en.wikipedia.org/wiki/Wikipedia:Text_of_Creative_Commons_Attribution-ShareAlike_3.0_Unported_License"}, "description": "Financial analyst"}}], "@context": {"resultScore": "goog:resultScore", "EntitySearchResult": "goog:EntitySearchResult", "kg": "http://g.co/kg", "@vocab": "http://schema.org/", "goog": "http://schema.googleapis.com/", "detailedDescription": "goog:detailedDescription"}, "@type": "ItemList"}