{"itemListElement": [{"resultScore": 16.506536, "@type": "EntitySearchResult", "result": {"@type": ["Thing", "Person"], "detailedDescription": {"articleBody": "William Dexter Fowler is an American professional baseball outfielder for the St. Louis Cardinals of Major League Baseball. He previously played for the Colorado Rockies, Houston Astros, and Chicago Cubs. ", "url": "https://en.wikipedia.org/wiki/Dexter_Fowler", "license": "https://en.wikipedia.org/wiki/Wikipedia:Text_of_Creative_Commons_Attribution-ShareAlike_3.0_Unported_License"}, "description": "Baseball outfielder", "name": "Dexter Fowler", "@id": "kg:/m/02q4ss6", "image": {"contentUrl": "http://t2.gstatic.com/images?q=tbn:ANd9GcSbL9LkIY3DRq3vSRjrVYDSvqEc3qB9H1Cp4kt9AEKjDzbDtr0J", "url": "https://en.wikipedia.org/wiki/Dexter_Fowler"}}}], "@context": {"resultScore": "goog:resultScore", "EntitySearchResult": "goog:EntitySearchResult", "kg": "http://g.co/kg", "@vocab": "http://schema.org/", "goog": "http://schema.googleapis.com/", "detailedDescription": "goog:detailedDescription"}, "@type": "ItemList"}