{"itemListElement": [{"resultScore": 12.782046, "@type": "EntitySearchResult", "result": {"name": "Jacqueline Leonard", "@type": ["Person", "Thing"], "@id": "kg:/m/02q5pkb", "detailedDescription": {"articleBody": "Jacqueline Leonard is an English actress. She is known for playing Sarah Preston in the ITV drama Peak Practice from 1993 to 1996, Lorraine Wicks in the BBC soap opera EastEnders from 1996 to 1997, Dr. ", "url": "https://en.wikipedia.org/wiki/Jacqueline_Leonard", "license": "https://en.wikipedia.org/wiki/Wikipedia:Text_of_Creative_Commons_Attribution-ShareAlike_3.0_Unported_License"}, "description": "Actress"}}], "@context": {"resultScore": "goog:resultScore", "EntitySearchResult": "goog:EntitySearchResult", "kg": "http://g.co/kg", "@vocab": "http://schema.org/", "goog": "http://schema.googleapis.com/", "detailedDescription": "goog:detailedDescription"}, "@type": "ItemList"}