{"itemListElement": [{"resultScore": 12.645541, "@type": "EntitySearchResult", "result": {"name": "Simone Griffeth", "@type": ["Person", "Thing"], "@id": "kg:/m/02q5b9h", "detailedDescription": {"articleBody": "Simone Griffeth, sometimes credited under her married name Simone Griffeth-McDonald, is an American actress. She was a Theater Arts major at the University of South Carolina for three years. ", "url": "https://en.wikipedia.org/wiki/Simone_Griffeth", "license": "https://en.wikipedia.org/wiki/Wikipedia:Text_of_Creative_Commons_Attribution-ShareAlike_3.0_Unported_License"}, "description": "American actress"}}], "@context": {"resultScore": "goog:resultScore", "EntitySearchResult": "goog:EntitySearchResult", "kg": "http://g.co/kg", "@vocab": "http://schema.org/", "goog": "http://schema.googleapis.com/", "detailedDescription": "goog:detailedDescription"}, "@type": "ItemList"}