{"itemListElement": [{"resultScore": 13.534049, "@type": "EntitySearchResult", "result": {"name": "Keni Burke", "@type": ["Person", "Thing"], "@id": "kg:/m/02q71kb", "detailedDescription": {"articleBody": "Kenneth M. \"Keni\" Burke is an American singer, songwriter, record producer, and multi-instrumentalist who began his career with four siblings in the 1970s band the Five Stairsteps.", "url": "https://en.wikipedia.org/wiki/Keni_Burke", "license": "https://en.wikipedia.org/wiki/Wikipedia:Text_of_Creative_Commons_Attribution-ShareAlike_3.0_Unported_License"}, "description": "American singer"}}], "@context": {"resultScore": "goog:resultScore", "EntitySearchResult": "goog:EntitySearchResult", "kg": "http://g.co/kg", "@vocab": "http://schema.org/", "goog": "http://schema.googleapis.com/", "detailedDescription": "goog:detailedDescription"}, "@type": "ItemList"}