{"itemListElement": [{"resultScore": 11.358212, "@type": "EntitySearchResult", "result": {"name": "No\u00ebl Martin", "@type": ["Thing", "Person"], "@id": "kg:/m/02q_zkf", "detailedDescription": {"articleBody": "No\u00ebl Martin, is a prominent Neo-Nazi victim who was attacked by German Neo-Nazis in 1996. He lives in Birmingham, England. At the time he was attacked he was one of the many British and Irish construction workers working in Germany.\n", "url": "https://en.wikipedia.org/wiki/No%C3%ABl_Martin", "license": "https://en.wikipedia.org/wiki/Wikipedia:Text_of_Creative_Commons_Attribution-ShareAlike_3.0_Unported_License"}, "description": "British construction worker"}}], "@context": {"resultScore": "goog:resultScore", "EntitySearchResult": "goog:EntitySearchResult", "kg": "http://g.co/kg", "@vocab": "http://schema.org/", "goog": "http://schema.googleapis.com/", "detailedDescription": "goog:detailedDescription"}, "@type": "ItemList"}