{"itemListElement": [{"resultScore": 13.682945, "@type": "EntitySearchResult", "result": {"@type": ["Thing", "Person"], "detailedDescription": {"articleBody": "Stefanie Schaeffer is an American defense attorney from California. She was named Season 6 Apprentice on the reality show of the same name. She is currently the host of Know Your Rights TV, a news legal webisodic.", "url": "https://en.wikipedia.org/wiki/Stefanie_Schaeffer", "license": "https://en.wikipedia.org/wiki/Wikipedia:Text_of_Creative_Commons_Attribution-ShareAlike_3.0_Unported_License"}, "description": "American attorney", "name": "Stefanie Schaeffer", "@id": "kg:/m/02qc_7q", "url": "http://www.stefanieschaefferapprentice.com/"}}], "@context": {"resultScore": "goog:resultScore", "EntitySearchResult": "goog:EntitySearchResult", "kg": "http://g.co/kg", "@vocab": "http://schema.org/", "goog": "http://schema.googleapis.com/", "detailedDescription": "goog:detailedDescription"}, "@type": "ItemList"}