{"itemListElement": [{"resultScore": 15.33832, "@type": "EntitySearchResult", "result": {"name": "Ruslana Korshunova", "@type": ["Thing", "Person"], "@id": "kg:/m/02qdb1b", "detailedDescription": {"articleBody": "Ruslana Sergeyevna Korshunova was a Kazakh model of Russian descent. She established herself as a rising figure in the fashion industry by posing for magazines including Vogue and designers such as Vera Wang and Nina Ricci.\n", "url": "https://en.wikipedia.org/wiki/Ruslana_Korshunova", "license": "https://en.wikipedia.org/wiki/Wikipedia:Text_of_Creative_Commons_Attribution-ShareAlike_3.0_Unported_License"}, "description": "Model"}}], "@context": {"resultScore": "goog:resultScore", "EntitySearchResult": "goog:EntitySearchResult", "kg": "http://g.co/kg", "@vocab": "http://schema.org/", "goog": "http://schema.googleapis.com/", "detailedDescription": "goog:detailedDescription"}, "@type": "ItemList"}