{"itemListElement": [{"resultScore": 14.365967, "@type": "EntitySearchResult", "result": {"name": "E. L. Konigsburg", "@type": ["Person", "Thing"], "@id": "kg:/m/02qhsm", "detailedDescription": {"articleBody": "Elaine Lobl Konigsburg was an American writer and illustrator of children's books and young adult fiction. She is one of six writers to win two Newbery Medals, the venerable American Library Association award for the year's \"most distinguished contribution to American children's literature.\"\n", "url": "https://en.wikipedia.org/wiki/E._L._Konigsburg", "license": "https://en.wikipedia.org/wiki/Wikipedia:Text_of_Creative_Commons_Attribution-ShareAlike_3.0_Unported_License"}, "description": "American writer"}}], "@context": {"resultScore": "goog:resultScore", "EntitySearchResult": "goog:EntitySearchResult", "kg": "http://g.co/kg", "@vocab": "http://schema.org/", "goog": "http://schema.googleapis.com/", "detailedDescription": "goog:detailedDescription"}, "@type": "ItemList"}