{"itemListElement": [{"resultScore": 18.77915, "@type": "EntitySearchResult", "result": {"@type": ["Person", "Thing"], "detailedDescription": {"articleBody": "Eusebio Di Francesco is an Italian former professional footballer and current manager, who played as a midfielder. He currently works as head coach of Serie A club A.S. Roma.", "url": "https://en.wikipedia.org/wiki/Eusebio_Di_Francesco", "license": "https://en.wikipedia.org/wiki/Wikipedia:Text_of_Creative_Commons_Attribution-ShareAlike_3.0_Unported_License"}, "description": "Italian soccer player", "name": "Eusebio Di Francesco", "@id": "kg:/m/02qkh3s", "image": {"contentUrl": "http://t2.gstatic.com/images?q=tbn:ANd9GcSk5mRMlH1diTtV4NHWo13veWg49KJc-gdZCXpsLVV3iwCC9jQe", "url": "https://commons.wikimedia.org/wiki/File:Eusebio_Di_Francesco_(cropped).jpg"}}}], "@context": {"resultScore": "goog:resultScore", "EntitySearchResult": "goog:EntitySearchResult", "kg": "http://g.co/kg", "@vocab": "http://schema.org/", "goog": "http://schema.googleapis.com/", "detailedDescription": "goog:detailedDescription"}, "@type": "ItemList"}