{"itemListElement": [{"resultScore": 15.572923, "@type": "EntitySearchResult", "result": {"@type": ["Person", "Thing"], "detailedDescription": {"articleBody": "Jason Jeffrey Gay is an American contemporary Christian singer-songwriter, who is better known by his stage name Jason Gray. He released a number of albums independently under his real name, Jason Gay. ", "url": "https://en.wikipedia.org/wiki/Jason_Gray_(musician)", "license": "https://en.wikipedia.org/wiki/Wikipedia:Text_of_Creative_Commons_Attribution-ShareAlike_3.0_Unported_License"}, "description": "American singer", "name": "Jason Gray", "@id": "kg:/m/02qnqtv", "url": "http://www.jasongraymusic.com/", "image": {"contentUrl": "http://t2.gstatic.com/images?q=tbn:ANd9GcSCcf53WoSEmd-9aSzQ82TGnl22v5Srk2cB3SKFY3_nftyX2UUq", "url": "https://en.wikipedia.org/wiki/Jason_Gray_(musician)"}}}], "@context": {"resultScore": "goog:resultScore", "EntitySearchResult": "goog:EntitySearchResult", "kg": "http://g.co/kg", "@vocab": "http://schema.org/", "goog": "http://schema.googleapis.com/", "detailedDescription": "goog:detailedDescription"}, "@type": "ItemList"}