{"itemListElement": [{"resultScore": 11.769378, "@type": "EntitySearchResult", "result": {"name": "Mark Maclure", "@type": ["Thing", "Person"], "@id": "kg:/m/02qq63g", "detailedDescription": {"articleBody": "Mark Maclure is a former Australian rules footballer in the Victorian Football League.\nOriginally from New South Wales club East Sydney, Maclure was recruited by Carlton and made his senior VFL debut in Round 13, 1974. ", "url": "https://en.wikipedia.org/wiki/Mark_Maclure", "license": "https://en.wikipedia.org/wiki/Wikipedia:Text_of_Creative_Commons_Attribution-ShareAlike_3.0_Unported_License"}, "description": "Soccer player"}}], "@context": {"resultScore": "goog:resultScore", "EntitySearchResult": "goog:EntitySearchResult", "kg": "http://g.co/kg", "@vocab": "http://schema.org/", "goog": "http://schema.googleapis.com/", "detailedDescription": "goog:detailedDescription"}, "@type": "ItemList"}