{"itemListElement": [{"resultScore": 22.237831, "@type": "EntitySearchResult", "result": {"@type": ["Person", "Thing"], "detailedDescription": {"articleBody": "George \"Buddy\" Guy is an American blues guitarist and singer. He is an exponent of Chicago blues and has influenced eminent guitarists including Eric Clapton, Jimi Hendrix, Jimmy Page, Keith Richards, Stevie Ray Vaughan, Jeff Beck and John Mayer. ", "url": "https://en.wikipedia.org/wiki/Buddy_Guy", "license": "https://en.wikipedia.org/wiki/Wikipedia:Text_of_Creative_Commons_Attribution-ShareAlike_3.0_Unported_License"}, "description": "American guitarist", "name": "Buddy Guy", "@id": "kg:/m/02qsjt", "url": "http://www.buddyguy.net/", "image": {"contentUrl": "http://t2.gstatic.com/images?q=tbn:ANd9GcTgYtyL6VaGq5oeVRHZy5V8kZn9yWM2i6PxhKb-LCj3Ga13Y_YB", "url": "https://commons.wikimedia.org/wiki/File:Buddy_Guy_1983.jpg"}}}], "@context": {"resultScore": "goog:resultScore", "EntitySearchResult": "goog:EntitySearchResult", "kg": "http://g.co/kg", "@vocab": "http://schema.org/", "goog": "http://schema.googleapis.com/", "detailedDescription": "goog:detailedDescription"}, "@type": "ItemList"}