{"itemListElement": [{"resultScore": 16.762135, "@type": "EntitySearchResult", "result": {"@type": ["Person", "Thing"], "detailedDescription": {"articleBody": "Anthony Marshall is a British television actor.\nMarshall is notable for his appearance in the BBC drama series Life on Mars and the final episode of its spinoff, Ashes to Ashes as the bartender and confidant, Nelson and Rodney's friend Chris in Only Fools and Horses. ", "url": "https://en.wikipedia.org/wiki/Tony_Marshall_(actor)", "license": "https://en.wikipedia.org/wiki/Wikipedia:Text_of_Creative_Commons_Attribution-ShareAlike_3.0_Unported_License"}, "description": "Television actor", "name": "Tony Marshall", "@id": "kg:/m/03f0qc4", "url": "http://www.tony-marshall.de/", "image": {"contentUrl": "http://t3.gstatic.com/images?q=tbn:ANd9GcTQTl3s4Mx72SFVO6RMdoqBXmeEGWAdY3AV0tWLGFVq3V-9oOaW", "url": "https://en.wikipedia.org/wiki/Tony_Marshall_(singer)"}}}], "@context": {"resultScore": "goog:resultScore", "EntitySearchResult": "goog:EntitySearchResult", "kg": "http://g.co/kg", "@vocab": "http://schema.org/", "goog": "http://schema.googleapis.com/", "detailedDescription": "goog:detailedDescription"}, "@type": "ItemList"}