{"itemListElement": [{"resultScore": 14.565287, "@type": "EntitySearchResult", "result": {"@type": ["Person", "Thing"], "detailedDescription": {"articleBody": "Dan Jurgens is an American comic book writer and artist. He is known for his work on the DC comic book storyline \"The Death of Superman\" and for creating characters such as Doomsday, Hank Henshaw and Booster Gold. ", "url": "https://en.wikipedia.org/wiki/Dan_Jurgens", "license": "https://en.wikipedia.org/wiki/Wikipedia:Text_of_Creative_Commons_Attribution-ShareAlike_3.0_Unported_License"}, "description": "American comic book writer", "name": "Dan Jurgens", "@id": "kg:/m/02qszv", "image": {"contentUrl": "http://t0.gstatic.com/images?q=tbn:ANd9GcQzJx3Q0ubZTryAWFp7hDIZ9neMj7ZpY3HFHfV1Yy-jmOHRNtRc", "url": "https://en.wikipedia.org/wiki/Dan_Jurgens"}}}], "@context": {"resultScore": "goog:resultScore", "EntitySearchResult": "goog:EntitySearchResult", "kg": "http://g.co/kg", "@vocab": "http://schema.org/", "goog": "http://schema.googleapis.com/", "detailedDescription": "goog:detailedDescription"}, "@type": "ItemList"}