{"itemListElement": [{"resultScore": 14.747246, "@type": "EntitySearchResult", "result": {"@type": ["Thing", "Person"], "detailedDescription": {"articleBody": "Michael Jay Shuman, also known as Mikey Shoes, is an American musician and songwriter. He is best known for playing bass with rock band Queens of the Stone Age. ", "url": "https://en.wikipedia.org/wiki/Michael_Shuman", "license": "https://en.wikipedia.org/wiki/Wikipedia:Text_of_Creative_Commons_Attribution-ShareAlike_3.0_Unported_License"}, "description": "American musician", "name": "Michael Shuman", "@id": "kg:/m/02qvd39", "url": "http://www.myspace.com/mikeyshoelove", "image": {"contentUrl": "http://t2.gstatic.com/images?q=tbn:ANd9GcSc6Y-r6xpp9c6cKJt_rnd6nfvAApaoGl5UF98nCWvHIWWwAeuf", "url": "https://commons.wikimedia.org/wiki/File:Michael_Shuman.jpg"}}}], "@context": {"resultScore": "goog:resultScore", "EntitySearchResult": "goog:EntitySearchResult", "kg": "http://g.co/kg", "@vocab": "http://schema.org/", "goog": "http://schema.googleapis.com/", "detailedDescription": "goog:detailedDescription"}, "@type": "ItemList"}