{"itemListElement": [{"resultScore": 12.083702, "@type": "EntitySearchResult", "result": {"name": "Yamon Figurs", "@type": ["Thing", "Person"], "@id": "kg:/m/02qw7jc", "detailedDescription": {"articleBody": "Yamon Figurs is a former Canadian football wide receiver and return specialist. He was drafted by the Baltimore Ravens in the third round of the 2007 NFL Draft. He played college football at Kansas State.\n", "url": "https://en.wikipedia.org/wiki/Yamon_Figurs", "license": "https://en.wikipedia.org/wiki/Wikipedia:Text_of_Creative_Commons_Attribution-ShareAlike_3.0_Unported_License"}, "description": "Football wide receiver"}}], "@context": {"resultScore": "goog:resultScore", "EntitySearchResult": "goog:EntitySearchResult", "kg": "http://g.co/kg", "@vocab": "http://schema.org/", "goog": "http://schema.googleapis.com/", "detailedDescription": "goog:detailedDescription"}, "@type": "ItemList"}