{"itemListElement": [{"resultScore": 11.899525, "@type": "EntitySearchResult", "result": {"@type": ["Person", "Thing"], "detailedDescription": {"articleBody": "Paul Fuapapa Soliai is a former American football defensive tackle. He played college football at University of Utah. He was drafted by the Miami Dolphins in the fourth round of the 2007 NFL Draft. ", "url": "https://en.wikipedia.org/wiki/Paul_Soliai", "license": "https://en.wikipedia.org/wiki/Wikipedia:Text_of_Creative_Commons_Attribution-ShareAlike_3.0_Unported_License"}, "description": "Football defensive tackle", "name": "Paul Soliai", "@id": "kg:/m/02qwj97", "image": {"contentUrl": "http://t3.gstatic.com/images?q=tbn:ANd9GcTW5ueRTWPAZDqVx1p2RBb2EUWGHquB56tbN_Imv4SCk1N_xoGr", "url": "https://en.wikipedia.org/wiki/Paul_Soliai"}}}], "@context": {"resultScore": "goog:resultScore", "EntitySearchResult": "goog:EntitySearchResult", "kg": "http://g.co/kg", "@vocab": "http://schema.org/", "goog": "http://schema.googleapis.com/", "detailedDescription": "goog:detailedDescription"}, "@type": "ItemList"}