{"itemListElement": [{"resultScore": 9.863516, "@type": "EntitySearchResult", "result": {"name": "Paul Mees", "@type": ["Thing", "Person"], "@id": "kg:/m/02qw8cw", "detailedDescription": {"articleBody": "Paul Mees OAM was an Australian academic, specialising in urban planning and public transport.\nMees died on 19 June 2013, 14 months after the diagnosis of kidney cancer. He was 52. ", "url": "https://en.wikipedia.org/wiki/Paul_Mees", "license": "https://en.wikipedia.org/wiki/Wikipedia:Text_of_Creative_Commons_Attribution-ShareAlike_3.0_Unported_License"}, "description": "Australian professor"}}], "@context": {"resultScore": "goog:resultScore", "EntitySearchResult": "goog:EntitySearchResult", "kg": "http://g.co/kg", "@vocab": "http://schema.org/", "goog": "http://schema.googleapis.com/", "detailedDescription": "goog:detailedDescription"}, "@type": "ItemList"}