{"itemListElement": [{"resultScore": 14.775466, "@type": "EntitySearchResult", "result": {"@type": ["Person", "Thing"], "detailedDescription": {"articleBody": "Pierre Julien Turgeon is a Canadian professional ice hockey coach and former player. Turgeon serves as the offensive coordinator of the Los Angeles Kings. He is currently the most productive retired player not yet inducted into the Hockey Hall of Fame.\n", "url": "https://en.wikipedia.org/wiki/Pierre_Turgeon", "license": "https://en.wikipedia.org/wiki/Wikipedia:Text_of_Creative_Commons_Attribution-ShareAlike_3.0_Unported_License"}, "description": "Canadian ice hockey player", "name": "Pierre Turgeon", "@id": "kg:/m/02qzy6", "image": {"contentUrl": "http://t3.gstatic.com/images?q=tbn:ANd9GcScQjfuK0ndeLIZibfpcuCY-Xjq_qxNuJbP_mBKB9k5TvGZsJ5_", "url": "https://en.wikipedia.org/wiki/Pierre_Turgeon"}}}], "@context": {"resultScore": "goog:resultScore", "EntitySearchResult": "goog:EntitySearchResult", "kg": "http://g.co/kg", "@vocab": "http://schema.org/", "goog": "http://schema.googleapis.com/", "detailedDescription": "goog:detailedDescription"}, "@type": "ItemList"}