{"itemListElement": [{"resultScore": 15.024134, "@type": "EntitySearchResult", "result": {"name": "Anthony Kim", "@type": ["Person", "Thing"], "@id": "kg:/m/02r0752", "detailedDescription": {"articleBody": "Anthony Ha-Jin Kim is an American professional golfer with three PGA Tour wins, a Ryder Cup, and Presidents Cup to his credit, but has not played a PGA Tour event since an injury in 2012.", "url": "https://en.wikipedia.org/wiki/Anthony_Kim", "license": "https://en.wikipedia.org/wiki/Wikipedia:Text_of_Creative_Commons_Attribution-ShareAlike_3.0_Unported_License"}, "description": "American professional golfer"}}], "@context": {"resultScore": "goog:resultScore", "EntitySearchResult": "goog:EntitySearchResult", "kg": "http://g.co/kg", "@vocab": "http://schema.org/", "goog": "http://schema.googleapis.com/", "detailedDescription": "goog:detailedDescription"}, "@type": "ItemList"}