{"itemListElement": [{"resultScore": 11.97461, "@type": "EntitySearchResult", "result": {"@type": ["Person", "Thing"], "detailedDescription": {"articleBody": "Martha Jane Ladly is a Canadian academic, designer and musician. She is professor of design at OCAD University. Ladly also has had a long career as a musician and achieved international fame as part of rock band Martha and the Muffins. ", "url": "https://en.wikipedia.org/wiki/Martha_Ladly", "license": "https://en.wikipedia.org/wiki/Wikipedia:Text_of_Creative_Commons_Attribution-ShareAlike_3.0_Unported_License"}, "description": "Musician", "name": "Martha Ladly", "@id": "kg:/m/02r2mgy", "image": {"contentUrl": "http://t0.gstatic.com/images?q=tbn:ANd9GcTZpOurykB66abvmZdIuDwDh22s8ZJoCfX-QAAKdk9XETJjysv5", "url": "https://en.wikipedia.org/wiki/Martha_Ladly"}}}], "@context": {"resultScore": "goog:resultScore", "EntitySearchResult": "goog:EntitySearchResult", "kg": "http://g.co/kg", "@vocab": "http://schema.org/", "goog": "http://schema.googleapis.com/", "detailedDescription": "goog:detailedDescription"}, "@type": "ItemList"}