{"itemListElement": [{"resultScore": 13.934628, "@type": "EntitySearchResult", "result": {"name": "Abel Meeropol", "@type": ["Person", "Thing"], "@id": "kg:/m/02r3_f", "detailedDescription": {"articleBody": "Abel Meeropol was an American song-writer and poet whose works were published under his pseudonym, Lewis Allan. He wrote \"Strange Fruit\", which was recorded by Billie Holiday. Meeropol was a member of the American Communist Party, but would later quit.", "url": "https://en.wikipedia.org/wiki/Abel_Meeropol", "license": "https://en.wikipedia.org/wiki/Wikipedia:Text_of_Creative_Commons_Attribution-ShareAlike_3.0_Unported_License"}, "description": "American writer"}}], "@context": {"resultScore": "goog:resultScore", "EntitySearchResult": "goog:EntitySearchResult", "kg": "http://g.co/kg", "@vocab": "http://schema.org/", "goog": "http://schema.googleapis.com/", "detailedDescription": "goog:detailedDescription"}, "@type": "ItemList"}