{"itemListElement": [{"resultScore": 15.885017, "@type": "EntitySearchResult", "result": {"@type": ["Person", "Thing"], "detailedDescription": {"articleBody": "Gordon Lam Ka-tung is a Hong Kong actor, film producer and screenwriter. Initially known for his supporting roles in films directed by Andrew Lau and Johnnie To, Lam eventually became a lead actor in the Hong Kong film industry, appearing in the 2013 box office hit, Firestorm, and the Hong Kong Film Award-winning 2016 film, Trivisa, which also netted him the Hong Kong Film Award for Best Actor.", "url": "https://en.wikipedia.org/wiki/Gordon_Lam", "license": "https://en.wikipedia.org/wiki/Wikipedia:Text_of_Creative_Commons_Attribution-ShareAlike_3.0_Unported_License"}, "description": "Actor", "name": "Gordon Lam", "@id": "kg:/m/02r36fq", "image": {"contentUrl": "http://t3.gstatic.com/images?q=tbn:ANd9GcQR8tGnTqDbXiV7qhw977p5DSQCohh-oWP0lC88Fnh0B0P6ldmm", "url": "https://en.wikipedia.org/wiki/Gordon_Lam"}}}], "@context": {"resultScore": "goog:resultScore", "EntitySearchResult": "goog:EntitySearchResult", "kg": "http://g.co/kg", "@vocab": "http://schema.org/", "goog": "http://schema.googleapis.com/", "detailedDescription": "goog:detailedDescription"}, "@type": "ItemList"}