{"itemListElement": [{"resultScore": 17.7211, "@type": "EntitySearchResult", "result": {"@type": ["Thing", "Person"], "detailedDescription": {"articleBody": "Lindsay Ellingson is an American model. She has modeled for Chanel, Dolce &amp; Gabbana, Proenza Schouler, Valentino, and Christian Dior, as well as Victoria's Secret as one of the brand's contracted \"Angels\".", "url": "https://en.wikipedia.org/wiki/Lindsay_Ellingson", "license": "https://en.wikipedia.org/wiki/Wikipedia:Text_of_Creative_Commons_Attribution-ShareAlike_3.0_Unported_License"}, "description": "American model", "name": "Lindsay Ellingson", "@id": "kg:/m/02r42__", "image": {"contentUrl": "http://t1.gstatic.com/images?q=tbn:ANd9GcRoKIxpooOLDm7zccS-2zOR_rbRVscF3T3Tt1dSLtAAtnG8r2QX", "url": "https://commons.wikimedia.org/wiki/File:Lindsay_Ellingson_110329_photoby_adam-bielawski.jpg"}}}], "@context": {"resultScore": "goog:resultScore", "EntitySearchResult": "goog:EntitySearchResult", "kg": "http://g.co/kg", "@vocab": "http://schema.org/", "goog": "http://schema.googleapis.com/", "detailedDescription": "goog:detailedDescription"}, "@type": "ItemList"}