{"itemListElement": [{"resultScore": 10.736314, "@type": "EntitySearchResult", "result": {"name": "Cheung Chi Tak", "@type": ["Thing", "Person"], "@id": "kg:/m/02r4j0p", "detailedDescription": {"articleBody": "Cheung Chi Tak is a former Hong Kong football player. His nickname was \"Little Ghost\".", "url": "https://en.wikipedia.org/wiki/Cheung_Chi_Tak", "license": "https://en.wikipedia.org/wiki/Wikipedia:Text_of_Creative_Commons_Attribution-ShareAlike_3.0_Unported_License"}, "description": "Former soccer player"}}], "@context": {"resultScore": "goog:resultScore", "EntitySearchResult": "goog:EntitySearchResult", "kg": "http://g.co/kg", "@vocab": "http://schema.org/", "goog": "http://schema.googleapis.com/", "detailedDescription": "goog:detailedDescription"}, "@type": "ItemList"}