{"itemListElement": [{"resultScore": 13.248527, "@type": "EntitySearchResult", "result": {"name": "Patrick Lussier", "@type": ["Thing", "Person"], "@id": "kg:/m/02r6r21", "detailedDescription": {"articleBody": "Patrick Lussier is a Canadian-American filmmaker and editor, known for his numerous collaborations with director Wes Craven and fellow screenwriters Laeta Kalogridis and Todd Farmer, as well as his work in the horror genre.", "url": "https://en.wikipedia.org/wiki/Patrick_Lussier", "license": "https://en.wikipedia.org/wiki/Wikipedia:Text_of_Creative_Commons_Attribution-ShareAlike_3.0_Unported_License"}, "description": "Canadian filmmaker"}}], "@context": {"resultScore": "goog:resultScore", "EntitySearchResult": "goog:EntitySearchResult", "kg": "http://g.co/kg", "@vocab": "http://schema.org/", "goog": "http://schema.googleapis.com/", "detailedDescription": "goog:detailedDescription"}, "@type": "ItemList"}