{"itemListElement": [{"resultScore": 16.559162, "@type": "EntitySearchResult", "result": {"@type": ["Thing", "Person"], "detailedDescription": {"articleBody": "Melvin Manhoef is a Surinamese-born Dutch professional mixed martial artist and former kickboxer. In kickboxing, he is a former It's Showtime Champion, and in MMA he was the Cage Rage Light Heavyweight Champion. ", "url": "https://en.wikipedia.org/wiki/Melvin_Manhoef", "license": "https://en.wikipedia.org/wiki/Wikipedia:Text_of_Creative_Commons_Attribution-ShareAlike_3.0_Unported_License"}, "description": "Mixed martial artist", "name": "Melvin Manhoef", "@id": "kg:/m/02r7z8k", "url": "http://www.melvinmanhoef.com/", "image": {"contentUrl": "http://t2.gstatic.com/images?q=tbn:ANd9GcQPZ1qqhK7ZO241DuphlgEpXauyOLyVdjJzgSwcdxFON2p7k5dO", "url": "https://en.wikipedia.org/wiki/Melvin_Manhoef"}}}], "@context": {"resultScore": "goog:resultScore", "EntitySearchResult": "goog:EntitySearchResult", "kg": "http://g.co/kg", "@vocab": "http://schema.org/", "goog": "http://schema.googleapis.com/", "detailedDescription": "goog:detailedDescription"}, "@type": "ItemList"}