{"itemListElement": [{"resultScore": 16.475552, "@type": "EntitySearchResult", "result": {"@type": ["Person", "Thing"], "detailedDescription": {"articleBody": "Dellin Betances is an American professional baseball pitcher for the New York Yankees of Major League Baseball. He made his MLB debut with the Yankees in 2011, and was named an MLB All-Star in 2014, 2015, 2016, and 2017.", "url": "https://en.wikipedia.org/wiki/Dellin_Betances", "license": "https://en.wikipedia.org/wiki/Wikipedia:Text_of_Creative_Commons_Attribution-ShareAlike_3.0_Unported_License"}, "description": "Baseball pitcher", "name": "Dellin Betances", "@id": "kg:/m/02r7b7f", "image": {"contentUrl": "http://t2.gstatic.com/images?q=tbn:ANd9GcQADWVEvT36MSOhroxidaLlbMc6gTPpF6HnRmzY8h5fwRde6ogc", "url": "https://zh.wikipedia.org/zh/File:Dellin_Betances_in_Baltimore_2014.jpg"}}}], "@context": {"resultScore": "goog:resultScore", "EntitySearchResult": "goog:EntitySearchResult", "kg": "http://g.co/kg", "@vocab": "http://schema.org/", "goog": "http://schema.googleapis.com/", "detailedDescription": "goog:detailedDescription"}, "@type": "ItemList"}