{"itemListElement": [{"resultScore": 13.585015, "@type": "EntitySearchResult", "result": {"@type": ["Person", "Thing"], "detailedDescription": {"articleBody": "Craig Michael Wiseman is an American country music songwriter. He has been writing since the late 1980s, and his songs have been recorded by Tim McGraw, Kenny Chesney, Dolly Parton, Blake Shelton, and numerous other acts. ", "url": "https://en.wikipedia.org/wiki/Craig_Wiseman", "license": "https://en.wikipedia.org/wiki/Wikipedia:Text_of_Creative_Commons_Attribution-ShareAlike_3.0_Unported_License"}, "description": "American songwriter", "name": "Craig Wiseman", "@id": "kg:/m/02r8z0t", "url": "http://bigloudshirt.com/", "image": {"contentUrl": "http://t1.gstatic.com/images?q=tbn:ANd9GcS9SL3K01Pi4hrQlZNFo96Ru3uwNrHJADSdSMRK5QGO3w1eTI_5", "url": "https://en.wikipedia.org/wiki/Craig_Wiseman"}}}], "@context": {"resultScore": "goog:resultScore", "EntitySearchResult": "goog:EntitySearchResult", "kg": "http://g.co/kg", "@vocab": "http://schema.org/", "goog": "http://schema.googleapis.com/", "detailedDescription": "goog:detailedDescription"}, "@type": "ItemList"}