{"itemListElement": [{"resultScore": 21.547594, "@type": "EntitySearchResult", "result": {"@type": ["Person", "Thing"], "detailedDescription": {"articleBody": "Aaron Taylor-Johnson is an English actor and screenwriter, best known as the titular character in the Kick-Ass films, as well as Robbie from Angus, Thongs and Perfect Snogging. He has also played Quicksilver in Avengers: Age of Ultron.\n", "url": "https://en.wikipedia.org/wiki/Aaron_Taylor-Johnson", "license": "https://en.wikipedia.org/wiki/Wikipedia:Text_of_Creative_Commons_Attribution-ShareAlike_3.0_Unported_License"}, "description": "Actor", "name": "Aaron Taylor-Johnson", "@id": "kg:/m/02rb9_g", "image": {"contentUrl": "http://t1.gstatic.com/images?q=tbn:ANd9GcSuTp6p3NjuZ_ulqQxlZy5dq2DgnWh6KLbNrl76DTTJ-OLLG8D_", "url": "https://commons.wikimedia.org/wiki/File:Aaron_Taylor-Johnson_SDCC_2014_(cropped).jpg"}}}], "@context": {"resultScore": "goog:resultScore", "EntitySearchResult": "goog:EntitySearchResult", "kg": "http://g.co/kg", "@vocab": "http://schema.org/", "goog": "http://schema.googleapis.com/", "detailedDescription": "goog:detailedDescription"}, "@type": "ItemList"}