{"itemListElement": [{"resultScore": 13.526846, "@type": "EntitySearchResult", "result": {"name": "Jack Laskey", "@type": ["Person", "Thing"], "@id": "kg:/m/02rcbl_", "detailedDescription": {"articleBody": "Jack Laskey is an English actor best known for his theatre work and his role as DS Jakes in the ITV drama series Endeavour. He is the third son of Michael Laskey, a poet. Laskey trained at the Royal Academy of Dramatic Art.", "url": "https://en.wikipedia.org/wiki/Jack_Laskey", "license": "https://en.wikipedia.org/wiki/Wikipedia:Text_of_Creative_Commons_Attribution-ShareAlike_3.0_Unported_License"}, "description": "Actor"}}], "@context": {"resultScore": "goog:resultScore", "EntitySearchResult": "goog:EntitySearchResult", "kg": "http://g.co/kg", "@vocab": "http://schema.org/", "goog": "http://schema.googleapis.com/", "detailedDescription": "goog:detailedDescription"}, "@type": "ItemList"}