{"itemListElement": [{"resultScore": 13.347621, "@type": "EntitySearchResult", "result": {"name": "Terry Michos", "@type": ["Thing", "Person"], "@id": "kg:/m/02rhglv", "detailedDescription": {"articleBody": "Terry Michos is an American actor. He is known for the role of Vermin in the 1979 cult classic film The Warriors. His last acting credit was in the US TV show Simon &amp; Simon as Roger under the name of Terence Michos. ", "url": "https://en.wikipedia.org/wiki/Terry_Michos", "license": "https://en.wikipedia.org/wiki/Wikipedia:Text_of_Creative_Commons_Attribution-ShareAlike_3.0_Unported_License"}, "description": "American actor"}}], "@context": {"resultScore": "goog:resultScore", "EntitySearchResult": "goog:EntitySearchResult", "kg": "http://g.co/kg", "@vocab": "http://schema.org/", "goog": "http://schema.googleapis.com/", "detailedDescription": "goog:detailedDescription"}, "@type": "ItemList"}