{"itemListElement": [{"resultScore": 14.111819, "@type": "EntitySearchResult", "result": {"name": "Gillian Alexy", "@type": ["Person", "Thing"], "@id": "kg:/m/02rh2wc", "detailedDescription": {"articleBody": "Gillian Alexy is an Australian actress. She is best known for her roles as Tayler Geddes on McLeod's Daughters, Gitta Novak on Damages, and G'Winveer Farrell on Outsiders.", "url": "https://en.wikipedia.org/wiki/Gillian_Alexy", "license": "https://en.wikipedia.org/wiki/Wikipedia:Text_of_Creative_Commons_Attribution-ShareAlike_3.0_Unported_License"}, "description": "Australian actress"}}], "@context": {"resultScore": "goog:resultScore", "EntitySearchResult": "goog:EntitySearchResult", "kg": "http://g.co/kg", "@vocab": "http://schema.org/", "goog": "http://schema.googleapis.com/", "detailedDescription": "goog:detailedDescription"}, "@type": "ItemList"}