{"itemListElement": [{"resultScore": 10.470189, "@type": "EntitySearchResult", "result": {"name": "Zhai Yongming", "@type": ["Thing", "Person"], "@id": "kg:/m/02rlpfy", "detailedDescription": {"articleBody": "Zhai Yongming is a Chinese poet from Chengdu. After being sent away for two years during the Cultural Revolution to do manual labor in the countryside, she returned to Chengdu.\nIn 1981 she began to publish her poems. ", "url": "https://en.wikipedia.org/wiki/Zhai_Yongming", "license": "https://en.wikipedia.org/wiki/Wikipedia:Text_of_Creative_Commons_Attribution-ShareAlike_3.0_Unported_License"}, "description": "Chinese poet"}}], "@context": {"resultScore": "goog:resultScore", "EntitySearchResult": "goog:EntitySearchResult", "kg": "http://g.co/kg", "@vocab": "http://schema.org/", "goog": "http://schema.googleapis.com/", "detailedDescription": "goog:detailedDescription"}, "@type": "ItemList"}