{"itemListElement": [{"resultScore": 13.536322, "@type": "EntitySearchResult", "result": {"@type": ["Thing", "Person"], "detailedDescription": {"articleBody": "Melendy Britt is an American actress active in television and voice acting since the 1970s. Her most notable animated work is for Filmation, voicing characters such as She-Ra, and the second animated Batgirl. ", "url": "https://en.wikipedia.org/wiki/Melendy_Britt", "license": "https://en.wikipedia.org/wiki/Wikipedia:Text_of_Creative_Commons_Attribution-ShareAlike_3.0_Unported_License"}, "description": "American actress", "name": "Melendy Britt", "@id": "kg:/m/02rmwgm", "image": {"contentUrl": "http://t1.gstatic.com/images?q=tbn:ANd9GcSGRug8oU1GlttLAjF79-0yvih1In78-bj89rpY-_Qxj870l5LV", "url": "https://en.wikipedia.org/wiki/Melendy_Britt"}}}], "@context": {"resultScore": "goog:resultScore", "EntitySearchResult": "goog:EntitySearchResult", "kg": "http://g.co/kg", "@vocab": "http://schema.org/", "goog": "http://schema.googleapis.com/", "detailedDescription": "goog:detailedDescription"}, "@type": "ItemList"}