{"itemListElement": [{"resultScore": 19.127028, "@type": "EntitySearchResult", "result": {"@type": ["Thing", "Person"], "detailedDescription": {"articleBody": "Aritz Aduriz Zubeldia is a Spanish professional footballer who plays for Athletic Bilbao as a striker.\nKnown for his aerial ability and first touch, he spent most of his career with Athletic Bilbao, scoring over 150 goals across all competitions for the team over three spells. ", "url": "https://en.wikipedia.org/wiki/Aritz_Aduriz", "license": "https://en.wikipedia.org/wiki/Wikipedia:Text_of_Creative_Commons_Attribution-ShareAlike_3.0_Unported_License"}, "description": "Spanish soccer player", "name": "Aritz Aduriz", "@id": "kg:/m/02rmys3", "image": {"contentUrl": "http://t0.gstatic.com/images?q=tbn:ANd9GcT63c-FBxiUMO7tabZ3Aigrbe8ZfTSex3C80zpaCwA76R455WfF", "url": "https://es.m.wikipedia.org/wiki/Archivo:Aritz_aduriz.jpg"}}}], "@context": {"resultScore": "goog:resultScore", "EntitySearchResult": "goog:EntitySearchResult", "kg": "http://g.co/kg", "@vocab": "http://schema.org/", "goog": "http://schema.googleapis.com/", "detailedDescription": "goog:detailedDescription"}, "@type": "ItemList"}