{"itemListElement": [{"resultScore": 18.032921, "@type": "EntitySearchResult", "result": {"@type": ["Person", "Thing"], "detailedDescription": {"articleBody": "Roberto S\u00e1nchez-Ocampo, better known by his artist names Sandro/Sandro de Am\u00e9rica, Gitano, and the Argentine Elvis, was a notable Argentine singer and actor. ", "url": "https://en.wikipedia.org/wiki/Sandro_de_Am%C3%A9rica", "license": "https://en.wikipedia.org/wiki/Wikipedia:Text_of_Creative_Commons_Attribution-ShareAlike_3.0_Unported_License"}, "description": "Artist", "name": "Sandro de Am\u00e9rica", "@id": "kg:/m/02rqz1r", "image": {"contentUrl": "http://t3.gstatic.com/images?q=tbn:ANd9GcRb3KpahCbk2gPmBvc20w7dA8BC9eD-SUu0OM4EnIq9KAPlyjkP", "url": "https://commons.wikimedia.org/wiki/File:Sandro-sandrodeamerica-1969.jpg"}}}], "@context": {"resultScore": "goog:resultScore", "EntitySearchResult": "goog:EntitySearchResult", "kg": "http://g.co/kg", "@vocab": "http://schema.org/", "goog": "http://schema.googleapis.com/", "detailedDescription": "goog:detailedDescription"}, "@type": "ItemList"}