{"itemListElement": [{"resultScore": 14.107234, "@type": "EntitySearchResult", "result": {"@type": ["Person", "Thing"], "detailedDescription": {"articleBody": "Natalia Zeta is a Spanish pornographic actress.\nShe has posed for adult magazines such as Private, Forward Edge and SIE7E, as well as for the automobile magazines Top Tuning, Tuners and Maxituning.\n", "url": "https://en.wikipedia.org/wiki/Natalia_Zeta", "license": "https://en.wikipedia.org/wiki/Wikipedia:Text_of_Creative_Commons_Attribution-ShareAlike_3.0_Unported_License"}, "description": "Spanish pornographic actress", "name": "Natalia Zeta", "@id": "kg:/m/02rrvfs", "url": "http://www.nataliazeta.com/"}}], "@context": {"resultScore": "goog:resultScore", "EntitySearchResult": "goog:EntitySearchResult", "kg": "http://g.co/kg", "@vocab": "http://schema.org/", "goog": "http://schema.googleapis.com/", "detailedDescription": "goog:detailedDescription"}, "@type": "ItemList"}