{"itemListElement": [{"resultScore": 14.20893, "@type": "EntitySearchResult", "result": {"name": "Jeff MacKay", "@type": ["Person", "Thing"], "@id": "kg:/m/02rss6v", "detailedDescription": {"articleBody": "Jeffery Neill \"Jeff\" MacKay was an American character actor.\nMacKay is best remembered as Magnum's friend \"Mac\" on Magnum, P.I., he was also featured in recurring roles in Black Sheep Squadron, JAG, Battlestar Galactica, Airwolf, The Greatest American Hero and Tales of the Gold Monkey. ", "url": "https://en.wikipedia.org/wiki/Jeff_MacKay", "license": "https://en.wikipedia.org/wiki/Wikipedia:Text_of_Creative_Commons_Attribution-ShareAlike_3.0_Unported_License"}, "description": "American character actor"}}], "@context": {"resultScore": "goog:resultScore", "EntitySearchResult": "goog:EntitySearchResult", "kg": "http://g.co/kg", "@vocab": "http://schema.org/", "goog": "http://schema.googleapis.com/", "detailedDescription": "goog:detailedDescription"}, "@type": "ItemList"}