{"itemListElement": [{"resultScore": 15.465272, "@type": "EntitySearchResult", "result": {"@type": ["Thing", "Person"], "detailedDescription": {"articleBody": "Michael Yeo is a Canadian professional ice hockey coach and former player. He is the former head coach of the Minnesota Wild and St. Louis Blues of the National Hockey League. Yeo grew up in North Bay, Ontario. He had been an assistant coach for the Pittsburgh Penguins and head coach of the American Hockey League's Houston Aeros.", "url": "https://en.wikipedia.org/wiki/Mike_Yeo", "license": "https://en.wikipedia.org/wiki/Wikipedia:Text_of_Creative_Commons_Attribution-ShareAlike_3.0_Unported_License"}, "description": "Canadian ice hockey coach", "name": "Mike Yeo", "@id": "kg:/m/02rts_h", "image": {"contentUrl": "http://t0.gstatic.com/images?q=tbn:ANd9GcRycq1TBcOo14OwTHkkwnVW44wjdhcjDH2U5C_dBk2qzJtVl2ZM", "url": "https://en.wikipedia.org/wiki/Mike_Yeo"}}}], "@context": {"resultScore": "goog:resultScore", "EntitySearchResult": "goog:EntitySearchResult", "kg": "http://g.co/kg", "@vocab": "http://schema.org/", "goog": "http://schema.googleapis.com/", "detailedDescription": "goog:detailedDescription"}, "@type": "ItemList"}