{"itemListElement": [{"resultScore": 18.340462, "@type": "EntitySearchResult", "result": {"@type": ["Person", "Thing"], "detailedDescription": {"articleBody": "Marcelino Garc\u00eda Toral, known simply as Marcelino in his playing days, is a Spanish retired footballer who played as an attacking midfielder, and is the manager of Valencia CF.", "url": "https://en.wikipedia.org/wiki/Marcelino_Garc%C3%ADa_Toral", "license": "https://en.wikipedia.org/wiki/Wikipedia:Text_of_Creative_Commons_Attribution-ShareAlike_3.0_Unported_License"}, "description": "Spanish soccer player", "name": "Marcelino Garc\u00eda Toral", "@id": "kg:/m/02rt445", "image": {"contentUrl": "http://t3.gstatic.com/images?q=tbn:ANd9GcSyp__8SJ4x0XS54efrmzt3XQ_xZOWZqnVr-3keaygEjcjdoej9", "url": "https://en.wikipedia.org/wiki/Marcelino_Garc%C3%ADa_Toral"}}}], "@context": {"resultScore": "goog:resultScore", "EntitySearchResult": "goog:EntitySearchResult", "kg": "http://g.co/kg", "@vocab": "http://schema.org/", "goog": "http://schema.googleapis.com/", "detailedDescription": "goog:detailedDescription"}, "@type": "ItemList"}