{"itemListElement": [{"resultScore": 11.763882, "@type": "EntitySearchResult", "result": {"name": "Cory Paterson", "@type": ["Person", "Thing"], "@id": "kg:/m/02rwzrd", "detailedDescription": {"articleBody": "Cory Paterson is an Australian former professional rugby league footballer who last played for the Toronto Wolfpack in the Betfred Championship. He played as a second-row.\n", "url": "https://en.wikipedia.org/wiki/Cory_Paterson", "license": "https://en.wikipedia.org/wiki/Wikipedia:Text_of_Creative_Commons_Attribution-ShareAlike_3.0_Unported_License"}, "description": "Rugby league second row"}}], "@context": {"resultScore": "goog:resultScore", "EntitySearchResult": "goog:EntitySearchResult", "kg": "http://g.co/kg", "@vocab": "http://schema.org/", "goog": "http://schema.googleapis.com/", "detailedDescription": "goog:detailedDescription"}, "@type": "ItemList"}