{"itemListElement": [{"resultScore": 16.678465, "@type": "EntitySearchResult", "result": {"@type": ["Thing", "Person"], "detailedDescription": {"articleBody": "Samir Khullar, better known as Sugar Sammy, is a Canadian comedian, actor, writer and producer from Montreal, Quebec, Canada. His comedy routines are delivered in a mixture of fluent English, French, Punjabi and Hindi.", "url": "https://en.wikipedia.org/wiki/Sugar_Sammy", "license": "https://en.wikipedia.org/wiki/Wikipedia:Text_of_Creative_Commons_Attribution-ShareAlike_3.0_Unported_License"}, "description": "Canadian comedian", "name": "Sugar Sammy", "@id": "kg:/m/02rw38p", "url": "http://www.sugarsammy.com/"}}], "@context": {"resultScore": "goog:resultScore", "EntitySearchResult": "goog:EntitySearchResult", "kg": "http://g.co/kg", "@vocab": "http://schema.org/", "goog": "http://schema.googleapis.com/", "detailedDescription": "goog:detailedDescription"}, "@type": "ItemList"}