{"itemListElement": [{"resultScore": 20.126863, "@type": "EntitySearchResult", "result": {"@type": ["Person", "Thing"], "detailedDescription": {"articleBody": "Tiffany Tang Yan is a Chinese actress and singer. She graduated from the Central Academy of Drama in 2006. In 2007, she was nominated for the Best Actress award at the Shanghai Television Festival for her film debut in Farewell for Love. ", "url": "https://en.wikipedia.org/wiki/Tiffany_Tang", "license": "https://en.wikipedia.org/wiki/Wikipedia:Text_of_Creative_Commons_Attribution-ShareAlike_3.0_Unported_License"}, "description": "Chinese actress", "name": "Tiffany Tang", "@id": "kg:/m/02ryc2z", "image": {"contentUrl": "http://t3.gstatic.com/images?q=tbn:ANd9GcQ2B-YxMhoE2Mnc6kq02Z8SbDrYd8nimPdMfXd8FYDvN74aLX4S", "url": "https://th.wikipedia.org/wiki/%E0%B8%96%E0%B8%B1%E0%B8%87_%E0%B9%80%E0%B8%A2%E0%B8%B5%E0%B8%A2%E0%B8%99"}}}], "@context": {"resultScore": "goog:resultScore", "EntitySearchResult": "goog:EntitySearchResult", "kg": "http://g.co/kg", "@vocab": "http://schema.org/", "goog": "http://schema.googleapis.com/", "detailedDescription": "goog:detailedDescription"}, "@type": "ItemList"}