{"itemListElement": [{"resultScore": 12.119898, "@type": "EntitySearchResult", "result": {"name": "John Gandel", "@type": ["Person", "Thing"], "@id": "kg:/m/02rywyp", "detailedDescription": {"articleBody": "John Gandel AC, an Australian businessman, property developer and philanthropist, made his fortune in the development of commercial real estate as well as shopping centres located in Melbourne, Victoria.\n", "url": "https://en.wikipedia.org/wiki/John_Gandel", "license": "https://en.wikipedia.org/wiki/Wikipedia:Text_of_Creative_Commons_Attribution-ShareAlike_3.0_Unported_License"}, "description": "Australian businessman"}}], "@context": {"resultScore": "goog:resultScore", "EntitySearchResult": "goog:EntitySearchResult", "kg": "http://g.co/kg", "@vocab": "http://schema.org/", "goog": "http://schema.googleapis.com/", "detailedDescription": "goog:detailedDescription"}, "@type": "ItemList"}