{"itemListElement": [{"resultScore": 15.781351, "@type": "EntitySearchResult", "result": {"@type": ["Thing", "Person"], "detailedDescription": {"articleBody": "Ned Rorem is an American composer and diarist. He won a Pulitzer Prize in 1976.", "url": "https://en.wikipedia.org/wiki/Ned_Rorem", "license": "https://en.wikipedia.org/wiki/Wikipedia:Text_of_Creative_Commons_Attribution-ShareAlike_3.0_Unported_License"}, "description": "American composer", "name": "Ned Rorem", "@id": "kg:/m/02ry2g", "url": "http://www.nedrorem.com/"}}], "@context": {"resultScore": "goog:resultScore", "EntitySearchResult": "goog:EntitySearchResult", "kg": "http://g.co/kg", "@vocab": "http://schema.org/", "goog": "http://schema.googleapis.com/", "detailedDescription": "goog:detailedDescription"}, "@type": "ItemList"}