{"itemListElement": [{"resultScore": 17.007168, "@type": "EntitySearchResult", "result": {"@type": ["Person", "Thing"], "detailedDescription": {"articleBody": "Mabel Ethelreid Normand was an American silent-film actress, screenwriter, director, and producer. She was a popular star and collaborator of Mack Sennett in his Keystone Studios films, and at the height of her career in the late 1910s and early 1920s, had her own movie studio and production company. ", "url": "https://en.wikipedia.org/wiki/Mabel_Normand", "license": "https://en.wikipedia.org/wiki/Wikipedia:Text_of_Creative_Commons_Attribution-ShareAlike_3.0_Unported_License"}, "description": "American film actress", "name": "Mabel Normand", "@id": "kg:/m/02s1j_", "image": {"contentUrl": "http://t3.gstatic.com/images?q=tbn:ANd9GcT4nmZWbg3A0YumVb6_VEc04O1jUyZNCRuHa35tgB_XBev9FnNt", "url": "https://commons.wikimedia.org/wiki/File:Mabel_Normand_001.jpg"}}}], "@context": {"resultScore": "goog:resultScore", "EntitySearchResult": "goog:EntitySearchResult", "kg": "http://g.co/kg", "@vocab": "http://schema.org/", "goog": "http://schema.googleapis.com/", "detailedDescription": "goog:detailedDescription"}, "@type": "ItemList"}