{"itemListElement": [{"resultScore": 18.774624, "@type": "EntitySearchResult", "result": {"@type": ["Person", "Thing"], "detailedDescription": {"articleBody": "Martin Elias Peter \"Marty\" Seligman is an American psychologist, educator, and author of self-help books. Seligman is a strong promoter within the scientific community of his theories of positive psychology and of well-being. ", "url": "https://en.wikipedia.org/wiki/Martin_Seligman", "license": "https://en.wikipedia.org/wiki/Wikipedia:Text_of_Creative_Commons_Attribution-ShareAlike_3.0_Unported_License"}, "description": "American psychologist", "name": "Martin Seligman", "@id": "kg:/m/02s632", "image": {"contentUrl": "http://t1.gstatic.com/images?q=tbn:ANd9GcT81p86SYES-jJIaZP15hoaQ72yBOg62hpL6ZCOZMfhOa3k1FmO", "url": "https://zh.wikipedia.org/zh/File:Flickr_-_The_U.S._Army_-_Comprehensive_Soldiers_Fitness_(1)cropped.jpg"}}}], "@context": {"resultScore": "goog:resultScore", "EntitySearchResult": "goog:EntitySearchResult", "kg": "http://g.co/kg", "@vocab": "http://schema.org/", "goog": "http://schema.googleapis.com/", "detailedDescription": "goog:detailedDescription"}, "@type": "ItemList"}