{"itemListElement": [{"resultScore": 13.915313, "@type": "EntitySearchResult", "result": {"@type": ["Thing", "Person"], "detailedDescription": {"articleBody": "Emin Boztepe is an American martial artist of Turkish origin who held German nationality prior to naturalization. He first came to prominence for his fight in 1986 with noted Wing Chun practitioner William Cheung, and he continued to gain attention in the 1990s with a public challenge of the Gracie family. ", "url": "https://en.wikipedia.org/wiki/Emin_Boztepe", "license": "https://en.wikipedia.org/wiki/Wikipedia:Text_of_Creative_Commons_Attribution-ShareAlike_3.0_Unported_License"}, "description": "Martial artist", "name": "Emin Boztepe", "@id": "kg:/m/02skj", "image": {"contentUrl": "http://t1.gstatic.com/images?q=tbn:ANd9GcQIZMyUWU4HVEO2RHapEXi4jxqVSsANLUWKp723qvzf1fpJ-dMZ", "url": "https://en.wikipedia.org/wiki/Emin_Boztepe"}}}], "@context": {"resultScore": "goog:resultScore", "EntitySearchResult": "goog:EntitySearchResult", "kg": "http://g.co/kg", "@vocab": "http://schema.org/", "goog": "http://schema.googleapis.com/", "detailedDescription": "goog:detailedDescription"}, "@type": "ItemList"}