{"itemListElement": [{"resultScore": 12.75976, "@type": "EntitySearchResult", "result": {"name": "Gerald Campion", "@type": ["Person", "Thing"], "@id": "kg:/m/02sqj0", "detailedDescription": {"articleBody": "Gerald Theron Campion was an English actor best remembered for his role as Billy Bunter in a 1950s television adaptation of books by Frank Richards.", "url": "https://en.wikipedia.org/wiki/Gerald_Campion", "license": "https://en.wikipedia.org/wiki/Wikipedia:Text_of_Creative_Commons_Attribution-ShareAlike_3.0_Unported_License"}, "description": "Actor"}}], "@context": {"resultScore": "goog:resultScore", "EntitySearchResult": "goog:EntitySearchResult", "kg": "http://g.co/kg", "@vocab": "http://schema.org/", "goog": "http://schema.googleapis.com/", "detailedDescription": "goog:detailedDescription"}, "@type": "ItemList"}