{"itemListElement": [{"resultScore": 20.273996, "@type": "EntitySearchResult", "result": {"@type": ["Person", "Thing"], "detailedDescription": {"articleBody": "Allison Christin Mack is a German-born American actress, known for her roles as Chloe Sullivan on the WB/CW series Smallville and as Amanda on the FX series Wilfred. ", "url": "https://en.wikipedia.org/wiki/Allison_Mack", "license": "https://en.wikipedia.org/wiki/Wikipedia:Text_of_Creative_Commons_Attribution-ShareAlike_3.0_Unported_License"}, "description": "American-German actress", "name": "Allison Mack", "@id": "kg:/m/02t448", "url": "http://allisonmack.com/", "image": {"contentUrl": "http://t0.gstatic.com/images?q=tbn:ANd9GcRM0Q09WpoG_DDF_bxmLCLJnd_42QTzQbZh6U4UO9BAEELjB_P_", "url": "https://commons.wikimedia.org/wiki/File:Allison_Mack_at_ComicCon_2009_NN.jpg"}}}], "@context": {"resultScore": "goog:resultScore", "EntitySearchResult": "goog:EntitySearchResult", "kg": "http://g.co/kg", "@vocab": "http://schema.org/", "goog": "http://schema.googleapis.com/", "detailedDescription": "goog:detailedDescription"}, "@type": "ItemList"}