{"itemListElement": [{"resultScore": 18.20546, "@type": "EntitySearchResult", "result": {"name": "Jacques Maritain", "@type": ["Person", "Thing"], "@id": "kg:/m/02t88h", "detailedDescription": {"articleBody": "Jacques Maritain was a French Catholic philosopher. Raised Protestant, he was agnostic before converting to Catholicism in 1906. ", "url": "https://en.wikipedia.org/wiki/Jacques_Maritain", "license": "https://en.wikipedia.org/wiki/Wikipedia:Text_of_Creative_Commons_Attribution-ShareAlike_3.0_Unported_License"}, "description": "French philosopher"}}], "@context": {"resultScore": "goog:resultScore", "EntitySearchResult": "goog:EntitySearchResult", "kg": "http://g.co/kg", "@vocab": "http://schema.org/", "goog": "http://schema.googleapis.com/", "detailedDescription": "goog:detailedDescription"}, "@type": "ItemList"}