{"itemListElement": [{"resultScore": 16.328941, "@type": "EntitySearchResult", "result": {"@type": ["Person", "Thing"], "detailedDescription": {"articleBody": "Sada Abe was a Japanese woman, a geisha and prostitute, who is remembered for erotically asphyxiating her lover, Kichiz\u014d Ishida, on May 18, 1936, and then cutting off his penis and testicles and carrying them around with her in her kimono. ", "url": "https://en.wikipedia.org/wiki/Sada_Abe", "license": "https://en.wikipedia.org/wiki/Wikipedia:Text_of_Creative_Commons_Attribution-ShareAlike_3.0_Unported_License"}, "description": "Japanese geisha", "name": "Sada Abe", "@id": "kg:/m/02tcmt", "image": {"contentUrl": "http://t1.gstatic.com/images?q=tbn:ANd9GcTnK6iOjBhe48LbrDaYLD_tDR92i0yrFOj7YXLwNznSbXStESSm", "url": "https://commons.wikimedia.org/wiki/File:Sada_Abe.jpg"}}}], "@context": {"resultScore": "goog:resultScore", "EntitySearchResult": "goog:EntitySearchResult", "kg": "http://g.co/kg", "@vocab": "http://schema.org/", "goog": "http://schema.googleapis.com/", "detailedDescription": "goog:detailedDescription"}, "@type": "ItemList"}