{"itemListElement": [{"resultScore": 20.119642, "@type": "EntitySearchResult", "result": {"@type": ["Person", "Thing"], "detailedDescription": {"articleBody": "H\u00e9ctor Juan P\u00e9rez Mart\u00ednez, better known as H\u00e9ctor Lavoe, was a Puerto Rican salsa singer. Lavoe is considered to be possibly the best and most important singer and interpreter in the history of salsa music because he helped to establish the popularity of this musical genre in the decades of 1960s, 1970s and 1980s. ", "url": "https://en.wikipedia.org/wiki/H%C3%A9ctor_Lavoe", "license": "https://en.wikipedia.org/wiki/Wikipedia:Text_of_Creative_Commons_Attribution-ShareAlike_3.0_Unported_License"}, "description": "Puerto Rican singer", "name": "H\u00e9ctor Lavoe", "@id": "kg:/m/02tdmh", "url": "http://www.hectorlavoe.com/", "image": {"contentUrl": "http://t0.gstatic.com/images?q=tbn:ANd9GcSADvXIllv0YTpLgdvD2jAcG7Fawu57FrXrEr7qqCMRWaXLvyPF", "url": "https://commons.wikimedia.org/wiki/File:Hector_%22La_Voz%22_Lavoe.jpg"}}}], "@context": {"resultScore": "goog:resultScore", "EntitySearchResult": "goog:EntitySearchResult", "kg": "http://g.co/kg", "@vocab": "http://schema.org/", "goog": "http://schema.googleapis.com/", "detailedDescription": "goog:detailedDescription"}, "@type": "ItemList"}