{"itemListElement": [{"resultScore": 17.318295, "@type": "EntitySearchResult", "result": {"@type": ["Thing", "Person"], "detailedDescription": {"articleBody": "Avery Franklin Brooks is an American actor, director, singer, and educator. He is best known for his television roles as Benjamin Sisko on Star Trek: Deep Space Nine, as Hawk on Spenser: For Hire and its spinoff A Man Called Hawk, and as Dr. ", "url": "https://en.wikipedia.org/wiki/Avery_Brooks", "license": "https://en.wikipedia.org/wiki/Wikipedia:Text_of_Creative_Commons_Attribution-ShareAlike_3.0_Unported_License"}, "description": "American actor", "name": "Avery Brooks", "@id": "kg:/m/02tq0b", "image": {"contentUrl": "http://t1.gstatic.com/images?q=tbn:ANd9GcSeigDkCDEnCH0sfSK2h-94p7J9K2KjZHRwMDWLDh2CpneJt41K", "url": "https://en.wikipedia.org/wiki/Avery_Brooks"}}}], "@context": {"resultScore": "goog:resultScore", "EntitySearchResult": "goog:EntitySearchResult", "kg": "http://g.co/kg", "@vocab": "http://schema.org/", "goog": "http://schema.googleapis.com/", "detailedDescription": "goog:detailedDescription"}, "@type": "ItemList"}