{"itemListElement": [{"resultScore": 14.057296, "@type": "EntitySearchResult", "result": {"name": "Tara Newley", "@type": ["Person", "Thing"], "@id": "kg:/m/02tqbh", "detailedDescription": {"articleBody": "Tara Cynara Newley is an English singer.\nNewley was born in New York City. She is the daughter of actress Joan Collins and actor/composer/singer Anthony Newley, and sister to Sacha Newley. ", "url": "https://en.wikipedia.org/wiki/Tara_Newley", "license": "https://en.wikipedia.org/wiki/Wikipedia:Text_of_Creative_Commons_Attribution-ShareAlike_3.0_Unported_License"}, "description": "Singer"}}], "@context": {"resultScore": "goog:resultScore", "EntitySearchResult": "goog:EntitySearchResult", "kg": "http://g.co/kg", "@vocab": "http://schema.org/", "goog": "http://schema.googleapis.com/", "detailedDescription": "goog:detailedDescription"}, "@type": "ItemList"}