{"itemListElement": [{"resultScore": 18.995037, "@type": "EntitySearchResult", "result": {"@type": ["Thing", "Person"], "detailedDescription": {"articleBody": "Edoardo Bennato is an Italian singer-songwriter. He is the brother of the singer-songwriter Eugenio Bennato.", "url": "https://en.wikipedia.org/wiki/Edoardo_Bennato", "license": "https://en.wikipedia.org/wiki/Wikipedia:Text_of_Creative_Commons_Attribution-ShareAlike_3.0_Unported_License"}, "description": "Italian singer-songwriter", "name": "Edoardo Bennato", "@id": "kg:/m/02vfr_", "url": "http://www.bennato.net/", "image": {"contentUrl": "http://t3.gstatic.com/images?q=tbn:ANd9GcSCumZZ4W_yJrvbwQiqGE99JO6RfkGEUyuISahnRuqAq3XWAfwI", "url": "https://it.wikipedia.org/wiki/Edoardo_Bennato"}}}], "@context": {"resultScore": "goog:resultScore", "EntitySearchResult": "goog:EntitySearchResult", "kg": "http://g.co/kg", "@vocab": "http://schema.org/", "goog": "http://schema.googleapis.com/", "detailedDescription": "goog:detailedDescription"}, "@type": "ItemList"}