{"itemListElement": [{"resultScore": 14.525141, "@type": "EntitySearchResult", "result": {"@type": ["Thing", "Person"], "detailedDescription": {"articleBody": "Amber Lee Ettinger is an American actress, Internet celebrity, model and singer.\nEttinger became notable after being hired to portray Obama Girl in Barely Political's June 2007 Internet video \"Crush on Obama\", in which she lip-synced the lyrics to the song expressing admiration of then-U.S. ", "url": "https://en.wikipedia.org/wiki/Amber_Lee_Ettinger", "license": "https://en.wikipedia.org/wiki/Wikipedia:Text_of_Creative_Commons_Attribution-ShareAlike_3.0_Unported_License"}, "description": "American actress", "name": "Amber Lee Ettinger", "@id": "kg:/m/02vktn2", "image": {"contentUrl": "http://t2.gstatic.com/images?q=tbn:ANd9GcRndjS2M0HXNwHzoQeqXycjNzCXYPvSKCTxCdhed_awsIit0BJL", "url": "https://commons.wikimedia.org/wiki/File:Amber_Lee_Ettinger.png"}}}], "@context": {"resultScore": "goog:resultScore", "EntitySearchResult": "goog:EntitySearchResult", "kg": "http://g.co/kg", "@vocab": "http://schema.org/", "goog": "http://schema.googleapis.com/", "detailedDescription": "goog:detailedDescription"}, "@type": "ItemList"}