{"itemListElement": [{"resultScore": 17.438894, "@type": "EntitySearchResult", "result": {"@type": ["Person", "Thing"], "detailedDescription": {"articleBody": "Esther Daphna \"Esti\" Ginzburg-Keizman, is an Israeli fashion model. She has modeled in international campaigns for brands like Tommy Hilfiger, Burberry, FCUK, Pull and Bear, and Castro. ", "url": "https://en.wikipedia.org/wiki/Esti_Ginzburg", "license": "https://en.wikipedia.org/wiki/Wikipedia:Text_of_Creative_Commons_Attribution-ShareAlike_3.0_Unported_License"}, "description": "Israeli model", "name": "Esti Ginzburg", "@id": "kg:/m/02vl4dl", "image": {"contentUrl": "http://t2.gstatic.com/images?q=tbn:ANd9GcS-40jim5Z2XOl5PH-iZJQf-b5spP8YIJeUgtZ-Mqx1wAAsfLes", "url": "https://commons.wikimedia.org/wiki/File:Esti_Ginzborg,_taken_by_Michal_Bar.jpg"}}}], "@context": {"resultScore": "goog:resultScore", "EntitySearchResult": "goog:EntitySearchResult", "kg": "http://g.co/kg", "@vocab": "http://schema.org/", "goog": "http://schema.googleapis.com/", "detailedDescription": "goog:detailedDescription"}, "@type": "ItemList"}