{"itemListElement": [{"resultScore": 19.684742, "@type": "EntitySearchResult", "result": {"@type": ["Person", "Thing"], "detailedDescription": {"articleBody": "James Anthony Happ is an American professional baseball pitcher for the New York Yankees of Major League Baseball. He has previously played for the Philadelphia Phillies, Houston Astros, Toronto Blue Jays, Seattle Mariners, and Pittsburgh Pirates. ", "url": "https://en.wikipedia.org/wiki/J._A._Happ", "license": "https://en.wikipedia.org/wiki/Wikipedia:Text_of_Creative_Commons_Attribution-ShareAlike_3.0_Unported_License"}, "description": "Baseball pitcher", "name": "J. A. Happ", "@id": "kg:/m/02vl3gn", "image": {"contentUrl": "http://t1.gstatic.com/images?q=tbn:ANd9GcTUUFvPqpOszX4wqjoxs9Dsq9AP_Xx-nk0GRWiyEHvgQDmu7Y9w", "url": "https://en.wikipedia.org/wiki/J._A._Happ"}}}], "@context": {"resultScore": "goog:resultScore", "EntitySearchResult": "goog:EntitySearchResult", "kg": "http://g.co/kg", "@vocab": "http://schema.org/", "goog": "http://schema.googleapis.com/", "detailedDescription": "goog:detailedDescription"}, "@type": "ItemList"}