{"itemListElement": [{"resultScore": 15.155794, "@type": "EntitySearchResult", "result": {"@type": ["Person", "Thing"], "detailedDescription": {"articleBody": "Alberto Undiano Mallenco is a Spanish football referee who currently resides in Anso\u00e1in. He has been a full international referee for FIFA since 2004. Undiano is also a part-time sociologist.", "url": "https://en.wikipedia.org/wiki/Alberto_Undiano_Mallenco", "license": "https://en.wikipedia.org/wiki/Wikipedia:Text_of_Creative_Commons_Attribution-ShareAlike_3.0_Unported_License"}, "description": "Spanish football referee", "name": "Alberto Undiano Mallenco", "@id": "kg:/m/02vm_ph", "image": {"contentUrl": "http://t3.gstatic.com/images?q=tbn:ANd9GcSj-1qPMvDF_tvQlHvrCGPFwjKmUMFBCHtXTo8unW0N9lVsF5Q5", "url": "https://en.wikipedia.org/wiki/Alberto_Undiano_Mallenco"}}}], "@context": {"resultScore": "goog:resultScore", "EntitySearchResult": "goog:EntitySearchResult", "kg": "http://g.co/kg", "@vocab": "http://schema.org/", "goog": "http://schema.googleapis.com/", "detailedDescription": "goog:detailedDescription"}, "@type": "ItemList"}