{"itemListElement": [{"resultScore": 18.241968, "@type": "EntitySearchResult", "result": {"@type": ["Thing", "Person"], "detailedDescription": {"articleBody": "Aristotle Pollisco, known by his stage name Gloc-9, is an Awit Award-winning Filipino rapper and songwriter. His fast-flowing vocal style has made him one of the most successful hip-hop artists in the Philippines. ", "url": "https://en.wikipedia.org/wiki/Gloc-9", "license": "https://en.wikipedia.org/wiki/Wikipedia:Text_of_Creative_Commons_Attribution-ShareAlike_3.0_Unported_License"}, "description": "Filipino rapper", "name": "Gloc-9", "@id": "kg:/m/02vmxph", "url": "http://glocdash9.com/"}}], "@context": {"resultScore": "goog:resultScore", "EntitySearchResult": "goog:EntitySearchResult", "kg": "http://g.co/kg", "@vocab": "http://schema.org/", "goog": "http://schema.googleapis.com/", "detailedDescription": "goog:detailedDescription"}, "@type": "ItemList"}