{"itemListElement": [{"resultScore": 26.040188, "@type": "EntitySearchResult", "result": {"@type": ["Person", "Thing"], "detailedDescription": {"articleBody": "Anne Jacqueline Hathaway is an American actress and singer. One of the world's highest-paid actresses in 2015, she has received multiple awards, including an Academy Award, a Golden Globe, a British Academy Film Award, and a Primetime Emmy Award. ", "url": "https://en.wikipedia.org/wiki/Anne_Hathaway", "license": "https://en.wikipedia.org/wiki/Wikipedia:Text_of_Creative_Commons_Attribution-ShareAlike_3.0_Unported_License"}, "description": "American actress", "name": "Anne Hathaway", "@id": "kg:/m/02vntj", "image": {"contentUrl": "http://t3.gstatic.com/images?q=tbn:ANd9GcRjPpFTXkBBNn7A5gnX_tpk8fBwIFiz4O62_7zI-gK3H0QXhBED", "url": "https://commons.wikimedia.org/wiki/File:AnneHathawayAAFeb09.jpg"}}}], "@context": {"resultScore": "goog:resultScore", "EntitySearchResult": "goog:EntitySearchResult", "kg": "http://g.co/kg", "@vocab": "http://schema.org/", "goog": "http://schema.googleapis.com/", "detailedDescription": "goog:detailedDescription"}, "@type": "ItemList"}