{"itemListElement": [{"resultScore": 11.874615, "@type": "EntitySearchResult", "result": {"@type": ["Thing", "Person"], "detailedDescription": {"articleBody": "Zaurbek Musaevich Baysangurov is a Russian professional boxer. He is a former WBO and IBO light middleweight champion, having held the IBO title twice between 2010\u20132015 and the WBO title between 2011\u20132013. ", "url": "https://en.wikipedia.org/wiki/Zaurbek_Baysangurov", "license": "https://en.wikipedia.org/wiki/Wikipedia:Text_of_Creative_Commons_Attribution-ShareAlike_3.0_Unported_License"}, "description": "Russian boxer", "name": "Zaurbek Baysangurov", "@id": "kg:/m/02vphmw", "image": {"contentUrl": "http://t3.gstatic.com/images?q=tbn:ANd9GcQzM1Xq4-GOcr9a8szAG_6GlOdGauqwIIc0RPybDdbCcJzgaEX2", "url": "https://en.wikipedia.org/wiki/Zaurbek_Baysangurov"}}}], "@context": {"resultScore": "goog:resultScore", "EntitySearchResult": "goog:EntitySearchResult", "kg": "http://g.co/kg", "@vocab": "http://schema.org/", "goog": "http://schema.googleapis.com/", "detailedDescription": "goog:detailedDescription"}, "@type": "ItemList"}