{"itemListElement": [{"resultScore": 13.811222, "@type": "EntitySearchResult", "result": {"@type": ["Thing", "Person"], "detailedDescription": {"articleBody": "Deryl Dwaine Dodd is an American Texas country music artist. Originally a regular on the Texas club circuit, he moved to Nashville, Tennessee, soon finding work as a lead guitar player, background vocalist and songwriter. ", "url": "https://en.wikipedia.org/wiki/Deryl_Dodd", "license": "https://en.wikipedia.org/wiki/Wikipedia:Text_of_Creative_Commons_Attribution-ShareAlike_3.0_Unported_License"}, "description": "American musical artist", "name": "Deryl Dodd", "@id": "kg:/m/02vw_wp", "url": "http://www.deryldodd.com/"}}], "@context": {"resultScore": "goog:resultScore", "EntitySearchResult": "goog:EntitySearchResult", "kg": "http://g.co/kg", "@vocab": "http://schema.org/", "goog": "http://schema.googleapis.com/", "detailedDescription": "goog:detailedDescription"}, "@type": "ItemList"}