{"itemListElement": [{"resultScore": 16.497595, "@type": "EntitySearchResult", "result": {"@type": ["Thing", "Person"], "detailedDescription": {"articleBody": "Sebastian Pr\u00f6dl is an Austrian professional footballer who plays as a defender for Premier League club Watford and the Austrian national team. A full international since 2007, he represented his nation at Euro 2008.\n", "url": "https://en.wikipedia.org/wiki/Sebastian_Pr%C3%B6dl", "license": "https://en.wikipedia.org/wiki/Wikipedia:Text_of_Creative_Commons_Attribution-ShareAlike_3.0_Unported_License"}, "description": "Austrian soccer player", "name": "Sebastian Pr\u00f6dl", "@id": "kg:/m/02vxqtf", "image": {"contentUrl": "http://t0.gstatic.com/images?q=tbn:ANd9GcS6I34If7Y10wr8VBLBJJe2AWTOMsND-FjsYVVAUgSboc5ZsDJF", "url": "https://en.wikipedia.org/wiki/Sebastian_Pr%C3%B6dl"}}}], "@context": {"resultScore": "goog:resultScore", "EntitySearchResult": "goog:EntitySearchResult", "kg": "http://g.co/kg", "@vocab": "http://schema.org/", "goog": "http://schema.googleapis.com/", "detailedDescription": "goog:detailedDescription"}, "@type": "ItemList"}