{"itemListElement": [{"resultScore": 16.029747, "@type": "EntitySearchResult", "result": {"@type": ["Person", "Thing"], "detailedDescription": {"articleBody": "Urvashi Sharma is an Indian Bollywood actress and model, born in Delhi. She has appeared in numerous print and television advertisements and featured in music videos like Saiyyan Dil Me Ana Re, Mika's Something Something and Atif Aslam's Doorie. ", "url": "https://en.wikipedia.org/wiki/Urvashi_Sharma", "license": "https://en.wikipedia.org/wiki/Wikipedia:Text_of_Creative_Commons_Attribution-ShareAlike_3.0_Unported_License"}, "description": "Indian actress", "name": "Urvashi Sharma", "@id": "kg:/m/02vxk8l", "image": {"contentUrl": "http://t1.gstatic.com/images?q=tbn:ANd9GcQTI61w0n4tYe6LhKLUXOtuTJGL8FBvrOro_dagYrA11TMe7RNJ", "url": "https://commons.wikimedia.org/wiki/File:Urvashi_Sharma_at_the_Premiere_of_%27The_Dark_Knight_Rises%27.jpg"}}}], "@context": {"resultScore": "goog:resultScore", "EntitySearchResult": "goog:EntitySearchResult", "kg": "http://g.co/kg", "@vocab": "http://schema.org/", "goog": "http://schema.googleapis.com/", "detailedDescription": "goog:detailedDescription"}, "@type": "ItemList"}