{"itemListElement": [{"resultScore": 18.528759, "@type": "EntitySearchResult", "result": {"@type": ["Person", "Thing"], "detailedDescription": {"articleBody": "Chelsea Kane Staub, known professionally as Chelsea Kane since early 2011, is an American actress and singer. She is known for her role as Stella Malone in the Disney Channel sitcom television series Jonas and the role of Riley Perrin in the Freeform sitcom, Baby Daddy.", "url": "https://en.wikipedia.org/wiki/Chelsea_Kane", "license": "https://en.wikipedia.org/wiki/Wikipedia:Text_of_Creative_Commons_Attribution-ShareAlike_3.0_Unported_License"}, "description": "American actress", "name": "Chelsea Kane", "@id": "kg:/m/02vydtw", "url": "http://chelseakane.com/", "image": {"contentUrl": "http://t2.gstatic.com/images?q=tbn:ANd9GcTUuy4c7ERwAmBVhxx1jUcqiplvNVDUqHcitItm2PrGZcIRulFk", "url": "https://commons.wikimedia.org/wiki/File:Chelsea_Kane_(Headshot).jpg"}}}], "@context": {"resultScore": "goog:resultScore", "EntitySearchResult": "goog:EntitySearchResult", "kg": "http://g.co/kg", "@vocab": "http://schema.org/", "goog": "http://schema.googleapis.com/", "detailedDescription": "goog:detailedDescription"}, "@type": "ItemList"}