{"itemListElement": [{"resultScore": 16.289967, "@type": "EntitySearchResult", "result": {"@type": ["Thing", "Person"], "detailedDescription": {"articleBody": "Tony Drago is a Maltese former professional snooker and pool player. He reached the quarter finals of the World Snooker Championship in 1988. ", "url": "https://en.wikipedia.org/wiki/Tony_Drago", "license": "https://en.wikipedia.org/wiki/Wikipedia:Text_of_Creative_Commons_Attribution-ShareAlike_3.0_Unported_License"}, "description": "Maltese pool player", "name": "Tony Drago", "@id": "kg:/m/02w6c3", "image": {"contentUrl": "http://t3.gstatic.com/images?q=tbn:ANd9GcSfBzF4LvApUFHZkwd7qaUOGlMIoyQ0_pAss-8PdpBK25QMfnSn", "url": "https://commons.wikimedia.org/wiki/File:MC2008_M10_012_-_Tony_Drago.JPG"}}}], "@context": {"resultScore": "goog:resultScore", "EntitySearchResult": "goog:EntitySearchResult", "kg": "http://g.co/kg", "@vocab": "http://schema.org/", "goog": "http://schema.googleapis.com/", "detailedDescription": "goog:detailedDescription"}, "@type": "ItemList"}