{"itemListElement": [{"resultScore": 11.89928, "@type": "EntitySearchResult", "result": {"name": "Andr\u00e9e Melly", "@type": ["Thing", "Person"], "@id": "kg:/m/02w9q3q", "detailedDescription": {"articleBody": "Andr\u00e9e Melly is an English actress.\nBorn in Liverpool, Lancashire, she appeared in many British films, including the comedy The Belles of St Trinian's and the Hammer Horror film The Brides of Dracula. ", "url": "https://en.wikipedia.org/wiki/Andr%C3%A9e_Melly", "license": "https://en.wikipedia.org/wiki/Wikipedia:Text_of_Creative_Commons_Attribution-ShareAlike_3.0_Unported_License"}, "description": "English actress"}}], "@context": {"resultScore": "goog:resultScore", "EntitySearchResult": "goog:EntitySearchResult", "kg": "http://g.co/kg", "@vocab": "http://schema.org/", "goog": "http://schema.googleapis.com/", "detailedDescription": "goog:detailedDescription"}, "@type": "ItemList"}