{"itemListElement": [{"resultScore": 14.195118, "@type": "EntitySearchResult", "result": {"name": "Ashley Spencer", "@type": ["Person", "Thing"], "@id": "kg:/m/02wccv8", "detailedDescription": {"articleBody": "Ashley Spencer is an American actress, singer, and dancer. Spencer was a contestant on NBC's show Grease: You're the One that I Want! She was the understudy for Barbie in the Barbie in Fairytopia tour, in which she sang and danced ballet.", "url": "https://en.wikipedia.org/wiki/Ashley_Spencer_(actress)", "license": "https://en.wikipedia.org/wiki/Wikipedia:Text_of_Creative_Commons_Attribution-ShareAlike_3.0_Unported_License"}, "description": "American actress"}}], "@context": {"resultScore": "goog:resultScore", "EntitySearchResult": "goog:EntitySearchResult", "kg": "http://g.co/kg", "@vocab": "http://schema.org/", "goog": "http://schema.googleapis.com/", "detailedDescription": "goog:detailedDescription"}, "@type": "ItemList"}