{"itemListElement": [{"resultScore": 16.907637, "@type": "EntitySearchResult", "result": {"@type": ["Person", "Thing"], "detailedDescription": {"articleBody": "Laura Juliet Kuenssberg is a British journalist. In July 2015, she was appointed as the political editor of BBC News, the first woman to hold the position, in succession to Nick Robinson.", "url": "https://en.wikipedia.org/wiki/Laura_Kuenssberg", "license": "https://en.wikipedia.org/wiki/Wikipedia:Text_of_Creative_Commons_Attribution-ShareAlike_3.0_Unported_License"}, "description": "British journalist", "name": "Laura Kuenssberg", "@id": "kg:/m/02wc0j8", "image": {"contentUrl": "http://t0.gstatic.com/images?q=tbn:ANd9GcRoy3UzQQfHYh1EEWJj-a8MHuJEgcpaEqco34fBLKAd6QJu9NT4", "url": "https://commons.wikimedia.org/wiki/File:Laura_Kuenssberg_and_Rachel_Reeves_MP.jpg"}}}], "@context": {"resultScore": "goog:resultScore", "EntitySearchResult": "goog:EntitySearchResult", "kg": "http://g.co/kg", "@vocab": "http://schema.org/", "goog": "http://schema.googleapis.com/", "detailedDescription": "goog:detailedDescription"}, "@type": "ItemList"}