{"itemListElement": [{"resultScore": 26.229301, "@type": "EntitySearchResult", "result": {"@type": ["Thing", "Person"], "detailedDescription": {"articleBody": "Frank Vincent Zappa was an American musician, composer, activist and filmmaker. His work is characterized by nonconformity, free-form improvisation, sound experiments, musical virtuosity, and satire of American culture. ", "url": "https://en.wikipedia.org/wiki/Frank_Zappa", "license": "https://en.wikipedia.org/wiki/Wikipedia:Text_of_Creative_Commons_Attribution-ShareAlike_3.0_Unported_License"}, "description": "American musician", "name": "Frank Zappa", "@id": "kg:/m/02whj", "url": "http://www.zappa.com/", "image": {"contentUrl": "http://t1.gstatic.com/images?q=tbn:ANd9GcRv8M2LXIRQl4k-_sm8h6xJNVJfUlVVAIuYMGI57LWzg-2SqGUK", "url": "https://commons.wikimedia.org/wiki/File:Frank_Zappa_1973_2.JPG"}}}], "@context": {"resultScore": "goog:resultScore", "EntitySearchResult": "goog:EntitySearchResult", "kg": "http://g.co/kg", "@vocab": "http://schema.org/", "goog": "http://schema.googleapis.com/", "detailedDescription": "goog:detailedDescription"}, "@type": "ItemList"}