{"itemListElement": [{"resultScore": 12.365079, "@type": "EntitySearchResult", "result": {"@type": ["Person", "Thing"], "detailedDescription": {"articleBody": "Karen Beth Disher is an American film director and storyboard artist who has played in many voice-over roles in movies, TV, cartoons and video games. She is an artist at Blue Sky Studios, an in-house studio at 20th Century Fox Animation.", "url": "https://en.wikipedia.org/wiki/Karen_Disher", "license": "https://en.wikipedia.org/wiki/Wikipedia:Text_of_Creative_Commons_Attribution-ShareAlike_3.0_Unported_License"}, "description": "American film director", "name": "Karen Disher", "@id": "kg:/m/02wl6tn", "image": {"contentUrl": "http://t0.gstatic.com/images?q=tbn:ANd9GcTIWd_2QiJEKQ3tIzKGuftTUEt9OqNcERCAKQ2cJNoh9a3Ofe6A", "url": "https://en.wikipedia.org/wiki/Karen_Disher"}}}], "@context": {"resultScore": "goog:resultScore", "EntitySearchResult": "goog:EntitySearchResult", "kg": "http://g.co/kg", "@vocab": "http://schema.org/", "goog": "http://schema.googleapis.com/", "detailedDescription": "goog:detailedDescription"}, "@type": "ItemList"}