{"itemListElement": [{"resultScore": 18.462332, "@type": "EntitySearchResult", "result": {"@type": ["Thing", "Person"], "detailedDescription": {"articleBody": "Just Fontaine is a retired French professional footballer. A prolific forward, he is best known for scoring the most goals in a single edition of the FIFA World Cup, with 13 in six matches in 1958. ", "url": "https://en.wikipedia.org/wiki/Just_Fontaine", "license": "https://en.wikipedia.org/wiki/Wikipedia:Text_of_Creative_Commons_Attribution-ShareAlike_3.0_Unported_License"}, "description": "Soccer player", "name": "Just Fontaine", "@id": "kg:/m/02wxlt", "image": {"contentUrl": "http://t3.gstatic.com/images?q=tbn:ANd9GcSHrcadEdtH8i7urHYOfqr1sqvqiuVKmJ954j1HBCeBhbONMY9x", "url": "https://en.wikipedia.org/wiki/Just_Fontaine"}}}], "@context": {"resultScore": "goog:resultScore", "EntitySearchResult": "goog:EntitySearchResult", "kg": "http://g.co/kg", "@vocab": "http://schema.org/", "goog": "http://schema.googleapis.com/", "detailedDescription": "goog:detailedDescription"}, "@type": "ItemList"}