{"itemListElement": [{"resultScore": 19.26099, "@type": "EntitySearchResult", "result": {"@type": ["Thing", "Person"], "detailedDescription": {"articleBody": "Holly Rene Holm-Kirkpatrick is an American mixed martial artist who competes in the Ultimate Fighting Championship. She is the former UFC Women's Bantamweight Champion, and a former professional boxer and kickboxer. ", "url": "https://en.wikipedia.org/wiki/Holly_Holm", "license": "https://en.wikipedia.org/wiki/Wikipedia:Text_of_Creative_Commons_Attribution-ShareAlike_3.0_Unported_License"}, "description": "American mixed martial artist", "name": "Holly Holm", "@id": "kg:/m/02wy_s8", "url": "http://hollyholm.com/", "image": {"contentUrl": "http://t1.gstatic.com/images?q=tbn:ANd9GcRTGq9As3BITMhtz22BVq1qHwB_3Nc59IGNp7cO7ncg7_wy81Zv", "url": "https://commons.wikimedia.org/wiki/File:Holly_Holm.jpg"}}}], "@context": {"resultScore": "goog:resultScore", "EntitySearchResult": "goog:EntitySearchResult", "kg": "http://g.co/kg", "@vocab": "http://schema.org/", "goog": "http://schema.googleapis.com/", "detailedDescription": "goog:detailedDescription"}, "@type": "ItemList"}