{"itemListElement": [{"resultScore": 14.788801, "@type": "EntitySearchResult", "result": {"@type": ["Person", "Thing"], "detailedDescription": {"articleBody": "Jennifer Lynne Brown is an American sports broadcaster and television host. A former Division I Collegiate Athlete for the University of Florida, she spent eight years as a reporter and host for ESPN and American Ninja Warrior.\n", "url": "https://en.wikipedia.org/wiki/Jenn_Brown", "license": "https://en.wikipedia.org/wiki/Wikipedia:Text_of_Creative_Commons_Attribution-ShareAlike_3.0_Unported_License"}, "description": "American broadcaster", "name": "Jenn Brown", "@id": "kg:/m/02wyyhd", "url": "http://www.jennbrown.com/", "image": {"contentUrl": "http://t2.gstatic.com/images?q=tbn:ANd9GcSKlmRZBQpE_dyqm-58LMd3s-45zgHtLMFqlRunChsTyzcCVvPc", "url": "https://en.wikipedia.org/wiki/Jenn_Brown"}}}], "@context": {"resultScore": "goog:resultScore", "EntitySearchResult": "goog:EntitySearchResult", "kg": "http://g.co/kg", "@vocab": "http://schema.org/", "goog": "http://schema.googleapis.com/", "detailedDescription": "goog:detailedDescription"}, "@type": "ItemList"}