{"itemListElement": [{"resultScore": 16.912952, "@type": "EntitySearchResult", "result": {"@type": ["Person", "Thing"], "detailedDescription": {"articleBody": "Franco Mat\u00edas Di Santo is an Argentine footballer who plays as a striker for Schalke 04 in the Bundesliga.\nDi Santo began his career at Chilean club Audax Italiano, earning a \u00a33.4 million move to Chelsea in 2008 and a first-team place following good form in the reserves. ", "url": "https://en.wikipedia.org/wiki/Franco_Di_Santo", "license": "https://en.wikipedia.org/wiki/Wikipedia:Text_of_Creative_Commons_Attribution-ShareAlike_3.0_Unported_License"}, "description": "Soccer player", "name": "Franco Di Santo", "@id": "kg:/m/02wyvzm", "image": {"contentUrl": "http://t3.gstatic.com/images?q=tbn:ANd9GcSruNiqX5VLzNfnKzyeS0JWpYVwLxUlAs5vBoZAGVATM8TaeTdr", "url": "https://en.wikipedia.org/wiki/Franco_Di_Santo"}}}], "@context": {"resultScore": "goog:resultScore", "EntitySearchResult": "goog:EntitySearchResult", "kg": "http://g.co/kg", "@vocab": "http://schema.org/", "goog": "http://schema.googleapis.com/", "detailedDescription": "goog:detailedDescription"}, "@type": "ItemList"}