{"itemListElement": [{"resultScore": 19.911999, "@type": "EntitySearchResult", "result": {"@type": ["Thing", "Person"], "detailedDescription": {"articleBody": "Lucy Boynton is an American-born English actress. She made her film debut with a leading role in Miss Potter. Boynton starred in Copperhead, Sing Street, Murder on the Orient Express and Apostle. ", "url": "https://en.wikipedia.org/wiki/Lucy_Boynton", "license": "https://en.wikipedia.org/wiki/Wikipedia:Text_of_Creative_Commons_Attribution-ShareAlike_3.0_Unported_License"}, "description": "Actress", "name": "Lucy Boynton", "@id": "kg:/m/02wzphd", "image": {"contentUrl": "http://t2.gstatic.com/images?q=tbn:ANd9GcTELladNXJEBDsubrBnuDF6ZTc9eB3MPvegUwQ3SQINU3X99XTU", "url": "https://commons.wikimedia.org/wiki/File:Miss_Potter_Premiere_(313235051).jpg"}}}], "@context": {"resultScore": "goog:resultScore", "EntitySearchResult": "goog:EntitySearchResult", "kg": "http://g.co/kg", "@vocab": "http://schema.org/", "goog": "http://schema.googleapis.com/", "detailedDescription": "goog:detailedDescription"}, "@type": "ItemList"}