{"itemListElement": [{"resultScore": 13.006614, "@type": "EntitySearchResult", "result": {"@type": ["Person", "Thing"], "detailedDescription": {"articleBody": "Diego Daniel Colotto is an Argentine retired footballer who played as a central defender.\nAfter starting out at Estudiantes he went on to spend most of his professional career in Spain, with Deportivo and Espanyol.", "url": "https://en.wikipedia.org/wiki/Diego_Colotto", "license": "https://en.wikipedia.org/wiki/Wikipedia:Text_of_Creative_Commons_Attribution-ShareAlike_3.0_Unported_License"}, "description": "Soccer player", "name": "Diego Colotto", "@id": "kg:/m/02x0tb9", "image": {"contentUrl": "http://t0.gstatic.com/images?q=tbn:ANd9GcQyoFBObLwgliRuPi-jy8nXG3GJDD0VGf0FMBShm1hRLWrQQCdl", "url": "https://zh.wikipedia.org/zh/File:130911_Colotto.JPG"}}}], "@context": {"resultScore": "goog:resultScore", "EntitySearchResult": "goog:EntitySearchResult", "kg": "http://g.co/kg", "@vocab": "http://schema.org/", "goog": "http://schema.googleapis.com/", "detailedDescription": "goog:detailedDescription"}, "@type": "ItemList"}