{"itemListElement": [{"resultScore": 11.937959, "@type": "EntitySearchResult", "result": {"name": "Vanessa Dorman", "@type": ["Thing", "Person"], "@id": "kg:/m/02x2ff6", "detailedDescription": {"articleBody": "Vanessa Dorman is an American actress, best known for her role as Caitlin Richards Deschanel in the NBC soap opera, Sunset Beach.", "url": "https://en.wikipedia.org/wiki/Vanessa_Dorman", "license": "https://en.wikipedia.org/wiki/Wikipedia:Text_of_Creative_Commons_Attribution-ShareAlike_3.0_Unported_License"}, "description": "American actress"}}], "@context": {"resultScore": "goog:resultScore", "EntitySearchResult": "goog:EntitySearchResult", "kg": "http://g.co/kg", "@vocab": "http://schema.org/", "goog": "http://schema.googleapis.com/", "detailedDescription": "goog:detailedDescription"}, "@type": "ItemList"}