{"itemListElement": [{"resultScore": 18.543316, "@type": "EntitySearchResult", "result": {"@type": ["Thing", "Person"], "detailedDescription": {"articleBody": "Kurt Leon Sutter is an American screenwriter, director, producer, and actor. He worked as a producer, writer, and director on The Shield, and appeared on the show as hitman Margos Dezerian. ", "url": "https://en.wikipedia.org/wiki/Kurt_Sutter", "license": "https://en.wikipedia.org/wiki/Wikipedia:Text_of_Creative_Commons_Attribution-ShareAlike_3.0_Unported_License"}, "description": "American screenwriter", "name": "Kurt Sutter", "@id": "kg:/m/02x2rf9", "image": {"contentUrl": "http://t3.gstatic.com/images?q=tbn:ANd9GcSBi0dx3eYv7WnTHbrdUzENL5jGQNk0KXrVYXvfv6P-WDotnBrD", "url": "https://commons.wikimedia.org/wiki/File:Kurt_Sutter_by_Gage_Skidmore_3.jpg"}}}], "@context": {"resultScore": "goog:resultScore", "EntitySearchResult": "goog:EntitySearchResult", "kg": "http://g.co/kg", "@vocab": "http://schema.org/", "goog": "http://schema.googleapis.com/", "detailedDescription": "goog:detailedDescription"}, "@type": "ItemList"}