{"itemListElement": [{"resultScore": 13.092716, "@type": "EntitySearchResult", "result": {"name": "Philip Anthony-Rodriguez", "@type": ["Person", "Thing"], "@id": "kg:/m/02x26j4", "detailedDescription": {"articleBody": "Philip Anthony-Rodriguez is an American actor and voice actor known for his roles on Jake 2.0 as Kyle Duarte and the voice of disc jockey Maurice Chavez in the 2002 video game Grand Theft Auto: Vice City.", "url": "https://en.wikipedia.org/wiki/Philip_Anthony-Rodriguez", "license": "https://en.wikipedia.org/wiki/Wikipedia:Text_of_Creative_Commons_Attribution-ShareAlike_3.0_Unported_License"}, "description": "American actor"}}], "@context": {"resultScore": "goog:resultScore", "EntitySearchResult": "goog:EntitySearchResult", "kg": "http://g.co/kg", "@vocab": "http://schema.org/", "goog": "http://schema.googleapis.com/", "detailedDescription": "goog:detailedDescription"}, "@type": "ItemList"}