{"itemListElement": [{"resultScore": 12.150573, "@type": "EntitySearchResult", "result": {"@type": ["Person", "Thing"], "detailedDescription": {"articleBody": "Kallum Michael Higginbotham is an English footballer who plays for Dunfermline Athletic, as a winger. He can also play as a striker.\nHigginbotham started his football career as a youth player at Salford City and then in Oldham Athletic's reserve squad. Having failed to break into the first team at Boundary Park, Higginbotham joined League One side Rochdale in 2007. He was later loaned to Accrington Stanley, having fallen out of favour. He joined Scottish First Division side Falkirk in June 2010, where he enjoyed two successful seasons with the club. ", "url": "https://en.wikipedia.org/wiki/Kallum_Higginbotham", "license": "https://en.wikipedia.org/wiki/Wikipedia:Text_of_Creative_Commons_Attribution-ShareAlike_3.0_Unported_License"}, "description": "English soccer player", "name": "Kallum Higginbotham", "@id": "kg:/m/02x3g41", "image": {"contentUrl": "http://t3.gstatic.com/images?q=tbn:ANd9GcTDHpbnHb-nVJIZC9t8inN-WNQBd9jrk5sX8hJWMPoE0Yv9Y2KT", "url": "https://en.wikipedia.org/wiki/Kallum_Higginbotham"}}}], "@context": {"resultScore": "goog:resultScore", "EntitySearchResult": "goog:EntitySearchResult", "kg": "http://g.co/kg", "@vocab": "http://schema.org/", "goog": "http://schema.googleapis.com/", "detailedDescription": "goog:detailedDescription"}, "@type": "ItemList"}