{"itemListElement": [{"resultScore": 14.840688, "@type": "EntitySearchResult", "result": {"name": "Fernando Navarro", "@type": ["Thing", "Person"], "@id": "kg:/m/02x3fpm", "detailedDescription": {"articleBody": "Fernando Navarro Corbacho is a Spanish retired footballer. Mainly a left back, he could also play as a central defender.\nHe spent most of his professional career with Barcelona and Sevilla, winning three major titles with the latter club and playing 412 La Liga matches during 17 seasons, also appearing in the competition for Albacete, Mallorca and Deportivo.\n", "url": "https://en.wikipedia.org/wiki/Fernando_Navarro", "license": "https://en.wikipedia.org/wiki/Wikipedia:Text_of_Creative_Commons_Attribution-ShareAlike_3.0_Unported_License"}, "description": "Spanish soccer player"}}], "@context": {"resultScore": "goog:resultScore", "EntitySearchResult": "goog:EntitySearchResult", "kg": "http://g.co/kg", "@vocab": "http://schema.org/", "goog": "http://schema.googleapis.com/", "detailedDescription": "goog:detailedDescription"}, "@type": "ItemList"}