{"itemListElement": [{"resultScore": 20.672741, "@type": "EntitySearchResult", "result": {"@type": ["Person", "Thing"], "detailedDescription": {"articleBody": "Maxwell M. Scherzer is an American professional baseball pitcher for the Washington Nationals of Major League Baseball. He made his MLB debut as a member of the Arizona Diamondbacks in 2008, and later played for the Detroit Tigers. ", "url": "https://en.wikipedia.org/wiki/Max_Scherzer", "license": "https://en.wikipedia.org/wiki/Wikipedia:Text_of_Creative_Commons_Attribution-ShareAlike_3.0_Unported_License"}, "description": "Baseball pitcher", "name": "Max Scherzer", "@id": "kg:/m/02x3pmp", "image": {"contentUrl": "http://t0.gstatic.com/images?q=tbn:ANd9GcRWwBjMc8XcwSnucDRwQ7wbxgEVYEdw_J92ChYPyCKoCZYl7Ifd", "url": "https://commons.wikimedia.org/wiki/File:Max_Scherzer_2013.jpg"}}}], "@context": {"resultScore": "goog:resultScore", "EntitySearchResult": "goog:EntitySearchResult", "kg": "http://g.co/kg", "@vocab": "http://schema.org/", "goog": "http://schema.googleapis.com/", "detailedDescription": "goog:detailedDescription"}, "@type": "ItemList"}