{"itemListElement": [{"resultScore": 20.309822, "@type": "EntitySearchResult", "result": {"@type": ["Thing", "Person"], "detailedDescription": {"articleBody": "Romain Grosjean is a racing driver, currently racing for the Haas F1 Team. He races under the French flag in Formula One although he was born in Geneva and holds dual Franco-Swiss nationality.\n", "url": "https://en.wikipedia.org/wiki/Romain_Grosjean", "license": "https://en.wikipedia.org/wiki/Wikipedia:Text_of_Creative_Commons_Attribution-ShareAlike_3.0_Unported_License"}, "description": "Racing driver", "name": "Romain Grosjean", "@id": "kg:/m/02x3ww2", "url": "http://www.romaingrosjean.com/", "image": {"contentUrl": "http://t2.gstatic.com/images?q=tbn:ANd9GcQByrbJH_Zra0D72pc0MuBN1k90IRBmgihP3TCwI4BTCASveGIJ", "url": "https://en.wikipedia.org/wiki/File:Romain_Grosjean_Bahrain.jpg"}}}], "@context": {"resultScore": "goog:resultScore", "EntitySearchResult": "goog:EntitySearchResult", "kg": "http://g.co/kg", "@vocab": "http://schema.org/", "goog": "http://schema.googleapis.com/", "detailedDescription": "goog:detailedDescription"}, "@type": "ItemList"}