{"itemListElement": [{"resultScore": 12.884699, "@type": "EntitySearchResult", "result": {"name": "Quinn K. Redeker", "@type": ["Person", "Thing"], "@id": "kg:/m/02x4cb8", "detailedDescription": {"articleBody": "Quinn K. Redeker is an American actor and screenwriter, who is well known for his work on soap operas.", "url": "https://en.wikipedia.org/wiki/Quinn_Redeker", "license": "https://en.wikipedia.org/wiki/Wikipedia:Text_of_Creative_Commons_Attribution-ShareAlike_3.0_Unported_License"}, "description": "American actor"}}], "@context": {"resultScore": "goog:resultScore", "EntitySearchResult": "goog:EntitySearchResult", "kg": "http://g.co/kg", "@vocab": "http://schema.org/", "goog": "http://schema.googleapis.com/", "detailedDescription": "goog:detailedDescription"}, "@type": "ItemList"}