{"itemListElement": [{"resultScore": 18.712627, "@type": "EntitySearchResult", "result": {"@type": ["Person", "Thing"], "detailedDescription": {"articleBody": "Julian David Cope is an English musician, author, antiquarian, musicologist, poet and cultural commentator. Originally coming to prominence in 1978 as the singer and songwriter in Liverpool post-punk band the Teardrop Explodes, he has followed a solo career since 1983 and worked on musical side projects such as Queen Elizabeth, Brain Donor and Black Sheep.\n", "url": "https://en.wikipedia.org/wiki/Julian_Cope", "license": "https://en.wikipedia.org/wiki/Wikipedia:Text_of_Creative_Commons_Attribution-ShareAlike_3.0_Unported_License"}, "description": "Musician", "name": "Julian Cope", "@id": "kg:/m/02x43q", "url": "http://www.headheritage.co.uk/julian_cope/discography/", "image": {"contentUrl": "http://t0.gstatic.com/images?q=tbn:ANd9GcRV3miK-wqlvKQillQ9co-rHAo_jkndVZXuEHXzh4gn1A-7IPBS", "url": "https://commons.wikimedia.org/wiki/File:Julian_Cope.jpg"}}}], "@context": {"resultScore": "goog:resultScore", "EntitySearchResult": "goog:EntitySearchResult", "kg": "http://g.co/kg", "@vocab": "http://schema.org/", "goog": "http://schema.googleapis.com/", "detailedDescription": "goog:detailedDescription"}, "@type": "ItemList"}