{"itemListElement": [{"resultScore": 17.313725, "@type": "EntitySearchResult", "result": {"@type": ["Thing", "Person"], "detailedDescription": {"articleBody": "Larisa Aleksandrovna Dolina is an Azerbaijani-born prominent Russian jazz and pop singer and an actress. She was awarded the Order of Honour in 2005.", "url": "https://en.wikipedia.org/wiki/Larisa_Dolina", "license": "https://en.wikipedia.org/wiki/Wikipedia:Text_of_Creative_Commons_Attribution-ShareAlike_3.0_Unported_License"}, "description": "Azerbaijani-Russian singer", "name": "Larisa Dolina", "@id": "kg:/m/02x6487", "url": "http://larisadolina.com/", "image": {"contentUrl": "http://t2.gstatic.com/images?q=tbn:ANd9GcQ9yuHstrbJBb0qu2w3I6C3BXIOJU6nqgzVuH1KIy1c-Zq3SCya", "url": "https://en.wikipedia.org/wiki/Larisa_Dolina"}}}], "@context": {"resultScore": "goog:resultScore", "EntitySearchResult": "goog:EntitySearchResult", "kg": "http://g.co/kg", "@vocab": "http://schema.org/", "goog": "http://schema.googleapis.com/", "detailedDescription": "goog:detailedDescription"}, "@type": "ItemList"}