{"itemListElement": [{"resultScore": 14.293141, "@type": "EntitySearchResult", "result": {"name": "Rodman Philbrick", "@type": ["Person", "Thing"], "@id": "kg:/m/02x8d_", "detailedDescription": {"articleBody": "Rodman Philbrick is an American writer of novels for adults and children. He was born in Boston, Massachusetts, and currently lives in Maine and Florida. He and Lynn Harnett were married from 1980 until her death in 2012. ", "url": "https://en.wikipedia.org/wiki/Rodman_Philbrick", "license": "https://en.wikipedia.org/wiki/Wikipedia:Text_of_Creative_Commons_Attribution-ShareAlike_3.0_Unported_License"}, "description": "American writer"}}], "@context": {"resultScore": "goog:resultScore", "EntitySearchResult": "goog:EntitySearchResult", "kg": "http://g.co/kg", "@vocab": "http://schema.org/", "goog": "http://schema.googleapis.com/", "detailedDescription": "goog:detailedDescription"}, "@type": "ItemList"}