{"itemListElement": [{"resultScore": 13.261534, "@type": "EntitySearchResult", "result": {"@type": ["Person", "Thing"], "detailedDescription": {"articleBody": "Mark Eugene Gruenwald was an American comic book writer, editor, and occasional penciler known for his long association with Marvel Comics.", "url": "https://en.wikipedia.org/wiki/Mark_Gruenwald", "license": "https://en.wikipedia.org/wiki/Wikipedia:Text_of_Creative_Commons_Attribution-ShareAlike_3.0_Unported_License"}, "description": "American comic book writer", "name": "Mark Gruenwald", "@id": "kg:/m/02xbbb", "image": {"contentUrl": "http://t1.gstatic.com/images?q=tbn:ANd9GcSL4sPperC_nUW1XC4fY6UlLSVQS_r6zy5pU034j4AXya7cbFrp", "url": "https://en.wikipedia.org/wiki/Mark_Gruenwald"}}}], "@context": {"resultScore": "goog:resultScore", "EntitySearchResult": "goog:EntitySearchResult", "kg": "http://g.co/kg", "@vocab": "http://schema.org/", "goog": "http://schema.googleapis.com/", "detailedDescription": "goog:detailedDescription"}, "@type": "ItemList"}