{"itemListElement": [{"resultScore": 12.82622, "@type": "EntitySearchResult", "result": {"@type": ["Person", "Thing"], "detailedDescription": {"articleBody": "Vikas Sethi is an Indian actor. He played the lead role in the 2003 adult drama film Oops!, he went on to play supporting roles in numerous hit TV series and Bollywood films. ", "url": "https://en.wikipedia.org/wiki/Vikas_Sethi", "license": "https://en.wikipedia.org/wiki/Wikipedia:Text_of_Creative_Commons_Attribution-ShareAlike_3.0_Unported_License"}, "description": "Indian actor", "name": "Vikas Sethi", "@id": "kg:/m/02xb5fg", "image": {"contentUrl": "http://t3.gstatic.com/images?q=tbn:ANd9GcTB0PH7Dk00_R9mPr3u7_JAdH_-qtfHNYqOvcRmM4Fg6JzPEUnd", "url": "https://en.wikipedia.org/wiki/Vikas_Sethi"}}}], "@context": {"resultScore": "goog:resultScore", "EntitySearchResult": "goog:EntitySearchResult", "kg": "http://g.co/kg", "@vocab": "http://schema.org/", "goog": "http://schema.googleapis.com/", "detailedDescription": "goog:detailedDescription"}, "@type": "ItemList"}