{"itemListElement": [{"resultScore": 12.001818, "@type": "EntitySearchResult", "result": {"name": "Wasna Ahmed", "@type": ["Person", "Thing"], "@id": "kg:/m/02xb5bq", "detailedDescription": {"articleBody": "Wasna Ahmed is an Indian television actress. She made her debut with the role of Dhara in Kasautii Zindagii Kay. She also played titular character in Shree.", "url": "https://en.wikipedia.org/wiki/Wasna_Ahmed", "license": "https://en.wikipedia.org/wiki/Wikipedia:Text_of_Creative_Commons_Attribution-ShareAlike_3.0_Unported_License"}, "description": "Indian television actress"}}], "@context": {"resultScore": "goog:resultScore", "EntitySearchResult": "goog:EntitySearchResult", "kg": "http://g.co/kg", "@vocab": "http://schema.org/", "goog": "http://schema.googleapis.com/", "detailedDescription": "goog:detailedDescription"}, "@type": "ItemList"}