{"itemListElement": [{"resultScore": 12.878321, "@type": "EntitySearchResult", "result": {"name": "Zana Muhsen", "@type": ["Thing", "Person"], "@id": "kg:/m/02xc8_f", "detailedDescription": {"articleBody": "Zana Muhsen is a British author known for her book Sold: Story of Modern-day Slavery and its follow-up A Promise to Nadia. The books narrate the experiences that she and her sister Nadia went through after they were sold into marriage by their father, Muthanna Muhsen, a Yemeni \u00e9migr\u00e9.", "url": "https://en.wikipedia.org/wiki/Zana_Muhsen", "license": "https://en.wikipedia.org/wiki/Wikipedia:Text_of_Creative_Commons_Attribution-ShareAlike_3.0_Unported_License"}, "description": "British author"}}], "@context": {"resultScore": "goog:resultScore", "EntitySearchResult": "goog:EntitySearchResult", "kg": "http://g.co/kg", "@vocab": "http://schema.org/", "goog": "http://schema.googleapis.com/", "detailedDescription": "goog:detailedDescription"}, "@type": "ItemList"}